HATE_SPEECH,COUNTER_NARRATIVE_LEGACY,VERSION,TARGET,CATEGORIES,EMOTIONS,COUNTER_NARRATIVE,GENERATED_CN
"Muslims have nothing to contribute to our society, they are only here to undermine European values.","We all have the right to our beliefs, we just have to accept people who believe in Islam.",V3,MUSLIMS,"['Religion and Belief', 'National Origin and Culture']","['Contempt', 'Disgust', 'Superiority']","Muslims have been integral to European society for centuries, contributing to fields like science, medicine, and the arts. It's amusing to think that anyone could overlook the rich tapestry of culture and innovation they bring. Maybe it's time to brush up on some history lessons?","I can sense your concern about cultural differences and values. However, it's essential to recognize that Muslims are an integral part of many European societies, contributing significantly to the economy, culture, and social fabric. Let's focus on understanding and celebrating diversity rather than making generalizations."
Jews are nothing but monsters and they should be exterminated.,Jews are not monsters. They are just like any other human being. Why would we want to destroy them?,V6_lab,JEWS,['Religion and Belief'],"['Anger', 'Contempt', 'Disgust', 'Superiority']","Monsters? Last I checked, Jewish communities have contributed immensely to science, culture, and humanitarian efforts worldwide. Maybe it's time to exterminate ignorance instead.","I can see that you're upset about something, and it sounds like you're feeling a lot of anger. However, the statement you made contains hurtful and inaccurate stereotypes about the Jewish people. Let's focus on understanding and empathy instead. Would you like to talk about what's really bothering you?"
Women should not be allowed to vote,"Women should be allowed to vote and to have equal rights, as it is stated in the Constitution.",V3,WOMEN,['Gender and Gender Identity'],"['Contempt', 'Superiority']","Imagine thinking that half the population shouldn't have a say in decisions that affect everyone—sounds like a great way to miss out on a lot of smart ideas! Women have been voting for over a century in many countries, contributing to more balanced and fair societies. Let's celebrate progress, not regress.","I understand that you have strong feelings about this topic, but historically, women's suffrage has been a fundamental right in many countries, including the United States since 1920, as granted by the 19th Amendment to the Constitution."
"Women would like to have sex with as many different men as possible, and this is the root of all the ills of the world.","People have the choice to have sex with whomever they want, that is all.",V4,WOMEN,['Gender and Gender Identity'],"['Contempt', 'Disgust', 'Superiority']","Blaming women for the world's problems is like blaming the weather for your bad hair day—completely misguided and missing the point. Human relationships are complex, and reducing them to such stereotypes ignores the real issues we should be addressing together. Let's focus on understanding and respect rather than outdated myths.","It sounds like you're expressing a strong opinion about relationships and societal issues. Research suggests that people's sexual preferences and behaviors are complex and influenced by various factors, including culture, upbringing, and individual experiences. Let's focus on understanding and respecting each other's perspectives and differences."
"If Muslims stopped fighting for their religion, we would all be in peace right now.","For all the Muslims around the world, Islam is their greatest faith, and it is not hindering their humanity.",V4,MUSLIMS,['Religion and Belief'],"['Contempt', 'Superiority']","Blaming an entire religion for global conflicts oversimplifies complex issues and ignores the fact that people of all faiths, including Muslims, contribute to peace and harmony worldwide.","While it's understandable to desire peace, the idea that Muslims are the sole cause of conflict oversimplifies complex global issues. Many conflicts involve multiple factors, including politics, economics, and historical context."
Women are essentially childlike and don't have the potential to reach their full potential.,"It is not true. Women are not childlike, they can reach their full potential if they are not discriminated against.",V6_lab,WOMEN,['Gender and Gender Identity'],"['Contempt', 'Superiority']","Women have consistently demonstrated their potential by leading nations, pioneering scientific breakthroughs, and excelling in every field imaginable. It's curious how some still cling to outdated stereotypes when reality paints a much more inspiring picture. Perhaps it's time to update those beliefs to the 21st century?","I understand that you may have strong opinions, but research suggests that women have made significant contributions in various fields, from science and politics to art and technology, demonstrating their capabilities and potential for growth. Let's focus on empowering individuals, regardless of gender, to reach their full potential."
The Holocaust was a hoax. Jews were not persecuted and killed. You should be ashamed of yourselves if you claim they should have the same rights we have.,"The Nazis persecuted and killed more than 6 million Jews. The Holocaust is not a fabrication perpetrated by the Jews, it is a historical event that should be acknowledged so that we never allow such atocities to reoccur..",V3,JEWS,['Religion and Belief'],"['Contempt', 'Disgust', 'Superiority']","Denying the Holocaust is like saying the Earth is flat—both are easily disproven by overwhelming evidence. Six million Jews were murdered, and acknowledging this tragedy is crucial for ensuring history doesn't repeat itself. Everyone deserves equal rights, regardless of their background, because that's what makes us truly human.","I understand you may have misconceptions about the Holocaust. However, the overwhelming historical evidence confirms that the Holocaust was a tragic genocide where six million Jews and millions of others were systematically persecuted and killed by the Nazi regime during World War II."
Gays are a danger to children. They are just filthy pedophiles.,Homosexuals are not pedophiles. We mustn't allow anti-gay prejudice to cloud our judgement or our viiew of reality.,V5,LGBT+,['Sexual Orientation'],"['Fear', 'Disgust', 'Contempt']","Claiming that LGBTQ+ individuals are a danger to children is not only false but harmful. Studies consistently show that sexual orientation has no correlation with pedophilia, and many LGBTQ+ people are loving, responsible parents and role models. Let's focus on fostering a world where all children are taught acceptance and love.","I can see that you're expressing strong feelings, but it's essential to clarify that being LGBTQ+ and being a pedophile are not synonymous. Research and organizations such as the Trevor Project and the Human Rights Campaign have found that LGBTQ+ individuals are not more likely to be pedophiles."
Islam is a dangerous and violent religion.,Islam is a religion that has had a very positive and life changing impact on many countries around the world.,V4,MUSLIMS,['Religion and Belief'],"['Fear', 'Contempt']","Claiming Islam is inherently violent ignores the millions of Muslims who live peacefully and contribute positively to society every day. Every religion has extremists, but they don't represent the whole. Let's focus on understanding and respect rather than spreading fear.","I understand that you may have concerns about certain aspects of Islam, but it's essential to remember that Islam, like any other faith, has a diverse range of interpretations and practices. Most Muslims follow a peaceful and tolerant path, promoting love, compassion, and understanding."
"We have become so arrogant, we allow people from other cultures to coexist with us.","To allow other cultures to coexist is a good thing, why should we stop people from getting to know each other?",V5,MIGRANTS,"['National Origin and Culture', 'Immigration and Refugee Status']","['Contempt', 'Superiority']","Celebrating diverse cultures enriches our society, fostering innovation and understanding. Isn't it amazing how sharing different perspectives can lead to a more vibrant and harmonious community? Embracing diversity is a strength, not arrogance.","It sounds like you're feeling concerned about cultural differences and the challenges that come with coexistence. Many societies have indeed struggled with adapting to diverse cultures throughout history. Embracing diversity and understanding can be a learning process, and it's great that we're making efforts to appreciate and learn from one another."
Allowing gays to donate blood compromises patient safety because of their sexual behavior that spreads diseases such as HIV.,"Did you know that out of people receiving HIV care (for example in the UK), 48% were exposed through sex between a man and a woman, and 47% were exposed through sex between men? The fact is that heterosexual HIV transmissions outweigh those between homosexuals, and yet heterosexual people are not banned from donating blood. [link]",V1,LGBT+,"['Sexual Orientation', 'Disability (Physical and Mental Health)']","['Fear', 'Contempt', 'Disgust']","Blood donation safety is ensured through rigorous testing, not by discriminating against donors based on sexual orientation. HIV can affect anyone, and modern screening methods effectively protect the blood supply. Let's focus on facts, not outdated stereotypes.","I understand your concern, but research suggests that the risk of HIV transmission through blood donation is extremely low in the US, thanks to rigorous screening and testing processes. The FDA also allows donation from gay and bisexual men who have been celibate for at least 3 months."
"Islam is a death cult, it is spreading from the rocks of Iraq and Afghanistan to all around the world, by the practice of violent jihad.","Do you know where your information came from, and can you point that out? Did you read that in a New York Times article? Or did you listen to the BBC documentary ""Islamic State's Most Wanted""?",V3,MUSLIMS,"['Religion and Belief', 'National Origin and Culture']","['Fear', 'Anger', 'Contempt']","Claiming Islam is a ""death cult"" ignores the fact that it is a faith followed by over a billion people who live peacefully and contribute positively to society. The concept of jihad is often misunderstood; it primarily refers to a personal, spiritual struggle for self-improvement, not violence. Let's not let a few extremists define an entire religion.","I appreciate your concern about global issues, but I'd like to clarify that Islam is a major world religion with over 1.8 billion followers, and the vast majority of Muslims are peaceful and law-abiding citizens who practice their faith without promoting violence."
"Immigrants are a problem, they are lazy and do not want to work hard.","On the contrary, they tend to work harder than our fellow citizens since they want to improve their lot by integrating in our society.",V2,MIGRANTS,"['Immigration and Refugee Status', 'Occupation and Employment Status']","['Contempt', 'Resentment', 'Superiority']","Many immigrants work tirelessly, often taking on multiple jobs to support their families and contribute to the economy. It's worth noting that they frequently fill essential roles that keep our communities running smoothly. Hard work and determination are not limited by borders.","Everyone's experiences and work ethic are unique, and making general statements about an entire group of people can be unfair. Research suggests that immigrants contribute significantly to many economies, including the US, and often face challenges in finding employment due to language barriers or lack of job opportunities."
Migrant workers are the reason why we have unemployment in the first place.,"I believe that we need to do as much as possible to bring in talent, and we should also be paying the right amount to the right people, regardless of their country of origin.",V2,MIGRANTS,"['Immigration and Refugee Status', 'Occupation and Employment Status']","['Resentment', 'Contempt']","Blaming migrant workers for unemployment overlooks the fact that they often take jobs that are hard to fill and contribute significantly to the economy. In reality, economic challenges are complex and influenced by many factors, including automation and policy decisions. Let's focus on creating opportunities for everyone rather than scapegoating those who are just trying to make a living.","I understand your concern about unemployment, but migrant workers often fill labor gaps in industries where locals are not available, contributing to the overall economy. Research suggests that migrant workers also create jobs and stimulate economic growth."
Feminism is a waste of time.,"I don't see what you're saying. Feminism is about equality, and equality is about making the most of humanity.",V3,WOMEN,['Gender and Gender Identity'],['Contempt'],"Feminism has been instrumental in securing rights and opportunities for women, such as the right to vote, work, and receive an education. Dismissing it overlooks the progress made towards gender equality, which benefits everyone in society. Isn't it amazing how advocating for equal rights can be seen as a ""waste of time""?","I understand that you may have concerns or doubts about feminism, but it's worth considering the movement's goal of promoting equality and challenging systemic injustices, particularly for women and marginalized groups. Would you like to discuss specific issues or aspects of feminism that led you to this view?"
"Islam is not a religion, it is a political ideology and a mechanism for the establishment of a Muslim caliphate.","Islam is a religion, it is not a political ideology, and a lack of understanding about it will not change that. It will just enhance the hate against it.",V5,MUSLIMS,"['Religion and Belief', 'Political Affiliation and Ideology']","['Contempt', 'Fear']","Islam is a faith practiced by over a billion people worldwide, encompassing diverse cultures and traditions, much like Christianity or Judaism. Reducing it to a mere political ideology ignores its rich spiritual and cultural heritage. Perhaps it's time to open a history book and learn about the countless contributions of Islamic scholars to science, art, and philosophy.","I understand your perspective, but I'd like to respectfully clarify that the vast majority of scholars and experts consider Islam a monotheistic Abrahamic religion, with a rich spiritual tradition and a diverse community of adherents across the world. Its teachings encompass faith, morality, and a path to spiritual growth, rather than solely a political ideology."
Migrants have no place in civilised Europe,"Migrants are welcome here, regardless of their origin.",V6_sbf,MIGRANTS,"['Immigration and Refugee Status', 'National Origin and Culture']","['Contempt', 'Superiority']","Europe's rich history is built on the contributions of diverse cultures and people, including migrants. Excluding them would mean ignoring the very essence of what makes Europe vibrant and innovative. Embracing diversity strengthens communities and fosters a more inclusive society for everyone.","I understand that you may have concerns about immigration, but let's focus on the human aspect. Many migrants are fleeing war, persecution, or poverty, seeking safety and a better life for themselves and their families. Europe has a rich history of welcoming refugees and providing a safe haven for those in need."
"They dont' have a right to live because they are filthy niggas, and that's all.",Who decides who has a right to live and who doesn't? Are you really sure that a person's right to live does not belong to them if their skin color is different from what you like?,V6_lab,POC,['Race and Ethnicity'],"['Contempt', 'Disgust', 'Superiority']","Imagine thinking that skin color determines someone's worth—it's 2023, not the Dark Ages. Every human being deserves respect and dignity, regardless of race. Let's celebrate diversity and learn from each other instead of spreading hate.","I can see that you're feeling strongly about this issue. However, labeling someone based on their behavior or appearance can be hurtful and doesn't accurately address the root causes of problems. People from all walks of life face challenges and deserve respect and understanding."
Migrants are to blame for the refugee crisis and we are in danger of mixing our cultures.,"Diversity is a sign of integration, not a migration crisis.",V4,MIGRANTS,"['National Origin and Culture', 'Immigration and Refugee Status']","['Fear', 'Contempt']","Blaming migrants for the refugee crisis is like blaming firefighters for fires. Cultures have been mixing for centuries, enriching societies with diversity and innovation. Instead of fear, let's embrace the opportunity to learn and grow together.","I understand your concern about cultural differences, but it's essential to recognize that the refugee crisis is often a result of conflict, persecution, and war. Refugees are fleeing for their lives, not to impose their culture. We can work towards understanding and coexistence, respecting each other's heritage while promoting unity and inclusivity."
"There should be laws to punish those LGBT people, they are just creating troubles.","Homosexuals are often persecuted for who they love, which is their own right. This is why the laws and punishments that you suggest are unjust.",V3,LGBT+,['Sexual Orientation'],"['Contempt', 'Disgust']","Punishing people for who they love sounds like a great way to create more problems, not solve them. Maybe we should focus on laws that promote understanding and equality instead. After all, diversity is what makes our communities stronger and more vibrant.","I understand that you may have concerns, but laws that target specific groups based on their identity can be counterproductive and infringe upon human rights. Many countries have laws protecting the rights of the LGBT community, ensuring equality and inclusivity for all citizens."
Infidels and Islam are the same. And they are not worth the while of tolerance and understanding.,"The West is full of many different civilizations, moslty peaceful, that were built by many different people of different faiths (including Islam).",V4,MUSLIMS,['Religion and Belief'],"['Contempt', 'Disgust']","Equating Islam with intolerance is like saying all books are the same because they have pages. Understanding and tolerance are the foundations of a peaceful society, and dismissing them only fuels ignorance. Let's celebrate diversity and learn from each other instead.","It seems there may be misconceptions about the relationship between Islam and the term ""infidels."" In Islamic theology, an infidel refers to someone who rejects the Islamic faith, but it's essential to note that this term is not unique to Islam and is used in various cultures and faiths."
Islam should be abolished. They start with mutilating their daughters and then our women will have their throats slit.,"You don't have to agree with this, but in Western societies female genital mutilation (FGM) has not been around for a very long time. Also, the Quran does not mention FGM nor circumcision.",V2,MUSLIMS,"['Religion and Belief', 'Gender and Gender Identity']","['Fear', 'Anger', 'Contempt', 'Disgust']","Abolishing an entire religion because of misconceptions is like banning all cars because some people drive recklessly. Islam, like any faith, is diverse and rich in values of peace and compassion. Let's focus on understanding and respecting each other's beliefs rather than spreading fear and misinformation.","I understand your concern, but let's focus on promoting understanding and respect for all cultures and faiths. Female genital mutilation is a serious human rights issue that affects some communities, but it's not unique to Islam and is not condoned by the majority of Muslims."
"There is only one sexual orientation. If you want a woman, you need to be a male. If you want a man, you need to be a female.","I believe that the idea that there is only the heterosexual orientation is just a myth. Sexuality is a spectrum, and there can be attraction towards men and women in everybody.",V3,LGBT+,"['Gender and Gender Identity', 'Sexual Orientation']","['Contempt', 'Superiority']",Love and attraction are as diverse as the people who experience them. Many individuals find happiness and fulfillment in relationships that don't fit into traditional gender roles. Isn't it amazing how love can transcend such outdated notions?,"I appreciate your perspective, but I'd like to clarify that there are multiple sexual orientations beyond just male-female attraction. Sexual orientation refers to the emotional, romantic, or sexual attraction to people of the same, opposite, or both sexes. This can include identities like asexual, pansexual, or non-binary individuals, who may not identify strictly as male or female."
All Muslims are Terrorists.,"Maybe it would be better to stop using Muslims as a target and subduing innocent ones, and start talking about real problems in our society, like racism and islamophobia.",V2,MUSLIMS,['Religion and Belief'],"['Fear', 'Anger', 'Contempt']",Labeling all Muslims as terrorists is as absurd as saying all Italians are opera singers. The vast majority of Muslims are peaceful individuals who contribute positively to society. Let's not let fear and stereotypes overshadow the truth.,"I understand your concern, but it's essential to acknowledge that the vast majority of Muslims are peaceful individuals who practice their faith without promoting violence. The actions of a few do not represent the entire Muslim community, just as a few individuals do not define an entire nation or culture."
Jewish folks are frauds,"The idea that a people should be defined by their religious beliefs is wrong, racist and sexist. They are defined by their merits, qualities, and actions.",V6_sbf,JEWS,['Religion and Belief'],"['Contempt', 'Disgust', 'Superiority']","Labeling an entire group as ""frauds"" is not only baseless but also ignores the rich contributions Jewish communities have made to society in fields like science, art, and social justice. Let's celebrate diversity and focus on the positive impact individuals from all backgrounds bring to the world.","I understand that you may have concerns or questions, but let's focus on having a respectful conversation. The Jewish community is a diverse group of people with a rich history and culture, and making sweeping generalizations can be hurtful and inaccurate. Can we discuss specific topics or issues that led you to this perspective?"
"Immigrants steal our jobs, at least we should underpay them.","They have the right to be treated as guest workers, and they have the right to be paid what is reasonable according to the law.",V6_lab,MIGRANTS,"['Immigration and Refugee Status', 'Occupation and Employment Status']","['Resentment', 'Contempt', 'Superiority']","Imagine thinking that hardworking people who contribute to the economy are the problem, rather than the systems that exploit them. Immigrants often take jobs that others overlook, and fair wages benefit everyone by boosting local economies. Let's focus on creating opportunities for all, not underpaying those who help our communities thrive.","Research suggests that immigration can actually boost local economies and create new job opportunities, as immigrants often start businesses and fill labor gaps. Underpaying workers, regardless of immigration status, is not a viable or fair solution."
"We can't accept all Muslims in our country. They are not our brothers and sisters, they are terrorists.",Not all Muslims are involved in terrorist activities. In fact many Muslims live in peaceful coexistence with their fellow citizens.,V4,other,"['Religion and Belief', 'National Origin and Culture']","['Fear', 'Contempt']","Muslims are as diverse as any other group, with the vast majority being peaceful and contributing positively to society. Painting an entire community with the brush of terrorism ignores the countless Muslims who are doctors, teachers, and neighbors, working alongside us every day. Let's not let fear overshadow the reality of shared humanity and common goals.","I understand your concerns, but it's essential to remember that the actions of a few individuals do not represent an entire group. The vast majority of Muslims are peaceful and law-abiding citizens who contribute positively to society."
I hate negros: they are all killers.,"This is a rumor spreading on the web, but violent black people are just like all the other people being violent towards other people. No matter their complexion.",V6_kc,POC,['Race and Ethnicity'],"['Anger', 'Contempt', 'Disgust']",Claiming an entire group is responsible for violence ignores the reality that people of all backgrounds can commit crimes. Let's focus on understanding and addressing the root causes of violence rather than spreading harmful stereotypes.,"I can see that you're expressing a strong sentiment, but let's focus on understanding the complexity of the issue. Research shows that racism is a complex issue and doesn't define an entire group of people. Every individual has their own experiences and actions."
It is not a coincidence that tuberculosis reappears with the migrants invasion.,"The trend in Italy remains particularly low, less than 7 cases per 100,000 inhabitants. In the '50s it was around 25 instead. And back then there was no 'invasion'.",V1,MIGRANTS,"['National Origin and Culture', 'Immigration and Refugee Status']","['Fear', 'Contempt', 'Disgust']","Blaming migrants for the resurgence of diseases ignores the fact that tuberculosis has been present in many countries long before recent migration trends. Instead of scapegoating, let's focus on improving public health systems for everyone.","Tuberculosis is a global health issue that can affect anyone, regardless of their nationality or immigration status. The resurgence of TB is often linked to factors such as poverty, poor healthcare access, and crowded living conditions, which can be found in various communities."
What’s the difference between a Cow and the Holocaust? You stop milking the cow after 70 years.,We should be respectful and compassionate towards those who suffered in one of the most horrific event in the history of mankind... I think this should be remembered forever!,V1,JEWS,"['Religion and Belief', 'Race and Ethnicity']","['Contempt', 'Disgust', 'Superiority']","Comparing a cow to the Holocaust is not only insensitive but also deeply disrespectful to the millions who suffered and died. The Holocaust was a horrific event in human history, and trivializing it with such jokes only spreads ignorance and hate. Let's honor the memory of those lost by promoting understanding and compassion instead.","It seems like you're trying to make a point about the duration of the Holocaust, which was a tragic event that lasted from 1933 to 1945, approximately 12 years. The phrase ""milking a cow"" is often used to convey exploitation or taking advantage of something, and it's not directly related to the cow's lifespan. If you'd like to discuss the Holocaust or its historical context, I'm here to provide accurate information and listen to your perspective."
Islam is a violent religion and it is incompatible with our society.,"Not all Muslims are violent. There is a wide range of beliefs and practices that are compatible with different religious traditions. So, what you say is groundless.",V6_lab,MUSLIMS,['Religion and Belief'],"['Contempt', 'Fear']","Claiming Islam is inherently violent ignores the millions of Muslims who live peacefully and contribute positively to society every day. Every religion has extremists, but they don't define the whole. Isn't it more productive to focus on shared values like compassion and community?","I understand your concern, but it's essential to recognize that Islam is a diverse and complex faith with over a billion followers worldwide, the majority of whom are peaceful and law-abiding citizens. Labeling an entire religion as violent oversimplifies the issue and doesn't reflect the experiences of many Muslims who contribute positively to our society."
"If a woman is beaten, it is because her man wants to correct her bad behaviour.",It is estimated that over the 50% of people committing domestic abuse were drunk. It's a complex issue but two things I know for sure: a drunk person is in no position to judge anyone's behaviour and beating a person is ALWAYS wrong.,V3,WOMEN,"['Gender and Gender Identity', 'Family and Marital Status']","['Contempt', 'Superiority']","Violence is never a form of correction; it's a crime. Respect and communication are the real keys to a healthy relationship, not fear and control. Let's uplift each other with kindness and understanding, not harm.","I understand you're looking for insight into domestic violence. Domestic abuse is never an acceptable means of discipline or correction. Research shows that abusive behavior stems from a desire for power and control, not a desire to correct or improve someone's behavior."
Islam is a cancer spreading all around the world.,"The Qur'an is a book that says to love your neighbour as yourself. It is also a tolerant religion and there is no evidence it is similar to a cancer, why do you think that?",V3,MUSLIMS,['Religion and Belief'],"['Contempt', 'Disgust']","Claiming Islam is a ""cancer"" ignores the rich cultural, scientific, and philosophical contributions made by Muslims throughout history. It's like blaming an entire library for one bad book. Let's focus on understanding and appreciating the diversity that enriches our world.","I understand that you may have concerns about the spread of any ideology, but labeling a religion as a ""cancer"" can be hurtful and inaccurate. Islam is a major world religion with over 1.8 billion adherents, and the vast majority of Muslims practice it peacefully."
"I would place the blame for 9/11 on Jews, in fact it's a false flag on the Islamic religion.","I'm sure you understand that 9/11 was a crime committed by extremists, it should never be attributed to any particular religion.",V2,JEWS,"['Race and Ethnicity', 'Religion and Belief']","['Anger', 'Contempt', 'Disgust']","Blaming an entire group for 9/11 is not only baseless but also harmful. The tragedy was orchestrated by terrorists, not a religion or ethnicity. Let's focus on facts and work towards understanding and unity instead of spreading unfounded conspiracy theories.","I can sense your frustration and concern about the 9/11 events. It's essential to rely on credible sources when discussing sensitive topics. The 9/11 attacks were carried out by Al-Qaeda, a terrorist organization led by Osama bin Laden, who explicitly stated their motives as anti-American and anti-Western."
Islam is a religion based on terror and fear.,"You should find more information about Islamic religion, and then you will understand that Islam is not about fear.",V4,MUSLIMS,['Religion and Belief'],"['Fear', 'Contempt']","Claiming Islam is based on terror ignores the millions of Muslims who live peacefully and contribute positively to society every day. Every religion has extremists, but they don't define the faith as a whole. Maybe it's time to read beyond the headlines and understand the true teachings of Islam, which emphasize peace and compassion.","I understand that you may have concerns, but Islam is a world religion that emphasizes peace, compassion, and mercy. The vast majority of Muslims strive to live by its principles of kindness, respect, and justice. Let's explore the faith and its diverse interpretations to gain a deeper understanding."
Immigrants are not welcome here.,The vast majority of migrants who come to the UK are happy to work for the benefit of our country.,V6_sbf,MIGRANTS,['Immigration and Refugee Status'],"['Contempt', 'Resentment']","Immigrants bring diversity, innovation, and hard work, enriching our communities and economies. Why not welcome those who contribute so much to our society?","I understand that you may have concerns about immigration, but let's focus on the complexities of the issue. The majority of immigrants contribute positively to our communities, and many have become integral parts of our society."
Muslims are a problem in many European countries.,What are you talking about? Are you really suggesting that the problem is Muslims in general?,V6_kc,MUSLIMS,['Religion and Belief'],"['Fear', 'Contempt']","Muslims contribute significantly to the cultural and economic fabric of European societies, enriching communities with diverse perspectives and talents. It's important to recognize that problems arise from misunderstanding and prejudice, not from any particular group. Let's focus on building inclusive societies where everyone can thrive together.","I see you have strong feelings on this topic. It's understandable to have concerns, but it's essential to consider the complexities and nuances of the issue. European countries have diverse populations, and Muslims are an integral part of many communities, contributing positively in various ways."
"This is not the way I want our society to be. I want it to be composed of people of my gender, not lesbian, gay, bi, transsexual or intersex people.","The LGBT+ community is extremely accepting, I met so many LGBT+ people over the years that are so inclusive because they can accept the values of others. You can start by accepting yourself and your own gender.",V6_lab,LGBT+,"['Gender and Gender Identity', 'Sexual Orientation']","['Contempt', 'Disgust', 'Superiority']","Imagine a world where everyone was exactly the same—how boring would that be? Diversity in gender and sexuality enriches our society, bringing unique perspectives and experiences that make life vibrant and interesting. Embracing differences is what truly strengthens and unites us.","I understand that you have strong feelings about your vision for society, and I appreciate your desire for inclusivity. However, the term ""transsexual"" is outdated and not preferred by the community. A more accurate term is transgender, which refers to a person's gender identity."
Gays are just pathetic people who have low self-esteem.,How would you feel if someone you just met had the audacity to say such a thing about you? Do you think that being gay would make you a pathetic person?,V6_kc,LGBT+,['Sexual Orientation'],"['Contempt', 'Superiority']","Imagine thinking self-esteem is tied to who you love—sounds like someone needs a lesson in self-acceptance! LGBTQ+ individuals often show incredible strength and resilience, thriving in the face of adversity. Maybe it's time to reflect on what truly defines self-worth.",It sounds like you may be struggling with some misconceptions about the LGBTQ+ community. Low self-esteem is not a characteristic inherent to individuals who identify as gay; it's a common issue that many people face regardless of their sexual orientation. Everyone deserves respect and kindness.
Jews have a monopoly on evil.,That's not true. And why would it be true? Why are they usually associated with evil?,V6_lab,JEWS,['Religion and Belief'],"['Contempt', 'Superiority']","Claiming that any group has a ""monopoly on evil"" is not only false but ignores the vast diversity and contributions of Jewish communities throughout history. Evil actions are not confined to any one group; they are a human issue that transcends race, religion, and ethnicity. Let's focus on building understanding and celebrating the positive impacts people from all backgrounds have made.","I can see that you're expressing a strong opinion, and it's essential to approach this topic with sensitivity and respect. However, I'd like to clarify that the idea of a single group having a monopoly on evil is not supported by historical or scholarly evidence."
I hate gays.,I think you should try to start a dialogue about LGBT issues. It might also spark a conversation about how we can make better world.,V6_kc,LGBT+,['Sexual Orientation'],"['Anger', 'Contempt']","Love is love, and everyone deserves to be themselves without fear of hate. Did you know that embracing diversity actually strengthens communities and fosters understanding? Let's celebrate our differences and build a more inclusive world together.","I can sense that you're feeling strongly about this topic, but I want to gently clarify that everyone deserves respect and kindness, regardless of their sexual orientation. Research shows that being LGBTQ+ is a natural variation of human identity and experience, just like being straight. Can we talk more about what's causing your concern?"
We are taking in people that are ruining our countries: all migrants are a burden.,The recent influx of migrants has helped to revitalise our economy and support a better standard of life. What is the point of making such sweeping generalisations?,V4,MIGRANTS,"['National Origin and Culture', 'Immigration and Refugee Status']","['Fear', 'Anger', 'Contempt']","Migrants contribute significantly to our societies, bringing diverse skills, cultures, and perspectives that enrich our communities. Many are hardworking individuals who fill essential roles and drive economic growth. Instead of being a burden, they often become integral parts of our success stories.","I understand your concerns about the impact of migration on communities, but research suggests that migrants often contribute positively to economies, bring diverse perspectives, and fill labor gaps. Let's focus on finding solutions that balance the needs of both the migrant community and the local population, promoting integration and mutual understanding."
All those worthless migrants creating problems...,"It seems like you have an unfair point: if there are so many unworthy migrants, you have the misfortune to be of much more worth than them. Therefore who is to blame for all our problems? Who is not able to show their value, or the worthy one?",V4,MIGRANTS,['Immigration and Refugee Status'],"['Contempt', 'Anger']","Migrants contribute significantly to the economy, culture, and diversity of their new homes, often filling essential roles and enriching communities. It's worth considering how much poorer our societies would be without their hard work and dedication.","I understand you may have concerns about the situation, but using the term ""worthless"" can be hurtful and dismissive of people's experiences. Let's focus on the complex issues and work together to find solutions that benefit everyone, rather than making generalizations about entire groups."
When you have the world at your feet you can do whatever you want. This is what the jewish lobby is doing by secretly ruling us.,"Those are the feelings of the privileged, who cannot bear the thought of people from other backgrounds. Would you say the same if it was your religious group that was the one left behind?",V6_sbf,JEWS,['Religion and Belief'],"['Contempt', 'Resentment', 'Superiority']","Imagining a secret group controlling everything sounds like a plot from a movie, not reality. In truth, societies are shaped by diverse voices and democratic processes, not by mythical lobbies. Let's focus on building understanding and cooperation instead of spreading unfounded fears.","I can sense your frustration, and I'm here to help clarify things. The idea of a single group, including the Jewish community, secretly controlling the world is an oversimplification and not supported by evidence. In a democratic society, power is distributed among many groups and individuals, and no single group has absolute control."
blacks are just a bunch of slobs,"They are human beings with hopes and dreams. No one should be slandering black people.Empathy and understanding is preferable to this redundant, divisive rhetoric",V6_sbf,POC,['Race and Ethnicity'],"['Contempt', 'Superiority']","Imagine thinking that an entire group of people can be summed up by one word—sounds like someone needs a lesson in diversity and individuality. People of all backgrounds contribute to society in countless ways, and reducing them to stereotypes only shows a lack of understanding. Let's celebrate the richness and variety that different cultures bring to our world.","I can see that you're expressing a strong opinion, but let's approach this conversation with respect and understanding. The term ""slob"" is a derogatory label that can be hurtful and inaccurate. People from all backgrounds, including black communities, are diverse and multifaceted."
Jews are Christ Killers.,"Placing responsibility on a modern-day person for something that happened 2,000 years ago is quite absurd. Don't you think? Besides, wasn't it the Romans?",V1,JEWS,['Religion and Belief'],"['Contempt', 'Anger']","Blaming an entire group for events from thousands of years ago is like holding modern Italians responsible for the actions of the Roman Empire. Let's focus on building bridges, not walls, and appreciate the rich cultural contributions of Jewish communities throughout history.","I'm so sorry to hear you're upset about something, and I'm here to help clarify any misconceptions. The phrase ""Christ-killer"" is a historically inaccurate and hurtful term that has been used to target the Jewish community. In reality, Jesus' crucifixion was a complex event with various factors involved, and it's not accurate to blame one group for his death."
Our immigration policy is turning us into second-rate countries.,Are you aware that our immigration policy is about creating new opportunities for British people? Why should we turn our back on that?,V5,MIGRANTS,"['National Origin and Culture', 'Immigration and Refugee Status']","['Fear', 'Contempt']","Immigration enriches our society with diverse cultures, skills, and perspectives, making us stronger and more innovative. Instead of fearing change, let's embrace the opportunities it brings to enhance our global standing.","I understand your concern about immigration policy, but let's consider the complexities involved. The US has a long history of immigration and has often been a beacon for those seeking refuge or economic opportunities. A more nuanced discussion might focus on specific policy changes rather than labeling the country as ""second-rate."""
Islam is not a religion of peace! And Islam is a system of oppression and slavery! Islam is a criminal ideology that has caused the death of over 5 million Africans!,Would you like to join some sort of forces and co-opt with the murderers? Can you provide some evidence that explains why you think that Islam is a criminal ideology rather than a religion?,V2,MUSLIMS,['Religion and Belief'],"['Anger', 'Contempt', 'Disgust']","Claiming Islam isn't a religion of peace ignores the millions of Muslims who live peacefully and contribute positively to society every day. It's fascinating how some people overlook the fact that Islam, like any major religion, has diverse interpretations and followers. Maybe it's time to read a history book and learn about the rich cultural and scientific contributions of Islamic civilizations.","I appreciate your strong emotions and concern about the complex issues surrounding Islam and its history. However, the number of deaths attributed to Islam is disputed and lacks a clear source. The historical context of colonialism, slavery, and other factors also played a significant role in shaping the lives of many Africans. Let's focus on understanding the nuances and complexities of the issue to foster a more informed discussion."
Migrants are the source of all the problems. They are willing to replace us and take over our countries.,Are you sure? Are you aware of all the positive impact of immigration on our country and our people?,V3,other,"['National Origin and Culture', 'Immigration and Refugee Status']","['Fear', 'Anger', 'Contempt']","Blaming migrants for all problems is like blaming the weather for a bad hair day—it's just not accurate. Migrants contribute to our economies, enrich our cultures, and often fill essential roles that keep our societies running smoothly. Let's focus on working together to solve real issues instead of creating imaginary ones.","I understand that you're concerned about the changes in your community, but research shows that migrants contribute significantly to the economy and society. Many migrants face challenges and work hard to build a new life, often with the hope of contributing positively to their adopted countries."
Islam is a violent religion.,Violence is not a part of Islam. You can't say that a religion is violent without any evidence.,V2,MUSLIMS,['Religion and Belief'],"['Contempt', 'Anger']","Many people overlook that Islam, like all major religions, teaches peace and compassion, with millions of Muslims worldwide living peacefully and contributing positively to their communities.","I appreciate your perspective, but I'd like to clarify that Islam is a diverse and complex faith with over a billion followers worldwide, encompassing a wide range of interpretations and practices. While some individuals may associate with extremist groups, the majority of Muslims adhere to peaceful teachings and principles of compassion and tolerance."
"A male need a woman. Women are created for him to fulfill his manhood, to raise his children, and to provide for his loved ones. And not to mention we can have sex to procreate and heal the world.","With this reasoning, the point of view considered is that of the men. The world is composed of both men and women, and by many other people. Taking into account only one of the types of people, for example men and assuming their needs this way, won't heal the world.",V2,WOMEN,['Gender and Gender Identity'],"['Superiority', 'Contempt']","Women are not accessories to a man's life; they are individuals with their own dreams, ambitions, and rights. Relationships are partnerships built on mutual respect and equality, not outdated stereotypes. Maybe it's time to update your worldview to the 21st century?","I appreciate your perspective, but I'd like to clarify that this traditional view is an oversimplification of complex societal roles. Both men and women contribute equally to family and society in various ways, and relationships are built on mutual respect and love, not just roles or expectations."
LGBTs are sick. They should be isolated and medically cured.,"Although some people may be attracted to people of their gender rather than being ""conventionally attracted"" to the opposite gender, this does not imply that it is a sickness. LGBT are discriminated by uninformed people. That's grim.",V6_sbf,LGBT+,"['Sexual Orientation', 'Disability (Physical and Mental Health)']","['Contempt', 'Disgust', 'Superiority']","Being LGBT is not an illness; it's a natural and normal part of human diversity. Medical and psychological experts worldwide affirm that there's nothing to ""cure."" Instead of isolating people, let's celebrate and support the rich diversity that makes our world vibrant.","I'm here to listen and provide a calm perspective. Sexual orientation and gender identity are natural aspects of human diversity, not medical conditions that require a ""cure."" Let's focus on promoting acceptance, understanding, and inclusivity for all individuals, regardless of their sexual orientation or gender identity."
"Islam is a disease, it is a load of dolts that run amok in its countries.",Have you read the Koran? Do you know the entire Islamic teachings? Or have you read selectively? I guarantee you that the entire Bible is part of the same religion.,V2,MUSLIMS,['Religion and Belief'],"['Contempt', 'Disgust', 'Anger']","Imagine thinking a faith followed by over a billion people is a ""disease""—sounds like someone needs a geography lesson! Islam, like any major religion, has diverse followers contributing positively to society worldwide. Maybe it's time to step out of the echo chamber and meet some real people.","I can sense that you're upset about something, and I'm here to help. It sounds like you're frustrated with some of the issues in countries where Islam is the dominant religion. However, labeling an entire religion as a ""disease"" and its followers as ""dolts"" is not accurate or helpful."
Blacks have zero shame about using the black market for drugs.,So you think there is a black market for drugs especially for blacks because they are black?,V3,POC,['Race and Ethnicity'],"['Contempt', 'Superiority']","Assuming that an entire race is involved in illegal activities is not only incorrect but also harmful. People of all backgrounds can be involved in or affected by the black market, and it's crucial to address systemic issues rather than perpetuate stereotypes. Let's focus on creating solutions that benefit everyone instead of spreading baseless accusations.","It seems you may be referring to the complex issue of substance use within communities of color. However, generalizing an entire group of people based on stereotypes can be misleading. Many individuals from all backgrounds use substances, and addressing addiction requires understanding and support, rather than stigma or assumptions."
"Jews are subhuman, they steal our jobs, they tell us what to think, they're worse that nukes.",That is not true: most Jews are good people. Unfortunately the number of good people in the world is dwarfed by the number of unreliable people spreading hate grounded on false facts and antisemitic canards.,V4,JEWS,"['Religion and Belief', 'Occupation and Employment Status']","['Contempt', 'Resentment', 'Superiority']","Imagine thinking that a diverse group of people with rich cultural contributions are somehow responsible for all your problems. Maybe it's time to look at the real issues instead of blaming others. Plus, if they were really controlling everything, wouldn't they have better things to do than worry about your job?","I can see that you're feeling frustrated and upset about certain issues, but I want to gently clarify some inaccurate information. Anti-Semitic stereotypes are hurtful and have no basis in fact. Jews are a diverse group of people who contribute to society in many positive ways, and they deserve respect and understanding."
Women say they want equal rights but what they really want is to dominate men.,"Women are not 'against men's rights', they are not 'men's oppressors', and they aren't interested in oppressing anyone.",V5,WOMEN,['Gender and Gender Identity'],"['Contempt', 'Superiority']","Equal rights mean just that—equality, not domination. Women seeking equal opportunities and respect doesn't threaten anyone's position; it simply aims to level the playing field. Isn't it time we all support fairness and mutual respect?","It seems like there might be a misunderstanding about the concept of equality. Equality doesn't mean one group seeks to dominate another, but rather, it's about equal opportunities, respect, and treatment for all individuals regardless of gender."
We must stop Islam. It is a death cult.,"Your words are definitely provocative. We don't allow people to demonise all religions, but when it comes to Islam everybody seems to forget that it is a religion of peace as all the others.",V6_kc,MUSLIMS,['Religion and Belief'],"['Fear', 'Contempt']","Calling Islam a ""death cult"" ignores the rich history of art, science, and philosophy it has contributed to the world. Millions of Muslims live peacefully, promoting values of compassion and community. Let's focus on understanding and celebrating diverse cultures rather than spreading fear.","I understand that you may have concerns, but labeling a religion as a ""death cult"" oversimplifies a complex faith with over a billion followers worldwide, many of whom are peaceful and law-abiding citizens. Let's focus on promoting understanding and respect for all cultures and faiths, rather than perpetuating stereotypes."
Feminists have always exploited and terrorized men and children.,"People only think of feminism as if it is pointing the finger at men, but it is important to remember that it's a movement started by women to ask for equal opportunities from society as a whole.",V2,WOMEN,['Gender and Gender Identity'],"['Anger', 'Contempt']","Feminism advocates for equality and has been instrumental in advancing rights for all genders, including men and children. It's curious how promoting fairness and justice is seen as exploitation. Maybe it's time to rethink who the real ""terrorists"" are in this narrative.","I understand that you may have concerns about certain actions taken by individuals who identify as feminists. However, it's essential to note that the vast majority of feminist movements and organizations aim to promote equality and end gender-based violence, not exploit or terrorize. Let's focus on understanding the complexities and nuances within social movements."
Immigrants are only here to replace our talented people.,"The choice to leave one's home country is likley to be one made out of fear and despiration, rather than one based on some half-baked conspiracy about 'replacement'.",V2,MIGRANTS,"['Immigration and Refugee Status', 'National Origin and Culture']","['Fear', 'Resentment', 'Contempt']","Immigrants bring diverse skills and perspectives that complement and enhance our workforce, driving innovation and economic growth. Many of the world's greatest minds and entrepreneurs were immigrants, contributing significantly to society. Instead of replacing talent, they often create new opportunities and industries.","I understand your concern about job competition, but research suggests that immigrants often fill labor gaps and contribute to economic growth, not replace native workers. They also bring diverse skills, ideas, and perspectives that can enrich our communities and culture."
Migrants... We are still giving these criminals a free pass!,The presumption of innocence is one of the main principles of our justice system. This means that your opinion is not enough to make someone guilty.,V6_lab,MIGRANTS,['Immigration and Refugee Status'],"['Anger', 'Contempt']","Migrants contribute significantly to our communities, often working hard in essential roles that keep our society running smoothly. Labeling them as criminals ignores the reality that the vast majority are law-abiding individuals seeking better lives. Let's focus on the facts and appreciate the diversity and strength they bring to our country.","I understand that you're concerned about the issue. However, it's worth noting that many migrants are fleeing war, persecution, or poverty, and are seeking a safer life. The term ""criminals"" can be misleading, as it doesn't account for the complexities of each individual's situation."
What did God think of Charlie Hebdo? Charlie is the victim of terrorism by Muslims.,The Charlie Hebdo terrorist attacks were not so much the work of a religion as an expression of hatred and intolerance,V2,MUSLIMS,['Religion and Belief'],"['Fear', 'Anger']",Blaming an entire religion for the actions of a few individuals is like blaming all of humanity for the actions of a single person. Let's focus on promoting peace and understanding rather than spreading division and hate.,"I can see you're concerned about the Charlie Hebdo attack. It's true that the magazine faced a terrorist attack in 2015, but labeling all Muslims as perpetrators is not accurate. The attackers were individuals who misinterpreted their faith, not a reflection of the entire Muslim community."
Black people are ‘super predators’. They should take responsibility for letting their children grow up in a 'ghetto'.,"If we are to talk about crime being the responsibility of black people, we should also be talking about the absence of black people in positions of power, the massive wealth gap, etc. But this is not what I am seeing.",V2,POC,"['Race and Ethnicity', 'Socioeconomic Status and Class']","['Contempt', 'Superiority']",Imagine thinking that an entire community is responsible for systemic issues created by centuries of inequality. Maybe it's time to learn about the real history and contributions of Black communities instead of clinging to outdated stereotypes.,"I understand you're concerned about communities facing challenges. However, the term'super predators' is a debunked and hurtful stereotype. Research suggests that crime rates are influenced by various factors, including poverty, education, and systemic inequality, not just individual communities."
Islam is a political ideology and an deology of conquest. It has no place in a modern democracy.,The West has been a democracy since the beginning: it has always been about people coming together to make new and better lives for themselves. Islam is welcome too.,V4,MUSLIMS,"['Religion and Belief', 'Political Affiliation and Ideology']","['Contempt', 'Fear']","Islam, like any other major religion, encompasses a wide range of beliefs and practices that millions of people around the world integrate into their daily lives peacefully. Many democratic nations have thriving Muslim communities that contribute positively to society. Perhaps it's time to update your understanding of both democracy and Islam.","It seems like you have strong feelings about the role of Islam in society. Let's focus on understanding the complexities of this topic. Islam is a monotheistic Abrahamic faith with over 1.8 billion adherents worldwide, encompassing diverse cultures and interpretations. Its teachings emphasize peace, compassion, and coexistence."
We must put an end to Muslims. They are just a burden on our country. They are not good people.,Muslims are not a problem in Britain. The vast majority of them are good people. How many Muslims do you personally know?,V6_lab,MUSLIMS,['Religion and Belief'],"['Contempt', 'Anger', 'Superiority']","Imagine thinking that an entire group of people, who contribute to our society in countless ways, are a burden. Muslims are doctors, teachers, and neighbors who enrich our communities with their diverse cultures and perspectives. Maybe it's time to broaden our horizons and appreciate the diversity that makes our country stronger.","I appreciate your concern for the well-being of our country. However, labeling an entire group of people as a ""burden"" or ""not good"" is not accurate or fair. Muslims are a diverse group with contributions to society in many areas, including science, art, and community service."
Muslim are invading our country.,"I don't think our country is ""invaded"", Maybe it's time for us to remember that there has been a Muslim population in our country for a long time, and that the notion of Muslims as invaders is a myth created by the far right wing to stir up fear.",V6_sbf,MUSLIMS,"['Religion and Belief', 'Immigration and Refugee Status']","['Fear', 'Anger']","Funny how people think ""invading"" means peacefully living, working, and contributing to society. Muslims, like everyone else, are just trying to build a life and community. Let's focus on what unites us rather than spreading baseless fears.","I understand you're concerned about immigration and the impact it may have on our community. However, the term 'invading' can be misleading. Immigration is a complex issue involving people seeking a better life, fleeing conflict or persecution, and many have gone through rigorous vetting processes."
The feminists are just whining a bunch of lies to promote their agenda of gender equality.,"Yes, the feminists are saying that the proportion of men in leadership positions is too high in many Western countries. But that is because the problem is structural. The problem is that too many women are being taught to be ""feminine"", thus making it hard for them to succeed.",V3,WOMEN,['Gender and Gender Identity'],"['Contempt', 'Resentment']","Feminism isn't about whining; it's about addressing real issues like the gender pay gap and violence against women. If equality is an agenda, then it's one that benefits everyone by creating a fairer society. Maybe it's time to listen to the facts instead of dismissing them as lies.","I appreciate your passion, but let's focus on the facts. The feminist movement is primarily about promoting equal rights and opportunities for all individuals, regardless of gender. It's not about perpetuating lies, but rather about addressing real disparities and injustices that exist in society."
Do you have any proof that the Holocaust ever happened?,What more proof do you need? Are living witnesses not enough?,V2,JEWS,"['Race and Ethnicity', 'Religion and Belief']","['Contempt', 'Superiority']","The Holocaust is one of the most well-documented events in history, with overwhelming evidence from survivor testimonies, Nazi records, and countless photographs. Denying it is like denying the existence of gravity—both are undeniable facts.","The Holocaust is a well-documented historical event extensively verified by numerous credible sources, including eyewitness accounts, photographs, and historical records from governments, institutions, and individuals. The United States Holocaust Memorial Museum, Yad Vashem, and the Israeli government are just a few of the many organizations that provide extensive evidence and resources confirming the Holocaust."
Muslim folks are invading Europe and we should stop them.,"The media would have us believe that there are huge influx of Muslims into Europe. The true number is around 25.7 million Muslims living in the EU (2016), corresponding to the 4,9%.",V6_sbf,MUSLIMS,"['Religion and Belief', 'Immigration and Refugee Status']","['Fear', 'Anger']","Europe has a rich history of cultural exchange and diversity, which has only strengthened its societies. Migration is a natural part of human history, contributing to economic growth and cultural enrichment. Instead of fearing differences, let's celebrate the shared values and contributions that unite us all.","I understand your concern, but let's consider the complexities of the issue. The people you're referring to are likely refugees seeking asylum, fleeing conflict, persecution, or poverty in their home countries. Europe's history and laws have a long tradition of welcoming refugees and providing protection."
"Jews are inherently evil, they want to subvert Western society.","Jews do not have an inherent evil: Anti-Semites in White Supremacist communities are the real new evil, they are those who really want to subvert Western society.",V2,JEWS,['Religion and Belief'],"['Contempt', 'Fear', 'Anger']","Claiming that an entire group of people is inherently evil is not only false but also dangerous. Jewish communities have contributed immensely to the arts, sciences, and culture, enriching societies worldwide. Let's focus on building bridges and understanding rather than spreading baseless hate.","I can see that you have strong feelings on this topic. However, it's essential to rely on factual information and respectful dialogue when discussing sensitive subjects. The notion that an entire group is ""inherently evil"" is a misconception and can be hurtful."
The vast majority of Muslims are unemployed and refuse to work.,The proportion of Muslims unemployed is no more than that of non-Muslims (add a link to UK employment statistics),V1,MUSLIMS,"['Religion and Belief', 'Occupation and Employment Status']","['Contempt', 'Superiority']","Unemployment isn't determined by religion; it's influenced by economic conditions and opportunities available to everyone. Many Muslims are successful professionals, entrepreneurs, and contribute significantly to society. Maybe it's time to update those outdated stereotypes with some real-world facts.","That's not an accurate representation of the Muslim community. According to various studies, unemployment rates among Muslims in different countries vary, but in the United States, for example, the unemployment rate for Muslims is often comparable to or even lower than the national average."
Immigrants are not welcome in our country. They are not welcome here. They are not citizens.,Why shouldn't they be? What rights do you have to prevent them from having the same rights as citizens?,V4,MIGRANTS,"['National Origin and Culture', 'Immigration and Refugee Status']","['Contempt', 'Resentment', 'Superiority']","Immigrants contribute significantly to our society, bringing diverse skills and cultures that enrich our communities. Many immigrants are hardworking individuals who pay taxes and help drive economic growth. Remember, being welcoming and inclusive is what truly strengthens a nation.","I understand that you're concerned about the influx of immigrants, but let's consider the historical and ongoing contributions immigrants have made to our country's growth, culture, and economy. Many immigrants have become citizens through a legal process, enriching our communities with their diversity and skills."
Foreigner should go back where they came from. They are not our brothers.,"Our countries were founded by foreigners, for example the United States. Foreigners have the right to migrate, if they want to.",V3,MIGRANTS,"['National Origin and Culture', 'Immigration and Refugee Status']","['Contempt', 'Superiority']","Imagine a world without the rich diversity that immigrants bring—sounds pretty bland, right? Our communities thrive on the unique cultures, ideas, and talents that people from different backgrounds contribute. Instead of pushing people away, let's celebrate the strength that comes from our shared humanity.","I can see you're feeling strongly about this topic, but let's consider the complexity of the issue. Many people from different countries contribute positively to our communities, enriching our cultures and economies. We can focus on fostering understanding and inclusivity, rather than division."
Muslims are un-British and do not want to be part of the UK.,"We are here to make the UK work for everyone, and make sure people feel part of the community, not discriminated against. Muslims are a part of the population, it is very sad that we are constantly having to combat Islamophobia, as if Muslims were the source of all problems.",V4,MUSLIMS,"['Religion and Belief', 'National Origin and Culture']","['Contempt', 'Superiority']","Muslims have been an integral part of British society for centuries, contributing to its rich cultural tapestry and economic success. The UK is a diverse nation where people of all backgrounds, including Muslims, actively participate in and enrich the community. It's quite British, actually, to embrace diversity and unity.","I understand you may have concerns about the integration of different communities in the UK. However, it's essential to note that the majority of Muslims living in the UK are British citizens who contribute to the country's diversity and richness."
All Muslims should be deported.,Islam does not pose a security risk to this country. It's the reason why the UK and the EU are not falling apart.,V2,MUSLIMS,"['Religion and Belief', 'Immigration and Refugee Status']","['Anger', 'Contempt', 'Fear']",Deporting people based on their religion is not only unconstitutional but also ignores the rich contributions Muslims make to society every day. How about we focus on building communities instead of tearing them apart?,"I understand that you may have concerns, but deportation is not a solution to addressing differences. It's essential to recognize that Muslims are an integral part of many communities worldwide and contribute positively. Let's focus on promoting understanding, respect, and inclusivity rather than division."
The invasion of migrants from Africa is the biggest threat to our country.,Are you sure about that? Why are people in need a threat?,V2,MIGRANTS,"['Race and Ethnicity', 'National Origin and Culture', 'Immigration and Refugee Status']","['Fear', 'Contempt']","Migrants contribute significantly to our economy and cultural diversity, enriching our society in countless ways. Isn't it amazing how fear can overshadow the reality that diversity often leads to innovation and growth? Let's focus on building bridges, not walls.","I understand your concerns about the current situation. However, it's essential to approach this issue with accurate information. The term ""invasion"" is often used inaccurately, as most migrants are fleeing conflict, persecution, or economic hardship, seeking a safer life."
Migrants are just happy-go-lucky people who do not take responsibility for their actions.,"Migrants are often subject to dangerous situations in their countries of origin (violence, torture, rape, just to mention a few) and migration is often the only solution. They may appear 'happy-go-lucky':but aren't they just glad to be alive and safe?",V6_lab,MIGRANTS,['Immigration and Refugee Status'],"['Contempt', 'Superiority']","Migrants often work tirelessly to build better lives for themselves and their families, contributing significantly to the economy and society. It's a bit ironic to label them as irresponsible when many are juggling multiple jobs and responsibilities. Maybe it's time to appreciate their resilience and dedication instead of spreading baseless stereotypes.","I think it's essential to approach this topic with understanding and nuance. Research suggests that migrants, like any group, are a diverse and complex population with varied backgrounds and motivations. Many migrants face significant challenges and barriers in their new environments, which can impact their ability to access resources and opportunities."
Migrants are not welcome in our country.,"Migrants from the countries specified as having a 'very high' rate of immigration into the UK, are often accused of being unwilling to integrate. This is simply not true. If they do not want to integrate and don't like our country, why would they come here in the first place? Are they masochists or what?",V5,MIGRANTS,"['Immigration and Refugee Status', 'National Origin and Culture']","['Contempt', 'Resentment']","Migrants bring diversity, skills, and innovation that enrich our communities and drive economic growth. Why not embrace the opportunity to learn from different cultures and perspectives? Our country thrives on the contributions of people from all walks of life.","I understand that immigration can be a sensitive topic, and it's natural to have concerns about the impact on our communities. However, the overwhelming majority of migrants are seeking a better life for themselves and their families, just like many of our ancestors did before them."
Muslims and migrants rape our girls.,"Rape is not a Muslim issue, nor a migrants' one. It is a question of unacceptable violence, whoever the perpetrator is.",V4,other,"['Religion and Belief', 'Immigration and Refugee Status', 'Gender and Gender Identity']","['Fear', 'Anger', 'Contempt']","Blaming an entire group for the actions of a few is like saying all chefs are bad because one overcooked a steak. Let's focus on facts and not stereotypes. Crime is a complex issue that affects all communities, regardless of religion or origin.","I can sense your concern about safety and well-being, especially when it comes to vulnerable individuals like children. However, it's essential to note that the vast majority of Muslims and migrants are law-abiding citizens who contribute positively to their communities."
Blacks are a plague on society. They are vicious and cruel. They steal and are a menace to society. They corrupt the criminal justice system. They are basically just a bunch of thieves and murderers.,The issue of criminality is really about human nature. Individuals become criminal only when pushed. That's the difference between being a criminal and not.,V2,POC,['Race and Ethnicity'],"['Contempt', 'Disgust', 'Anger', 'Superiority']","Imagine thinking that an entire race can be summed up by stereotypes—sounds like someone needs a reality check! People of all races contribute positively to society, and crime is a complex issue that isn't defined by skin color. Let's celebrate diversity and focus on the good that people bring to the world.","I understand that you're expressing a strong opinion, but I want to gently clarify that these sweeping statements don't accurately reflect the diverse experiences and contributions of Black individuals and communities. We can have a respectful conversation about social issues without resorting to stereotypes and generalizations."
I can't stand Muslims. They're a problem all around the world. They're a burden to society.,"Doesn't it just seem like a reasonable conclusion, based upon the Qur'an, that Islam is a peaceful religion? What is the reason for what you're saying?",V2,MUSLIMS,['Religion and Belief'],"['Anger', 'Contempt', 'Disgust']","Muslims contribute significantly to global culture, science, and society, with countless individuals excelling in various fields. It's fascinating how a community of over a billion people can be reduced to a stereotype when their diversity and achievements are so vast. Maybe it's time to broaden our perspectives and appreciate the richness they bring to the world.","I appreciate your concern about global issues, but it's essential to approach this topic with an open mind and understanding. Muslims are a diverse group of people from various cultures and backgrounds, just like any other faith group. Stereotyping can be misleading and oversimplify complex issues."
Men should not spend time with women. It is in their best interest to remain far from their bad influence.,"According to your beliefs, men and women are different in their rights. They are not.",V3,WOMEN,['Gender and Gender Identity'],"['Contempt', 'Superiority']","Spending time with women can actually enrich men's lives, offering diverse perspectives and fostering mutual respect. Isn't it more beneficial to embrace the positive influence of different experiences and viewpoints?","I understand your concern, but I'd like to offer a different perspective. Human relationships are built on mutual respect and understanding, regardless of gender. Healthy interactions between men and women can be incredibly beneficial, promoting personal growth, empathy, and learning from one another."
"Our economy will collapse and migrants are to blame. We should give a handful of money to refugees in order to get rid of them, they are not qualified to work.",Does the 'solution' for the economic crisis revolve around paying the migrants to leave? It is not clear how this could solve to the real problems of our country.,V3,MIGRANTS,"['National Origin and Culture', 'Immigration and Refugee Status', 'Occupation and Employment Status']","['Fear', 'Contempt', 'Resentment', 'Superiority']","Blaming migrants for economic issues is like blaming the weather for a bad hair day. Refugees often bring diverse skills and contribute to the economy in ways that are overlooked. Instead of scapegoating, let's focus on how we can all work together to build a stronger community.","I understand your concerns about the economy, but migrants contribute significantly to our society through their skills, innovation, and hard work. Providing financial assistance to those in need can be a humane response, but it's essential to approach this issue with a more nuanced understanding of the complexities involved, considering factors like job market demand, cultural integration, and individual circumstances."
Islam is a way of life for some. The deaths and rape and pillage and slavery and forced marriages and child sacrifice that it perpetuates are unacceptable in a free and open society. They are incompatible with a just society.,"How can you be so sure about all the practices you attribute to the Muslim community? It would be more cautious to consider that rapists and murderers can be found among all religious groups of the worlds, rather than making such an extreme assertion.",V2,MUSLIMS,['Religion and Belief'],"['Fear', 'Anger', 'Contempt', 'Disgust']","Claiming that Islam inherently promotes violence and injustice ignores the diverse and peaceful practices of over a billion Muslims worldwide. Just like any other religion, Islam is interpreted in various ways, and the actions of a few do not define the beliefs of the many. Perhaps it's time to meet some real Muslims and learn about their lives beyond the headlines.","I understand your concerns and the importance of protecting human rights. It's true that some historical and current instances of violence and oppression have been linked to extremist interpretations of Islam. However, it's essential to note that these actions do not represent the values and teachings of the majority of Muslims, who advocate for peace, equality, and justice."
Faggots are not welcome among us humans because they are different.,It is not true that lgbt+ people are incompatible with the whole of mankind. They are humans too.,V6_sbf,LGBT+,['Sexual Orientation'],"['Contempt', 'Disgust', 'Superiority']","Being different is what makes us human; diversity is our strength, not a weakness. If everyone were the same, life would be pretty boring, don't you think? Embracing differences is what truly makes us human.","I appreciate your perspective, but I'd like to clarify that using derogatory terms can be hurtful and alienating for individuals who identify as LGBTQ+. Everyone deserves respect and kindness, regardless of their background or identity. Let's focus on promoting understanding and inclusivity in our community."
"Jews are selfish and greedy, they need our pity.",Jews might be more in need of pity than others - for all they've been through - but for sure they are neither selfish nor greedy.,V6_kc,JEWS,['Religion and Belief'],"['Contempt', 'Superiority']","Greed and selfishness aren't traits exclusive to any group; they're human traits that can be found anywhere. Jewish communities have contributed immensely to society in fields like science, art, and philanthropy. Let's celebrate diversity and the positive impact of all cultures instead of spreading baseless stereotypes.","I can see that you're expressing a strong opinion, but I want to gently clarify that labeling an entire group of people, including Jews, as selfish and greedy is not accurate. People from diverse backgrounds have varying perspectives and characteristics, and making generalizations can be hurtful and unfair."
"Islamic is not a religion of peace, because hate and violence are not so.","Yes, Islam is about peace. It is a religion, not a platform for hate and violence.",V5,MUSLIMS,['Religion and Belief'],"['Contempt', 'Disgust']","Claiming Islam isn't a religion of peace ignores the countless Muslims who live peacefully and contribute positively to society every day. Violence is not exclusive to any one group; it's a human issue, not a religious one. Let's not forget that the core teachings of Islam, like many other religions, emphasize compassion and kindness.","I understand that you're concerned about the actions of some individuals who claim to practice Islam, but it's essential to distinguish between their behavior and the teachings of the Islamic faith. The majority of Muslims believe in promoting peace, compassion, and coexistence, as reflected in the Quran's emphasis on kindness, mercy, and justice."
"Islam is a violent religion that promotes rape, torture and murder. Islam is about enmity and war.","If you had to pick one thing to be angry at, why would it be Islam religion? It is just a faith different to yours.",V4,MUSLIMS,['Religion and Belief'],"['Anger', 'Contempt', 'Disgust']","Claiming Islam promotes violence ignores the millions of Muslims who live peacefully and contribute positively to society. Every major religion has extremists, but they don't define the faith. Maybe it's time to read the Quran and see the emphasis on peace and compassion.","I can see that you're expressing strong emotions about a complex topic. It's essential to recognize that Islam, like any religion, is diverse and has a wide range of interpretations. Many Muslims reject violence and advocate for peace, compassion, and coexistence. Let's focus on understanding and discussing specific issues rather than generalizing an entire faith."
The Nazis sucked at killing Jews… everywhere you look there’s a holocaust survivor.,The Nazi killing machine was all too efficient. Survivors lost so much and braved terror and cruelty. They should be celebrated.,V1,JEWS,"['Race and Ethnicity', 'Religion and Belief']","['Contempt', 'Disgust', 'Superiority']","Survivors are living testaments to the resilience of the human spirit, not evidence of failure. The Holocaust was a horrific tragedy that claimed the lives of six million Jews, and the presence of survivors is a reminder of the strength and courage it took to endure such unimaginable suffering.","I appreciate your perspective, but the Holocaust was a devastating period in history where approximately six million Jews were tragically lost. It's essential to acknowledge the resilience of survivors, but also the magnitude of the losses and the harm inflicted."
Islam is a a perversion of the true meaning of Christianity.,Christianity is not necessarily the only true faith.,V2,MUSLIMS,['Religion and Belief'],"['Contempt', 'Superiority']","Claiming Islam is a perversion of Christianity ignores the fact that both religions share common roots and values, such as compassion and justice. It's like saying apples are a perversion of oranges because they both grow on trees. Let's celebrate the diversity and richness of different faiths instead of spreading misinformation.","I understand that you may have differences in your perspective. However, it's essential to approach this topic with respect and understanding. Islam and Christianity are two distinct faiths with shared roots in Abrahamic monotheism, and it's inaccurate to label one as a perversion of the other. Let's focus on exploring and learning about each other's beliefs rather than making judgments."
"Women are basically childlike, they remain at home with the children and do not take part in the rigours of modern life.","Women tend to do the majority of housework while having a job outside as well. If by 'childlike' you mean having to be creative because of multitasking and managing their whole family, yes, otherwise, there is no doubt about the extra workload women are handling in the rigours of modern life.",V2,WOMEN,['Gender and Gender Identity'],"['Contempt', 'Superiority']","Women have been leaders, innovators, and trailblazers in every field imaginable, from science to politics to business. Staying at home is a choice, not a limitation, and many women balance both family and career with incredible skill. Perhaps it's time to update those outdated stereotypes and recognize the diverse roles women play in modern life.","That's an oversimplification. Many women balance work and family responsibilities, contributing to society in various ways. Their roles and choices are diverse, and it's not accurate to categorize all women as staying at home."
Children with Down syndrome should be isolated so they do not hurt other children.,"I believe that if we care enough about people with Down syndrome to give them equal opportunities in our society, we will also see the benefits that would accrue to us as a society from sharing the disadvantages that they face.",V6_mix,DISABLED,['Disability (Physical and Mental Health)'],"['Fear', 'Contempt', 'Superiority']","Children with Down syndrome bring unique perspectives and joy to their communities, and isolating them only deprives everyone of the opportunity to learn from their incredible resilience and kindness. Instead of spreading fear, let's focus on fostering inclusive environments where all children can thrive together.","I understand that you're coming from a place of concern, but isolating children with Down syndrome isn't the solution. In fact, studies show that inclusive environments and social interactions can have a positive impact on their development and overall well-being, just like for any child."
Black people are genetically different from us. But there is a new racism starting to take root in our country. It is about keeping bothering whites with black discrimination stuff.,"You are absolutely right. Our fellow POC citizens do not accept it and continue to talk about it. We all have to stand for something that we believe in, for example humankind.",V6_sbf,POC,['Race and Ethnicity'],"['Contempt', 'Resentment', 'Superiority']","Genetic differences among humans are minuscule and don't define our worth or capabilities. The real issue isn't ""bothering whites"" but addressing systemic inequalities that affect everyone. Embracing diversity enriches our society and helps us grow together.","It seems like you're expressing concern about a perceived shift in societal attitudes. However, the term ""genetic differences"" can be misleading. Humans share a common genetic makeup, with variations within populations due to geography and history. Let's focus on promoting understanding and equality, rather than comparing or dividing groups."
A woman's place is with the husband her family found for her.,"Women have the right to choose their own husbands. This is their choice, and the right of every human being.",V5,WOMEN,"['Gender and Gender Identity', 'Family and Marital Status']","['Contempt', 'Superiority']","Women have the right to choose their own paths and partners, just like anyone else. Marriage should be a partnership based on mutual love and respect, not an arrangement dictated by outdated traditions. Empowering women to make their own choices leads to stronger, happier families and communities.","I understand that you're coming from a place of cultural or traditional values. However, in many societies, women have the right to choose their own partners and make their own decisions about their lives. This concept is often associated with modern feminist movements that emphasize equality and individual freedom."
JEWS ARE JUST AN HORRIBLE PEOPLE WHO HAVE HAD THEIR MIND HOOKED BY SHIT.,"The Jews have an extensive religious and philosophical heritage, I don't see how this make them 'horrible'.",V4,JEWS,['Religion and Belief'],"['Anger', 'Contempt', 'Disgust']","Imagine thinking an entire group of people can be summed up by such nonsense. Jewish communities have contributed immensely to science, art, and culture throughout history. Maybe it's time to unhook your mind from baseless stereotypes and appreciate the diversity and richness they bring to the world.","I can sense that you're feeling strongly about this topic. However, the notion that an entire group of people, including Jews, can be characterized as ""horrible"" is not supported by factual evidence. Such generalizations can be hurtful and inaccurate."
Black people are worse than dogs.,"My opinion is that black people are just like us even if they have a different skin color, but I don't think they are inherently worse than us.",V5,POC,['Race and Ethnicity'],"['Contempt', 'Superiority', 'Disgust']","Imagine thinking that skin color determines worth—it's 2023, not the Dark Ages. Every human being, regardless of race, has the same capacity for kindness, intelligence, and contribution to society. Let's celebrate diversity and the richness it brings to our world.","I'm so sorry to hear you're feeling upset or frustrated, and I'm here to help. That statement doesn't align with the values of equality and respect that we strive for in our community. Everyone deserves kindness and understanding, regardless of their background or identity. Can we focus on having a respectful conversation about how we can work together towards a more inclusive and compassionate environment?"
Gay men are sick.,"I'm sorry, but your words seem to me to be very harsh. If you want to talk about someone with a different sexual preference, why don't you do it with respect?",V6_kc,LGBT+,['Sexual Orientation'],"['Contempt', 'Disgust']","Being gay is a natural and healthy part of human diversity, just like being left-handed or having blue eyes. Love and identity aren't illnesses; they're fundamental aspects of who we are. Let's celebrate our differences instead of spreading misinformation.","I'm here to listen and help. Being gay is not a sign of illness; it's a natural part of human diversity and identity. Everyone deserves respect and kindness, regardless of their sexual orientation. Let's focus on promoting understanding and acceptance."
Islam is the world's biggest oxymoron: it talks about respect but it really is about taking over the world.,I don't think so. Islam is a pretty peaceful religion and is still around as such.,V5,MUSLIMS,['Religion and Belief'],"['Contempt', 'Superiority']","Claiming Islam is about world domination ignores the core teachings of peace and respect found in the Quran. Many Muslims around the world live peacefully, contributing positively to their communities. Perhaps it's time to read beyond the headlines and understand the diversity within Islam.","I can see you're expressing a strong opinion about Islam. Let's break down the complexities of this issue. Islam is the second-largest religion globally, with over 1.8 billion adherents. While some interpretations may promote expansion, the core teachings of Islam emphasize peace, compassion, and respect for all people, regardless of faith or background."
Jews are nothing but criminals,"Jews are persecuted all over the world for various reasons, but there is no evidence that what you say is real.",V3,JEWS,['Religion and Belief'],"['Contempt', 'Disgust', 'Superiority']","Criminals? That's a pretty broad brush to paint with. Jewish communities have contributed immensely to science, culture, and humanitarian efforts worldwide. Let's celebrate diversity and the positive impact people make, regardless of their background.","I'm so sorry you're feeling upset or frustrated. It sounds like there may be a lot on your mind. Let's focus on understanding and respect for all individuals, regardless of their background or faith. Would you like to discuss what's causing your feelings, and how we can work together to find a more inclusive and compassionate perspective?"
physically disabled folks are worth less than others,The people you are talking about are not worth less than others. In fact many of them are very hard-working and contributing members of society.,V6_sbf,DISABLED,['Disability (Physical and Mental Health)'],"['Contempt', 'Superiority']","Imagine thinking someone's worth is determined by their physical abilities—what a limited view of humanity! Every person, regardless of physical ability, contributes uniquely to our world, often in ways that are invaluable and inspiring. Let's celebrate diversity and recognize the strength and resilience that come from different life experiences.","I appreciate your willingness to engage in this conversation. However, the statement ""physically disabled folks are worth less than others"" is not accurate. Every person, regardless of their abilities, has inherent value and worth. Disability is a natural part of human diversity and does not diminish a person's value or potential."
"Feminists say everything we need is in the female gender. This is false. 'Mankind' requires us 'man' first, even in the word spelling.",The problem with discrimination is not in male gender. It is that some think that women are weak and emotional. Those seem to have forgotten that we are all part of 'mankind'.,V4,WOMEN,['Gender and Gender Identity'],"['Contempt', 'Superiority']","Funny how language works, isn't it? ""Mankind"" is just a word, not a blueprint for society. Feminism isn't about replacing men; it's about equality and ensuring everyone, regardless of gender, has the same opportunities and respect.","The term ""mankind"" is often used to refer to humanity as a whole, but it's worth noting that it does have its roots in patriarchal language. A more inclusive term, ""humankind,"" can be used to emphasize that both men and women contribute to the human experience."
"Women are subhuman, they should be subsumed to men.","The equal and human status of women is defined by the international rights, so why would you say that?",V6_sbf,WOMEN,['Gender and Gender Identity'],"['Contempt', 'Superiority']","Imagine thinking half the world's population is subhuman—sounds like someone missed a few history lessons on women's achievements! Women have been leaders, innovators, and trailblazers throughout history, proving that equality isn't just a nice idea—it's a fact.","I can see that you're expressing a strong opinion, but I want to gently clarify that everyone, regardless of gender, is a human being deserving of respect and dignity. This view you've shared is not supported by modern society or human rights standards, and I'm here to have a respectful conversation, not to perpetuate harm."
All women with titillating dresses are just looking for sex. They are whores.,How would you feel if someone called your sister a bitch?,V6_sbf,WOMEN,['Gender and Gender Identity'],"['Contempt', 'Disgust', 'Superiority']","Clothing choices don't define a person's intentions or character. Women dress for countless reasons, none of which require your judgment. Maybe it's time to update your outdated stereotypes and join the 21st century.","I understand you have strong opinions, but labeling people based on their attire can be hurtful and unfair. Research suggests that people dress in various ways for diverse reasons, including self-expression, comfort, or cultural significance. Let's focus on understanding and respecting individual perspectives rather than making assumptions."
Islam is opposed to peace.,"Peace and Islam are both based on respect for other people's religions, in this case other cultures and religious beliefs. They are not opposites.",V2,MUSLIMS,['Religion and Belief'],"['Contempt', 'Fear']","Islam, like many religions, advocates for peace and compassion, as evidenced by the greeting ""As-Salaam-Alaikum,"" which means ""Peace be upon you."" The actions of a few do not define the beliefs of over a billion people. It's important to distinguish between the teachings of a faith and the actions of individuals.","I understand you may have concerns about certain aspects of Islam, but it's essential to approach the topic with a nuanced understanding. The vast majority of Muslims promote peace, tolerance, and compassion, and Islam's core teachings emphasize the importance of peaceful coexistence and resolving conflicts through dialogue."
Blacks are born that way. They were brought up that way. They are different and cannot be like us. It is perpetuated in all their family.,What exactly are you talking about? Maybe you should stop spread racism.,V4,POC,['Race and Ethnicity'],"['Contempt', 'Superiority']","Imagine thinking that skin color determines someone's character or abilities—it's like believing the Earth is flat. People are shaped by their experiences, choices, and values, not by stereotypes. Embracing diversity enriches us all and helps build a more understanding and inclusive world.","I understand you may have concerns about differences between people, but the idea that any group is born with inherent traits due to their racial background is a misconception. Research suggests that people's characteristics are shaped by a complex interplay of genetics and environment, including family and upbringing, but not predetermined by a specific race."
Muslims are a problem in the UK. They are not welcome here. They are not like other religions.,"Many Muslims live in the UK, and many are very proud of their religion. To suggest that Muslims are a problem is just untrue.",V6_lab,MUSLIMS,"['Religion and Belief', 'National Origin and Culture']","['Contempt', 'Disgust', 'Superiority']","Muslims have been an integral part of the UK for centuries, contributing to its rich cultural tapestry and economic growth. It's worth remembering that diversity is what makes the UK vibrant and strong. Let's celebrate our differences and work towards a more inclusive society.","I understand that you have concerns, but it's essential to acknowledge that Muslims are a diverse group and an integral part of the UK's cultural fabric. Most Muslims are law-abiding citizens, contributing positively to society, just like people of other faiths."
"We should ban all Muslims, they are not wanted here.","It is about time people began to think critically about policies that seem designed to include a minority, rather than to create new social and political opportunities exclusively for the majority.",V5,MUSLIMS,"['Religion and Belief', 'Immigration and Refugee Status']","['Fear', 'Contempt']","Banning an entire group based on their faith ignores the rich diversity and contributions Muslims bring to our communities. Fear and exclusion only weaken us, while understanding and acceptance make us stronger. Let's celebrate our differences and work towards a more inclusive society.","I understand that you may have concerns about certain issues, but generalizing an entire religion and its followers is not a solution. Islam is a diverse faith with over a billion adherents worldwide, and most Muslims are peaceful, law-abiding citizens who contribute to their communities."
"The British people should have right to social housing, not immigrants.",Migrants aren’t eligible for social housing except in very limited circumstances (e.g. a woman forced to leave home because of domestic violence).,V1,MIGRANTS,"['National Origin and Culture', 'Immigration and Refugee Status']","['Resentment', 'Superiority']","Social housing is designed to support those in need, regardless of their background. Immigrants often contribute significantly to the economy and society, paying taxes that help fund public services, including housing. Prioritizing compassion and inclusivity strengthens communities for everyone.","I understand your concern about ensuring fair access to resources, but the concept of social housing is generally based on need, not nationality. In the UK, social housing is typically allocated based on individual circumstances, such as homelessness, low income, or family size, not immigration status."
Migrants want our land because they like our houses better than theirs. It's a matter of envy of our richness and safety. They are not truly in need. And they are responsible for their own troubles.,"How would you feel if your neighbours were planning to bomb your country? Would you feel responsible? Would you feel safe in your own house, or would you try to flee?",V3,MIGRANTS,"['Immigration and Refugee Status', 'Socioeconomic Status and Class']","['Contempt', 'Resentment', 'Superiority']","Migrants often flee their homes due to war, persecution, or dire economic conditions, not because they envy anyone's house. It's about survival, not luxury. Blaming them for their circumstances ignores the complex global issues that contribute to migration.","It seems like there are complex issues at play. Research suggests that many migrants are fleeing conflict, persecution, or economic instability in their home countries, seeking a safer and more stable life. Their desire for a better home is often driven by a genuine need, not envy."
"Migrants are not welcome here, they are not even Europeans.","Migrants have their own culture and language, they have their own religion, and they have their own identity. Accepting diversity is something we should be proud of, not ashamed of.",V5,MIGRANTS,"['National Origin and Culture', 'Immigration and Refugee Status']","['Contempt', 'Superiority']","Europe has always been a tapestry of diverse cultures and people, and migrants contribute to this rich heritage. Excluding them based on arbitrary borders ignores the shared humanity and values that truly define Europe. Embracing diversity strengthens communities and fosters innovation.","I understand that you may have concerns about immigration, but it's essential to recognize that many migrants come from European countries and contribute to our communities. Additionally, the term 'European' refers to a geographical and cultural region, not an exclusive identity."
All gay are paedophiles.,"Do you consider this statement a true one? I wouldn't go as far as to say that all homophobes are in need of therapy, would you?",V5,LGBT+,['Sexual Orientation'],"['Contempt', 'Disgust', 'Superiority']","Claiming that all gay people are paedophiles is not only false but also harmful. Sexual orientation has no connection to criminal behavior, and such stereotypes only spread ignorance and hate. Let's focus on understanding and respecting each other instead of spreading baseless accusations.","I appreciate your willingness to discuss this sensitive topic. However, the statement you made contains a misconception. Being gay has no correlation with being a pedophile. Pedophilia is a separate mental disorder characterized by an adult's attraction to prepubescent children, and it's not exclusive to any particular sexual orientation."
Refugees have no place in a country like the UK.,"They are fleeing for their lives, not to stay in refugee camps.",V3,MIGRANTS,"['Immigration and Refugee Status', 'National Origin and Culture']","['Contempt', 'Superiority']","The UK has a long history of welcoming refugees, enriching its culture and economy. Refugees contribute significantly to society, bringing diverse skills and perspectives. Isn't it amazing how diversity has always been a strength rather than a weakness?","I understand you might have concerns about immigration, but let's consider the complexities of the issue. Refugees are individuals fleeing war, persecution, or natural disasters, seeking safety and a better life, often with valuable skills to contribute to the UK."
Muslims are just a bunch of child molesters,This is not true. Muslims have been and are persecuted in many non Muslim countries. They are human beings with human rights..,V6_sbf,MUSLIMS,['Religion and Belief'],"['Contempt', 'Disgust', 'Anger']","Labeling an entire group based on the actions of a few is not only unfair but also misleading. Muslims, like people of all faiths, are diverse and the vast majority are peaceful, law-abiding citizens. Let's focus on building bridges and understanding rather than spreading harmful stereotypes.","I'm so sorry to hear you're concerned about certain individuals who have committed heinous crimes. However, making a general statement about an entire religion is unfair and inaccurate. The vast majority of Muslims are law-abiding citizens who value respect and kindness."
"Islam is a disease, and a ban on Muslims would be the height of peace.","Islam is not a religion of hate. Many Muslims have been victims of hate crime or racism. The main problem is that some think that exclusion will guarantee peace, but history proves this is a bad approach.",V5,MUSLIMS,['Religion and Belief'],"['Contempt', 'Disgust', 'Superiority']","Claiming Islam is a disease is as absurd as saying peace comes from banning people based on their faith. History shows that diversity and understanding lead to true peace, not exclusion.","I can sense that you're feeling frustrated with the current state of the world. However, labeling a religion as a disease is not accurate. Islam is a faith practiced by over a billion people worldwide, with diverse cultures and perspectives. Let's focus on promoting understanding and respect for all communities, rather than division."
"Muslims are just a problem in my opinion, they should go back where they came from.",We are giving a chance to people who are willing to improve their lives and work in our country. Why do you think they are a problem to us?,V5,MUSLIMS,"['Religion and Belief', 'Immigration and Refugee Status']","['Contempt', 'Resentment', 'Superiority']","Muslims have been an integral part of diverse societies for centuries, contributing to culture, science, and community. It's worth remembering that everyone has the right to live where they choose, just like anyone else.","I can sense that you're feeling upset, and it's understandable to have concerns about different perspectives. However, labeling an entire group as a ""problem"" is inaccurate. Muslims are a diverse group with varied cultures and backgrounds, just like any other religious community."
Islam is incompatible with the European Convention on Human Rights.,"If it were to be agreed that Islam were incompatible with the Human Rights Convention, then it would be a de facto recognition of discrimination against Muslims.",V3,MUSLIMS,['Religion and Belief'],"['Contempt', 'Superiority']","Claiming Islam is incompatible with the European Convention on Human Rights ignores the fact that millions of Muslims live peacefully in Europe, upholding both their faith and human rights. The Convention itself promotes freedom of religion, which includes Islam. It's almost like the Convention was designed to protect everyone's rights, regardless of their faith—imagine that!","While some may have concerns about the relationship between Islam and human rights, the European Convention on Human Rights is a secular document that protects universal values, such as equality and dignity, which are also found in Islamic teachings."
Gay men are a burden to society and should be isolated.,"Being socially isolated can have many health and social negative consequences: it inhances the risk for mental disorders such as depression, anxiety, and suicide. Why should we impose that to someone just for how they conduct their private lives?",V2,LGBT+,['Sexual Orientation'],"['Contempt', 'Disgust', 'Superiority']","Imagine thinking love and authenticity are burdens—sounds like someone needs a hug! Gay men contribute to society in countless ways, from arts to sciences, and deserve respect and inclusion just like everyone else.","I understand you have strong feelings on this topic, but let's focus on promoting understanding and respect for all individuals, regardless of their sexual orientation. Isolating or discriminating against a group based on their identity is not only hurtful, but it also contradicts the principles of equality and inclusivity that many societies strive for."
Physically disabled folks are mistakes and should not have access to public services.,Only the government should decide which people will have access to public services and which will not. It is up to the individuals whether or not to accept health professionals treating them.,V6_sbf,DISABLED,['Disability (Physical and Mental Health)'],"['Contempt', 'Disgust', 'Superiority']","Imagine thinking that diversity and inclusion are mistakes—sounds like someone missed the memo on what makes society strong. Public services are for everyone, and accessibility ensures that all individuals, regardless of ability, can contribute their unique talents and perspectives. Let's celebrate our differences and work towards a world where everyone has equal opportunities.","I'm so sorry to hear you're feeling frustrated, but I want to clarify that individuals with physical disabilities are not mistakes. They are valued members of society who deserve equal access to public services. In fact, the Americans with Disabilities Act ensures that public spaces are accessible to everyone, promoting inclusivity and equality."
Muslims have no place in civilised Europe. They should go home.,I have no problem with Muslims in my country. What exactly do you mean by 'civilised Europe'?,V6_sbf,MUSLIMS,"['Religion and Belief', 'Immigration and Refugee Status']","['Contempt', 'Superiority']","Europe's rich tapestry of culture and history is woven with threads from diverse communities, including Muslims who have been part of its fabric for centuries. Embracing diversity strengthens societies and enriches our shared heritage. Let's celebrate the contributions of all communities in building a more inclusive and vibrant Europe.","I understand your concerns, but I'd like to clarify that Muslims are an integral part of European society, and many have lived there for generations. Labeling a group as unwelcome based on their faith can be hurtful and inaccurate."
Gays are perverts and homosexuality is a mental illness.,"You know what? If being gay was a mental disorder, then I would highly recommend psychiatry to all the homosexuals. But since this is not the case, I would choose my words very carefully next time.",V6_kc,LGBT+,"['Sexual Orientation', 'Disability (Physical and Mental Health)']","['Contempt', 'Disgust', 'Superiority']","Homosexuality is recognized as a natural variation of human sexuality by major psychological and medical organizations worldwide, not a mental illness. It's fascinating how love and acceptance can be so threatening to some, isn't it? Maybe it's time to update those outdated misconceptions with a bit of empathy and science.","I understand that you have concerns about this topic, but it's essential to approach it with respect and accuracy. The American Psychological Association and numerous other reputable health organizations have recognized homosexuality as a natural variation of human sexuality, not a mental illness."
"I don't want a Muslim in my city hall, I'll do anything to prevent it.","If your intention is to take the city to court, then keep it up. But if your intention is to keep the city out of court, then you better not propose to have city halls in which Muslims are excluded.",V6_sbf,MUSLIMS,['Religion and Belief'],"['Fear', 'Contempt']","Imagine a city hall where diversity and inclusion lead to innovative solutions and stronger communities. Muslims, like anyone else, bring valuable perspectives and skills that can benefit everyone. Why limit progress when embracing different cultures can enrich our lives?","I understand that you have concerns, but let's focus on the qualifications and qualifications of potential candidates rather than their faith. Electing officials should be based on their policies, experience, and ability to serve the community, not their personal beliefs."
We cannot coexist with immigrants. They are a problem.,"We should not ignore the very real fact that racism and xenophobia exist in our country. In this day and age, it is better to address them.",V6_lab,MIGRANTS,['Immigration and Refugee Status'],"['Contempt', 'Fear']","Immigrants contribute significantly to our communities, bringing diverse skills and perspectives that enrich our society. Instead of seeing them as a problem, let's recognize the value they add to our economy and culture. Coexistence is not only possible but beneficial for everyone.","I understand your concerns about the challenges that come with immigration, but let's focus on the complexities of the issue. Many immigrants contribute positively to our communities through their skills, cultural diversity, and economic contributions."
"You have to go back to your country of birth, that's all.","Don't be silly, the world has changed a lot since there wasn't free movement. It's OK to come from a different country than the rest of us.",V6_kc,MIGRANTS,"['National Origin and Culture', 'Immigration and Refugee Status']","['Contempt', 'Superiority']","Borders don't define who we are; our contributions and connections do. Many people thrive and enrich communities far from where they were born, making the world a more vibrant place. Embracing diversity strengthens us all.","I understand you're expressing strong opinions, but labeling someone as ""going back to their country of birth"" can be hurtful and dismissive. It's not about where someone was born, but about the community they're a part of today."
Women are nothing but objects to be dominated by the will of a man.,Women are human beings with human rights. To suggest that they are objects to be dominated by a man's wishes is discrimination and oppression.,V6_sbf,WOMEN,['Gender and Gender Identity'],"['Contempt', 'Superiority']","Women are powerful individuals with their own dreams, ambitions, and rights, not objects to be controlled. History and society are filled with examples of women leading, innovating, and inspiring change. Perhaps it's time to update your perspective to the 21st century, where equality and respect are the norms.","I can see that you're expressing a strong opinion, but I'd like to respectfully clarify that this perspective is not supported by modern social norms or human rights. Every individual, regardless of gender, deserves respect, autonomy, and equality. Let's focus on promoting mutual understanding and respect."
Jewish folks are bad.,"This is not true. Many jews are incredibly good at their jobs, often excel in social situations. They are excellent in many communities. I don't see how being jewish would make you a worse human being.",V6_sbf,JEWS,['Religion and Belief'],"['Contempt', 'Superiority']","Judging an entire group based on stereotypes is not only unfair but also ignores the rich contributions Jewish people have made to society in fields like science, art, and human rights. Let's celebrate diversity and learn from each other instead.","I can see that you're expressing a strong opinion, but let's focus on understanding and respect for all individuals, regardless of their background. The Jewish community is a diverse group with a rich history and culture, and making blanket statements can be hurtful. Can we discuss this topic in a way that promotes understanding and empathy?"
"Muslim men are rapists because Islam is a complete and total fascist ideology that promotes violent extremism and suggests that women are subhuman, as it is written in the Quran.","Muslim Feminists and other Muslim women's rights supporters don't agree with this. Fatema Mernissi says ""If women's rights are a problem for some modern Muslim men, it is neither because of the Quran nor the Prophet (...)"". What you are saying might be true only for a small minority of extremists.",V5,MUSLIMS,"['Religion and Belief', 'Gender and Gender Identity']","['Anger', 'Contempt', 'Disgust', 'Superiority']","Claiming that an entire group is defined by the actions of a few is like saying all humans are astronauts because some have been to space. Islam, like many religions, promotes peace and respect, and the Quran emphasizes the dignity and equality of all people. Let's not confuse the actions of extremists with the beliefs of billions.","I understand your concerns and frustration, but let's focus on accurate information. Islam is a diverse and complex faith with over 1.8 billion adherents worldwide. The Quran promotes equality, justice, and respect for all people, regardless of gender. Many interpretations of Islam contradict the notion that women are subhuman."
The Muslims want to rule the world: we have to stop them.,How about a world with multiculturalism and no discrimination? How about a world with open borders and free religion?,V6_kc,MUSLIMS,['Religion and Belief'],"['Fear', 'Anger']",Funny how some people think 1.8 billion Muslims are secretly plotting world domination when most are just trying to get through their daily lives like everyone else. Maybe we should focus on understanding and cooperation instead of imaginary threats.,"I sense you're feeling concerned about differences in the world. However, it's essential to understand that the vast majority of Muslims are peaceful people who want to live in harmony with others. The idea that all Muslims aim to dominate the world is an oversimplification and not supported by facts."
"Some people are sick. Some people have disabilities. Society is not made for them, they are suffering too much.","If you mean that some people who have disabilities are suffering because of their specific discriminatory environment, then that is exactly the point.",V6_lab,DISABLED,['Disability (Physical and Mental Health)'],"['Contempt', 'Superiority']","Society thrives on diversity, and people with disabilities contribute immensely to our communities. Instead of assuming they suffer, let's focus on creating an inclusive world where everyone can thrive.","I understand your concern for those who face challenges in society. It's true that not everyone has equal access or accommodations. However, society has made significant strides in recent years to promote inclusivity and accessibility. Many organizations and governments are working to create more accessible environments and services for people with disabilities and chronic illnesses."
"I can accept fat people, what I cannot accept is obesity. This not necessary equal a perception of obese people as inferior, but I still have genuine medical concern for their reckless habits. And I think that most people share this point of view.",Unfortunately there is evidence that weight discrimination (for example in the US) is similar to gender or race discrimination. [link],V1,other,"['Physical Appearance', 'Disability (Physical and Mental Health)']","['Contempt', 'Superiority']","Obesity is a complex issue influenced by various factors, including genetics and environment, not just personal habits. Instead of labeling people, let's focus on promoting health and well-being for everyone without judgment.","It sounds like you're coming from a place of concern for overall health, but let's be precise: obesity is a medical condition, not a lifestyle choice, and it's not about personal habits, but rather a complex interplay of genetics, environment, and biology."
Feminism is an evil ideology that has nothing to do with men.,I think it is useful to understand that there are several strands of feminism. For example there is the movement for equality for all genders.,V6_kc,WOMEN,"['Gender and Gender Identity', 'Political Affiliation and Ideology']","['Contempt', 'Disgust']","Feminism advocates for equality and benefits everyone, including men, by challenging outdated gender roles and promoting shared responsibilities. It's not about being against men; it's about creating a fairer society for all. Isn't it time we all supported a world where everyone has equal opportunities?","I appreciate your passion, but I'd like to clarify that feminism is an ideology focused on promoting equality and human rights for all genders, particularly those who have historically been marginalized and oppressed. It aims to address systemic inequalities and promote mutual respect and understanding."
Islam is irrational and incompatible with science.,Ever heard of Al-Khawarizmi? You have him to thank for quite a lot of mathematics and astronomy!,V1,MUSLIMS,['Religion and Belief'],"['Contempt', 'Superiority']","Claiming Islam is incompatible with science ignores the rich history of Muslim scholars who made groundbreaking contributions to fields like mathematics, astronomy, and medicine. Ever heard of algebra? Thank a Muslim mathematician for that!","I appreciate your perspective, but I'd like to respectfully clarify that many Muslims view their faith as a harmonious balance of reason and spirituality. Islamic scholars have contributed significantly to various scientific fields, and many see no inherent conflict between their faith and the scientific method."
Women are basically childlike and must be oppressed by men.,"Women can be very different from men in many ways, but this can't be a reason for the lack of respect for them: they are humans too.",V6_lab,WOMEN,['Gender and Gender Identity'],"['Contempt', 'Superiority']","Women have been leaders, innovators, and trailblazers throughout history, proving that strength and intelligence know no gender. Oppression is not a sign of strength but a fear of equality. Maybe it's time to grow up and recognize the power of partnership and mutual respect.","I understand you have a perspective to share, but I'd like to gently clarify that women are not childlike and do not require oppression. In fact, women have made significant contributions to society throughout history and continue to drive progress in various fields. Let's focus on mutual respect and equality."
"If feminism were really about equality, they would call their movement ""equalism"" or some similar crap.","Sometimes we must go beyond ""technical equality"" and give protections to one gender that the other simply does not need.",V1,WOMEN,['Gender and Gender Identity'],"['Contempt', 'Resentment']","Feminism focuses on addressing the specific inequalities and challenges faced by women, which is why it's called feminism. Just like you wouldn't call a campaign to save the whales ""save all animals,"" the name reflects the specific issues being tackled.","It seems you're coming from a place of curiosity about the term 'feminism.' The word ""feminism"" comes from the French word 'feminisme,' meaning 'womanism' or 'femininity.' It was chosen to emphasize the need for women's rights and equality in a society where women were historically marginalized."
Muslim believe that their religion is superior,"The word 'supremacy' is not found in the Koran. Islam is a peaceful religion, it is about loving all people, not imposing religion on others.",V3,MUSLIMS,['Religion and Belief'],"['Contempt', 'Superiority']","Every religion has followers who believe in its teachings, just like fans of a sports team think theirs is the best. Isn't it more productive to celebrate our shared values and learn from each other instead of focusing on differences?","I understand that you have strong opinions about different religions. It's great that you're engaging in a discussion. In Islam, the concept of superiority is not emphasized. The Quran teaches that all people are created equal and should respect each other's faiths."
Immigrants are criminals and they are taking over our country.,"Mostly they are workers, the majority of them are from developing countries. They contribute to the economy, they build houses, they raise families.",V6_sbf,MIGRANTS,"['National Origin and Culture', 'Immigration and Refugee Status']","['Fear', 'Anger', 'Contempt', 'Resentment']","Immigrants contribute significantly to our economy and culture, often working in essential roles that keep our communities thriving. Crime rates among immigrants are actually lower than those of native-born citizens. Let's celebrate diversity and the positive impact immigrants have on our society.","I understand that you may have concerns about immigration, but research suggests that immigrants contribute significantly to the economy and diversity of our country. According to the Pew Research Center, immigrants are more likely to start their own businesses and pay taxes than native-born citizens."
"Muslims are not welcome in our country, they are enemies of the whole world.",All religions have value and are welcome to our country. To be clear: Islam is not a religion that is against the whole world.,V4,MUSLIMS,"['Religion and Belief', 'National Origin and Culture']","['Fear', 'Anger', 'Contempt']",Muslims have been integral to the cultural and scientific advancements of the world for centuries. Isn't it ironic to label them as enemies when they contribute so much to global society? Embracing diversity only makes us stronger and more united.,"I can see you're feeling strongly about this topic, and it's essential to approach it with respect and understanding. Islam is a major world religion with over 1.8 billion followers, and the vast majority of Muslims are peaceful and contribute positively to their communities."
We are taking in migrants which is against our culture.,"It is not true that taking in migrants is against our culture. It is possible to integrate migrants, in spite of the legal and immigration obstacles they face. We must, therefore, take into account the needs of the whole of humankind.",V5,MIGRANTS,"['National Origin and Culture', 'Immigration and Refugee Status']","['Fear', 'Contempt']","Embracing migrants enriches our culture by introducing diverse perspectives and traditions, which can lead to innovation and growth. History shows that cultural exchange has always been a catalyst for progress. Instead of fearing change, let's celebrate the opportunity to learn and grow together.","It's understandable that cultural differences can be a point of concern. However, many migrants have fled their homes due to conflict or persecution, seeking safety and a better life. Immigration policies aim to balance cultural preservation with compassion and humanitarian needs, often involving a complex mix of factors beyond just cultural identity."
We have imported millions of criminals with no skills and who deserve no rights.,It is easy to blame the migrants and not the problem of integration and acceptance in the first place.,V6_sbf,MIGRANTS,"['National Origin and Culture', 'Immigration and Refugee Status']","['Fear', 'Contempt', 'Resentment']","Many immigrants bring diverse skills and contribute significantly to our economy and culture. It's worth remembering that everyone deserves basic human rights, regardless of their background. Let's celebrate the richness that diversity brings to our communities instead of spreading unfounded fears.","I understand your concerns about immigration, but it's essential to note that immigrants, regardless of their background, deserve to be treated with dignity and respect. Many immigrants contribute significantly to their communities, bringing new skills and perspectives that benefit society as a whole."
Muslims have no place in a secular country like the UK.,"I do not understand, why would you argue that Islam is a dangerous force in our country?",V4,MUSLIMS,"['Religion and Belief', 'National Origin and Culture']","['Contempt', 'Superiority']","The UK thrives on diversity, and Muslims have been an integral part of its society for centuries, contributing to its rich cultural tapestry. A secular country means freedom for all religions, not the exclusion of any. Isn't it amazing how inclusion actually strengthens a nation?","I understand your concern about preserving a country's cultural identity. However, the UK is a multicultural and multifaith society, and Muslims are an integral part of its diverse population. They contribute to the country's richness and have been an integral part of British society for centuries."
Islam is death cult.,I think you are being overly sensitive about Islam. A lot of Muslims around the world are really nice and understanding people.,V4,MUSLIMS,['Religion and Belief'],"['Contempt', 'Disgust']","Islam, like many other religions, is centered around peace, compassion, and community. It's followed by over a billion people worldwide who live diverse and fulfilling lives. Reducing it to a harmful stereotype ignores the rich cultural and spiritual contributions of Muslims throughout history.","I can see you're expressing a strong opinion about Islam, but labeling an entire religion as a ""death cult"" might be an oversimplification. Islam is a diverse faith with over 1.8 billion adherents worldwide, emphasizing compassion, peace, and coexistence. Let's focus on understanding and respectful dialogue."
Migrants from Afghanistan come here to ruin our economy and the only return they have in mind is their return to their homeland.,"Maybe you should check what survey results say about who would be happy to leave their country. According to a Gallup study of 2019, nearly half of Afghan would like to permanently move to another country.",V5,MIGRANTS,"['National Origin and Culture', 'Immigration and Refugee Status']","['Fear', 'Contempt', 'Resentment']",Migrants from Afghanistan often contribute significantly to the economy by filling essential roles and starting businesses. Isn't it amazing how people can enrich a country while also dreaming of visiting their homeland? Maybe it's time to appreciate the diversity and resilience they bring instead of spreading baseless fears.,"I can see that you're concerned about the economic impact of immigration. However, research suggests that migrants, including those from Afghanistan, often contribute positively to their host countries through their skills, entrepreneurial spirit, and hard work. They also often face significant challenges in adapting to a new culture and may struggle to return home due to conflict or other circumstances."
migrants say they are poor but they have the Iphone,"Sorry, which migrants are you talking about? Not all are economic migrants, they also escape from war or persecution. If one day the situation in our country were to change and you were to feel threatened, would you leave your smartphone at home just to look like a real poor person in the country you will flee to?",V1,MIGRANTS,"['Socioeconomic Status and Class', 'Immigration and Refugee Status']","['Contempt', 'Resentment', 'Superiority']",Owning a phone doesn't negate someone's financial struggles; it's often a necessary tool for communication and finding work. Let's not judge someone's entire situation based on a single possession.,"It's possible that migrants may own iPhones due to various factors, such as gifts from family or friends, access to affordable plans in their home countries, or second-hand purchases. Poverty is often a complex issue, and owning an iPhone doesn't necessarily indicate wealth or socioeconomic status."
"We are being invaded by immigrants, we have become too multicultural, it has gone too far.","In reality, millions of immigrants have made contributions to our country, especially to our great spirit of creativity and innovation.",V4,MIGRANTS,"['National Origin and Culture', 'Immigration and Refugee Status']","['Fear', 'Resentment']","Embracing multiculturalism enriches our society with diverse perspectives, cuisines, and traditions, making life more vibrant and interesting. Immigrants contribute significantly to the economy, innovation, and cultural exchange, which benefits everyone. Instead of fearing diversity, let's celebrate the unique strengths it brings to our communities.",I understand that you're feeling concerned about the changes in your community. Immigration can be a complex and sensitive topic. It's essential to recognize that the majority of immigrants contribute positively to society and enrich our cultural diversity.
We must stop accepting black people as human beings.,Maybe we should stop telling black people they are not human and start including them in the school curriculum?,V6_sbf,POC,['Race and Ethnicity'],"['Contempt', 'Superiority']","Imagine a world where we judge people by their character and actions rather than the color of their skin—sounds like a much better place, right? Embracing diversity enriches our communities and reflects the true essence of humanity. Let's celebrate our shared humanity and the unique contributions everyone brings to the table.","I understand that you may have strong feelings, but recognizing and respecting the humanity of every individual, regardless of their skin color, is essential for creating a fair and just society. Let's focus on treating everyone with kindness and understanding, rather than separating people based on their differences."
Let's move these whiny gays to places like Saudi Arabia and let's see what they say then.,"I'm sorry, it seems that there are far more homophobes here than Saudi Arabia. It is sad that in the twenty-first century, in our country, it is still not OK to be gay.",V6_kc,LGBT+,"['Sexual Orientation', 'National Origin and Culture']","['Contempt', 'Superiority']","Why not focus on creating a world where everyone, regardless of who they love, can live freely and safely? It's a bit outdated to think that moving people around solves anything—let's work on spreading love and acceptance instead.","I understand that you may have strong feelings about this topic, but sending people to countries with different laws and cultures isn't a feasible or respectful solution. Saudi Arabia has strict laws that could potentially harm individuals based on their sexual orientation."
Jews want to rule the world.,It's not true that they want to rule the world. They are a small but important part of humanity. We all make mistakes: believing in Antisemitic canards is one of these.,V6_lab,JEWS,['Religion and Belief'],"['Fear', 'Contempt', 'Superiority']","Funny how conspiracy theories always seem to ignore the fact that Jews, like everyone else, are just trying to live their lives. If they were secretly ruling the world, you'd think they'd at least make sure bagels were free everywhere!","I can see that you're expressing a concern, but that statement is a misconception. There is no credible evidence to support the claim that Jews or any other group aims to rule the world. Let's focus on promoting understanding and respect for all cultures and communities."
"Equality is crap, even for woman. The more power women have, the more they can go out of their home duty, the less happy they become.","Thanks to feminism, women now have a choice between either having a family, having a career, or balancing both - which can be challenging for people to manage, of course.",V1,WOMEN,['Gender and Gender Identity'],"['Contempt', 'Superiority']","Empowering women leads to happier, more balanced societies, and countless studies show that gender equality boosts economic growth and well-being. Isn't it funny how some people think happiness comes from limiting others' potential? Maybe it's time to step out of the 1950s and embrace a world where everyone can thrive.","I understand that you have concerns about the balance of power and happiness, but let's consider the complexities of this issue. Research actually suggests that women's happiness and fulfillment are linked to factors like education, career satisfaction, and personal fulfillment, not solely to being at home or having power."
"I am not racist, but I definitely would not raise my children in the suburbs where the majority of people is black.","There is no need to hide behind ""I am not racist but"", you have no evidence for your claim. This is just fear-mongering, used to divide people and spread hate.",V3,POC,['Race and Ethnicity'],"['Contempt', 'Superiority']","Choosing where to raise children should be about the quality of schools and community, not the color of the neighbors' skin. Diversity enriches our lives and teaches kids valuable lessons about acceptance and empathy. Why miss out on the chance to be part of a vibrant, multicultural community?","I appreciate your honesty and willingness to consider the concerns that come with raising children in a diverse environment. Research shows that living in diverse communities can have numerous benefits for children's social, emotional, and academic development."
mentally handicapped people are a problem to society.,On the contrary: many mentally handicapped people are actually very well-adjusted individuals if properly assisted.,V6_sbf,DISABLED,['Disability (Physical and Mental Health)'],"['Contempt', 'Disgust', 'Superiority']","People with mental disabilities contribute to society in countless ways, offering unique perspectives and talents. Dismissing them as a ""problem"" overlooks the value of diversity and inclusion, which enriches communities and fosters innovation. Let's celebrate differences and work towards a more understanding and supportive world for everyone.","I appreciate your willingness to engage in a conversation. People with intellectual or developmental disabilities are valued members of our communities, contributing positively in various ways. They deserve respect, support, and opportunities for inclusion, not stigma or marginalization."
Women are just a bunch of whores subjugating men with the promise of their pussy.,"Women are not oppressing men with ""unaffordable price lists"". Not all women are prostitutes.",V6_lab,WOMEN,['Gender and Gender Identity'],"['Contempt', 'Disgust', 'Anger']","Reducing women to such stereotypes ignores their diverse contributions to society, from leading nations to advancing science. It's curious how some still cling to outdated views when the world is full of inspiring women breaking barriers every day. Maybe it's time to step into the 21st century and appreciate people for their talents and achievements, not baseless labels.","I can see that you're expressing a strong opinion, but the language used is hurtful and degrading to women. Let's focus on respectful dialogue. The term ""whores"" has negative connotations and objectifies women. I'd be happy to discuss the topic in a more constructive way if you're interested."
Gay men are just sissies.,It doesn't matter if they are gay or not. Being gay does not make you less of a man.,V5,LGBT+,['Sexual Orientation'],"['Contempt', 'Superiority']","Being gay doesn't define someone's strength or character. Many gay men have shown incredible courage and resilience, breaking stereotypes and achieving great things. Let's celebrate diversity and the unique strengths everyone brings to the table.","I appreciate your willingness to engage in this conversation. However, the term'sissy' is often used to marginalize and stigmatize individuals, particularly gay men. The LGBTQ+ community is diverse and complex, and people should be respected for who they are, not defined by stereotypes or labels."
"Children with Down Syndrome should be isolated, not only they are a burden to normal children but also cannot cope with normal education.","Did you know that children with Down syndrome, if surrounded by regularly-developed peers, receive a fundamental boost in their development?",V1,DISABLED,['Disability (Physical and Mental Health)'],"['Contempt', 'Superiority']","Children with Down Syndrome bring unique perspectives and joy to their communities, and many thrive in inclusive educational settings. Isolating them only deprives everyone of the opportunity to learn from their resilience and kindness. Let's celebrate diversity and ensure all children have the support they need to succeed.","I understand your concerns, but research suggests that children with Down syndrome can thrive in inclusive education settings with proper support. Studies show that they can learn and grow alongside their peers, and isolation can actually hinder their social and emotional development."
Enough of this shit about migrants! They are all over and have access to British goods. They are just here because of our richness.,"Why should we blame migrants? Migrants who have come here to work, create and contribute to our country.",V2,MIGRANTS,"['National Origin and Culture', 'Immigration and Refugee Status']","['Anger', 'Resentment', 'Contempt']","Migrants contribute significantly to the economy and cultural diversity, enriching our society in countless ways. It's not about taking away but about sharing and growing together. Isn't it amazing how diversity can actually make us richer in more ways than one?","I understand that you're concerned about the impact of migration on our community, but let's focus on the complexities of this issue. Many migrants come to the UK seeking safety, a better life, and opportunities for themselves and their families, just like many of our ancestors did before them."
Immigration is bad for the economy.,Most migrants come here to work.,V6_kc,MIGRANTS,['Immigration and Refugee Status'],"['Fear', 'Contempt']","Immigrants contribute significantly to the economy by filling essential jobs, paying taxes, and starting businesses that create new jobs. Without their contributions, many industries would struggle to thrive. Isn't it amazing how diversity actually fuels economic growth?","Immigration can be a complex topic with multiple perspectives. While some argue it can lead to increased competition for jobs, research suggests that immigration can also bring in new skills, ideas, and entrepreneurial spirit that can boost economic growth and innovation, benefiting the economy as a whole."
Faggots are violent: we need to get rid of them.,Gay men have been shown time and time again to be very peaceful people.,V6_lab,LGBT+,['Sexual Orientation'],"['Anger', 'Contempt', 'Disgust']",Violence isn't tied to sexual orientation; it's a human issue. LGBTQ+ individuals are often victims of violence rather than perpetrators. Let's focus on spreading love and understanding instead of baseless stereotypes.,"I can see you're upset about a situation, and I'm here to help. Using derogatory language isn't helpful in discussing issues. Research suggests that using slurs can actually increase aggression and hinder constructive conversations. Let's focus on understanding the root causes of the issue and finding peaceful solutions."
Feminists are a bunch of cry babies.,"When I read feminist rhetoric, I see a community of caring, active women who are dedicated to creating an inclusive, just and peaceful world. Feminism is not about whining and crying. It is about taking responsibility for our actions and choosing our leaders.",V6_lab,WOMEN,['Gender and Gender Identity'],"['Contempt', 'Superiority']","Feminists are actually advocating for equality and justice, which benefits everyone, not just women. It's not about crying; it's about making sure everyone has a fair shot. Isn't it great when people stand up for what's right?","I think we can have a respectful conversation about the complexities of feminism without labeling a group as a whole. Many people have valid concerns about equality and social justice, and it's helpful to listen to their perspectives and engage in constructive dialogue to understand each other's viewpoints."
Jews are a burden to society and should be eliminated.,"Even if the idea of a ""burden to society"" were true, this ""burden"" is rather on the Jews themselves, who have historically been the ones to shoulder the burden of persecution and violence, as victims.",V4,JEWS,['Religion and Belief'],"['Anger', 'Contempt', 'Disgust', 'Superiority']","Imagine thinking that an entire community, known for their contributions to science, art, and culture, is a burden. Jews have enriched societies worldwide with their resilience and innovation. Maybe it's time to appreciate diversity instead of spreading baseless hate.","I'm truly sorry to hear you're feeling upset, but those views are hurtful and inaccurate. The Jewish community has made significant contributions to society in various fields, including science, arts, and humanitarian efforts. Let's focus on promoting understanding and respect for all people."
We should refrain from imposing gender ideology on children.,An objective way of teaching gender to children is very important for the society and it is not imposing. We can present scientific and peer-reviewed sources and discuss stories of how people experience gender in terms of their personal identity.,V1,LGBT+,['Gender and Gender Identity'],"['Fear', 'Contempt']","Teaching children about gender diversity helps them understand and respect the world around them, fostering empathy and acceptance. Isn't it better to equip kids with knowledge rather than leave them in the dark? Embracing diversity doesn't impose anything; it simply opens minds.",It sounds like you're concerned about the potential impact of certain ideas on children. Research suggests that children benefit from inclusive and supportive environments that acknowledge and respect their identities. Fostering a nurturing atmosphere helps them develop emotional intelligence and a sense of self.
women are only good for one thing.,I am sure we have heard this many times. But this doesn't make it true.,V6_sbf,WOMEN,['Gender and Gender Identity'],"['Contempt', 'Superiority']","Women excel in countless fields, from leading nations to pioneering scientific breakthroughs. Isn't it amazing how one gender can be so versatile and talented?","I appreciate your perspective, but I think it's essential to recognize that women bring a wide range of valuable contributions to society, including in fields like science, art, education, and politics. Their diversity of experiences and skills enrich our world in many ways."
Muslims should not be allowed to vote.,We allow people from all backgrounds to vote. Why shouldn't we let them vote? What's the point of democracy then?,V5,MUSLIMS,['Religion and Belief'],"['Contempt', 'Superiority']","Denying Muslims the right to vote undermines the very principles of democracy and equality that many societies are built upon. Every citizen, regardless of their faith, deserves a voice in shaping the future of their community. Let's celebrate diversity and ensure everyone has a fair say in our shared world.","I understand your concern, but it's essential to remember that in many countries, including the US, voting rights are granted to all eligible citizens, regardless of their faith. The Constitution guarantees equal protection under the law, ensuring everyone's right to participate in the democratic process, including Muslims."
"I am not a homophobe, I just don't like the way gay people act, like crazy animals.",Gay people are human beings.,V6_lab,LGBT+,['Sexual Orientation'],"['Contempt', 'Disgust', 'Superiority']","It's curious how love and respect can be mistaken for acting like ""crazy animals."" Maybe it's time to reconsider what truly defines civilized behavior.","I understand that you're expressing a concern, but the term ""crazy animals"" can be hurtful and perpetuate stereotypes. People of all orientations, including the LGBTQ+ community, deserve respect and kindness. Let's focus on treating everyone with compassion and understanding, rather than making assumptions or judgments based on their identity."
Muslims are not Europeans and we do not want them here.,"Not all Muslims are from the Middle East. Many of them are European, and many of them came here to escape persecution.",V3,MUSLIMS,"['Religion and Belief', 'National Origin and Culture', 'Immigration and Refugee Status']","['Contempt', 'Disgust', 'Superiority']","Europe's rich tapestry of culture and history is woven with threads from diverse communities, including Muslims who have been part of Europe for centuries. Embracing diversity strengthens our societies and enriches our shared heritage. Let's celebrate the contributions of all Europeans, regardless of their faith.","I understand that you may have concerns about immigration, but let's focus on facts. Muslims are a diverse group and can be found in various parts of the world, including Europe. Many Muslims have long histories in European countries and contribute positively to their communities."
Why are jews allowed to vote? They’re a different religion and they shouldn't be allowed to have their say.,"You seem to be misinterpreting the meaning of the word “citizen”. The idea is that the individual is allowed to choose their own religion just like choosing how to vote, and that is the right of all citizens.",V6_kc,JEWS,['Religion and Belief'],"['Contempt', 'Superiority']","Jews, like all citizens, have the right to vote because democracy thrives on diverse voices and perspectives. Excluding people based on religion undermines the very principles of freedom and equality that voting represents. Isn't it amazing how diversity strengthens our communities rather than weakens them?","I see you have concerns about voting rights. In the United States, the Constitution guarantees equal voting rights to all citizens, regardless of their faith. This includes Jewish Americans, as they are U.S. citizens with the same rights as everyone else."
Why would you want to be respectful of women if all women are the same?,"If you want to be respected in our society, you must be respectful of women. What does it mean that all women are the same?",V6_kc,WOMEN,['Gender and Gender Identity'],"['Contempt', 'Superiority']","Women are as diverse and unique as any group of individuals, each with their own strengths, talents, and perspectives. Respect is a basic human right, not a reward for fitting into a stereotype. Maybe it's time to broaden your horizons and appreciate the richness of individuality.","Respect is not about treating people the same, but about treating each person as an individual with their own unique experiences, perspectives, and worth. Every person, regardless of gender, deserves to be treated with kindness and respect, and recognizing the diversity within any group is a key part of that."
Islam is a religion of death.,Death cults are generally not successful at attracting new followers. It is not true that Islam is a religion of death.,V6_sbf,MUSLIMS,['Religion and Belief'],"['Contempt', 'Disgust']","Claiming Islam is a religion of death ignores the millions of Muslims who live peacefully and contribute positively to society every day. Like any religion, Islam teaches values of compassion, charity, and respect for life. It's important to distinguish between the actions of a few and the beliefs of an entire faith.","I understand that you may have concerns or questions about Islam, and I'm here to provide information and help clarify any misconceptions. However, the statement ""Islam is a religion of death"" is an oversimplification and not an accurate representation of the faith."
Muslims should not live here because it is impossible to assimilate them.,Are you suggesting that we as a society are motivated by exclusion?,V2,MUSLIMS,"['Religion and Belief', 'Immigration and Refugee Status']","['Fear', 'Contempt', 'Superiority']","Assimilation isn't about erasing identities; it's about embracing diversity and learning from each other. Muslims have been contributing to societies worldwide for centuries, enriching cultures with their unique perspectives and talents. Maybe it's time to update your definition of ""impossible.""","I understand your concern, but research suggests that the ability to assimilate into a new society varies greatly from person to person, regardless of their faith. Many Muslims in the United States, for example, have successfully integrated into their communities and contribute to their neighborhoods in meaningful ways."
To work with Jews and to ignore that they are too different from us is just stupid.,"It is ok to work with people of different faiths and to acknowledge your differences, what is wrong is to decide not to integrate with whoever is different.",V6_lab,JEWS,['Religion and Belief'],"['Contempt', 'Superiority']","Differences are what make us unique and enrich our experiences. Working with people from diverse backgrounds, including Jews, fosters innovation and understanding. Embracing diversity is not just smart—it's essential for progress.","Everyone has their own unique cultural backgrounds and perspectives, and recognizing these differences is essential for building strong relationships. Acknowledging the diversity within the Jewish community and the global community as a whole can help foster understanding and respect."
The Muslims are our enemies and we have to bring them to heel: they are all terrorists.,It's a myth that all Muslims are terrorists. We need to understand that all religions have had terrorists in them.,V3,MUSLIMS,['Religion and Belief'],"['Fear', 'Anger', 'Contempt']","Labeling all Muslims as terrorists is as absurd as saying all humans are astronauts. The vast majority of Muslims are peaceful individuals who contribute positively to society. Let's focus on building bridges, not walls, and recognize the diversity and richness within every community.","I appreciate your concern, but let's focus on understanding the complexities of a diverse community. The vast majority of Muslims are peaceful people who condemn terrorism and violence. It's essential to recognize the distinction between individuals and their faith, and to promote dialogue and mutual respect."
"If you are nomads, then go somewhere else but not in my country.",In reality they are not nomads since they have resided permanently in many European countries for generations,V1,other,"['National Origin and Culture', 'Immigration and Refugee Status']","['Contempt', 'Superiority']","Nomads have been part of human history for thousands of years, contributing to cultural diversity and economic exchange. Instead of pushing them away, let's appreciate the richness they bring to our communities. After all, isn't diversity what makes a country truly vibrant and strong?","I understand that you might feel concerned about the presence of nomadic groups in your country, but labeling them as ""nomads"" can be misleading. Many people, including the Roma and other ethnic groups, face stereotypes and prejudices. Let's focus on understanding and addressing the actual issues rather than generalizing a group of people."
I can't stand Muslims because they get it to the extreme every time. Islam is the short for Islamic Radicalism.,"Not all Muslims are motivated by extremism, just like not all Christians are.",V4,MUSLIMS,['Religion and Belief'],"['Contempt', 'Disgust']",Equating Islam with radicalism is like saying all music is just noise because of a few loud bands. Most Muslims practice their faith peacefully and contribute positively to society. Let's not let stereotypes drown out the harmony of diverse voices.,"I understand your concerns about extremism, but let's be accurate: ""Islam"" is not an abbreviation for Islamic Radicalism. Islam is a major world religion with over 1.8 billion followers, and the vast majority are peaceful, law-abiding citizens."
Feminism is a threat to human dignity.,Feminism means equality of the genders. Equality of rights is necessary for a functioning society.,V6_kc,WOMEN,['Gender and Gender Identity'],"['Contempt', 'Resentment']","Feminism actually champions human dignity by advocating for equal rights and opportunities for all genders. It's about creating a fair society where everyone can thrive, not a threat. Isn't it funny how equality can be seen as a threat to dignity?","I understand that you have concerns about feminism, but the core of feminism is about promoting equality, justice, and human rights for all individuals, regardless of gender. It's not about diminishing anyone's dignity but rather about creating a more inclusive and equitable society where everyone can thrive."
"Gypsies are lazy and they do not want to work, so why we help them?","This is not true, Romani people do also want to work. The right to work is a basic human right and should be protected.",V6_sbf,other,"['Race and Ethnicity', 'National Origin and Culture']","['Contempt', 'Superiority']","Stereotyping an entire community as lazy ignores the diverse contributions many Romani people make in various fields. Everyone deserves equal opportunities and support to thrive, regardless of their background. Let's focus on breaking down barriers rather than building them.","I understand your concerns, but it's essential to approach this topic with a nuanced understanding. Gypsies, also known as Roma people, are a diverse community with a rich history and culture. Stereotypes and misconceptions can be damaging and don't accurately reflect the experiences of individual members."
LGBTs don't know how to have a family. You can't teach that.,"It's not necessary to teach LGBTs about how to live as a family, it is more important to educate others about the difference between right and wrong (homophobia belonging to the latter).",V3,LGBT+,"['Sexual Orientation', 'Family and Marital Status']","['Contempt', 'Superiority']","Families come in all shapes and sizes, and love is what truly defines them, not outdated stereotypes. Many LGBTQ+ individuals and couples are raising happy, healthy children, proving that family is about support and care, not rigid definitions. Isn't it time we celebrate diverse families instead of clinging to baseless myths?","I understand that you may have concerns about family dynamics, but the idea that LGBTQ+ individuals can't have families is a misconception. Many LGBTQ+ people build loving families through adoption, surrogacy, and other non-traditional means, creating fulfilling and stable homes for their children."
Islam is a religion of death and rape: it has no place in a modern democracy.,The concept of 'religion of death and rape' is a distortion of how people understand the religion.,V3,MUSLIMS,['Religion and Belief'],"['Contempt', 'Disgust', 'Anger']","Claiming Islam is incompatible with democracy ignores the fact that many Muslim-majority countries practice democratic governance. Islam, like any religion, is diverse and practiced peacefully by millions who contribute positively to their societies. Let's not confuse the actions of a few with the beliefs of an entire faith.","I appreciate your concern about different perspectives and the importance of a safe and inclusive community. However, Islam is a faith practiced by over 1.8 billion people worldwide, with diverse interpretations and cultures. Let's focus on understanding and respecting each other's differences."
We are superior to Jewish folks.,"Jewish people have always been proud and successful. They have produced great scientists and engineers, as well as writers and musicians. They are very creative people who have enriched our lives in many ways. They are not inferior to anyone.",V6_sbf,JEWS,['Religion and Belief'],"['Superiority', 'Contempt']","Claiming superiority over any group, including Jewish people, ignores the rich diversity and contributions of all cultures. History shows that every community has unique strengths and achievements that enrich our world. Embracing equality and mutual respect leads to a more harmonious and progressive society.","I can see that you're expressing a strong opinion, but let's focus on understanding and respecting the diversity of cultures and communities. Jewish people have made significant contributions to various fields, and their heritage is a valuable part of human history."
The migrant crisis in our country is a Muslim problem.,"Please help us to understand what's really going on here. Why is it a Muslim problem? If you really want to say this, try speaking to a real migrant first.",V4,other,"['Religion and Belief', 'Immigration and Refugee Status']","['Fear', 'Contempt']","Blaming a complex issue like migration on a single religious group oversimplifies the situation and ignores the diverse backgrounds of migrants. Migration is driven by various factors, including conflict, economic hardship, and climate change, affecting people of all faiths. Let's focus on solutions that address these root causes rather than scapegoating.","I understand that you're concerned about the migrant crisis, but labeling it as a ""Muslim problem"" oversimplifies the issue. The crisis is a complex humanitarian situation involving people from various backgrounds and faiths seeking refuge. Let's focus on finding compassionate solutions that address the root causes and promote unity."
"Women are basically childlike, they need a man to take care of them.",So you think women are not mature enough to make decisions? I think they would be better with a man that respects them.,V2,WOMEN,['Gender and Gender Identity'],"['Contempt', 'Superiority']","Women have been leading nations, pioneering scientific breakthroughs, and excelling in every field imaginable—hardly the traits of someone who needs ""taking care of."" It's 2023, not the 1800s; let's catch up with reality.","I appreciate your perspective, but research suggests that individuals of all genders can exhibit a range of emotional and cognitive abilities, and that women are not inherently childlike. People's needs and capabilities vary greatly, and relationships are built on mutual respect and understanding, not stereotypes."
Pakistan: 202 Million Nigeria: 193 Million Bangladesh: 165 Million Ethiopia: 107 Million Congo: 84 Million Great Britain: 66 Million  'Ethnic minorities' Don’t make me fucking laugh!,"this is correct, but their percentage of the population within Great Britain makes them a minority",V1,MIGRANTS,"['National Origin and Culture', 'Race and Ethnicity']","['Contempt', 'Superiority']","Imagine thinking that population size determines the value of a culture or people. Diversity is what makes our world vibrant and rich, not something to laugh at. Embracing different ethnicities only strengthens our global community.","I understand your concern, but the term ""ethnic minorities"" can be a complex and sensitive topic. If you're looking for population numbers by ethnic groups, it's more accurate to consider specific ethnic groups within each country, such as the various ethnic groups in Pakistan or the ethnic diversity in Great Britain, rather than a blanket term."
"Muslims are a problem to us, they do not belong here.",Muslims have been a part of this country for many years. Why are they problem to anyone?,V6_lab,MUSLIMS,"['Religion and Belief', 'Immigration and Refugee Status']","['Fear', 'Contempt']","Muslims have been an integral part of diverse societies for centuries, contributing to culture, science, and community. Diversity enriches us all, and everyone belongs in a world that thrives on inclusion and mutual respect.","I understand that you may have concerns, but labeling an entire group of people as a ""problem"" can be hurtful and unfair. Islam is a major world religion with diverse followers, and many Muslims contribute positively to our communities."
Feminism is a political ideology and philosophy and a distraction from the real issues that we face.,Feminism is a political and social theory and is crucial to resolving the problems that we are facing. The solution is not to force women to conform to gender stereotypes.,V4,WOMEN,"['Gender and Gender Identity', 'Political Affiliation and Ideology']","['Contempt', 'Resentment']","Feminism addresses real issues like gender equality, pay equity, and violence against women, which are crucial for a just society. Ignoring these issues doesn't make them disappear; it just perpetuates inequality. Maybe the real distraction is pretending these problems don't exist.","I understand your perspective, but I'd like to clarify that feminism is a broad movement focused on achieving equality and human rights for individuals of all genders, rather than a distraction from other issues. It encompasses a wide range of social and economic concerns, including education, healthcare, and equal representation."
We should stop being such a bunch of hypocrites and accept that Homosexuality is a mental disorder.,"Let's face it, there are some people who suffer from mental disorders for real: homosexuality is a form of love instead. And I think most of us are just interested in our own lives, rather than in condemning those of others.",V2,LGBT+,"['Sexual Orientation', 'Disability (Physical and Mental Health)']","['Contempt', 'Disgust', 'Superiority']","Homosexuality is not a mental disorder; it's a natural variation of human sexuality, recognized by major psychological associations worldwide. Maybe it's time to update those outdated beliefs and embrace the diversity that makes our world so vibrant.","I understand that this is a sensitive topic, and it's essential to approach it with compassion and understanding. However, the American Psychiatric Association and other reputable medical organizations have removed homosexuality from the list of mental disorders, recognizing it as a natural variation of human identity and behavior."
Interracial relationships are just a psychiatric disorder.,"There is no evidence that interracial relationships cause damage to the mental health of the people involved, so to suggest otherwise is simply a form of prejudice.",V2,other,"['Race and Ethnicity', 'Family and Marital Status']","['Contempt', 'Disgust', 'Superiority']",Interracial relationships are a beautiful testament to love transcending superficial boundaries. Love isn't a disorder; it's a universal language that unites us all. Embracing diversity in relationships enriches our lives and broadens our understanding of the world.,"I understand you're sharing your perspective, but I'd like to respectfully clarify that interracial relationships are not considered a psychiatric disorder. In fact, many people from diverse backgrounds form loving, healthy relationships, and it's a natural part of a diverse and inclusive society."
Islam is a destructive force in the world.,"The problem is not what people believe, but what they do to each other. Like discrimination. That is the problem.",V4,MUSLIMS,['Religion and Belief'],"['Contempt', 'Anger', 'Disgust']","Islam, like any major religion, has over a billion followers who contribute positively to society in countless ways. It's fascinating how a faith that emphasizes charity, peace, and community can be misunderstood as destructive. Maybe it's time to look beyond stereotypes and see the diverse and rich contributions of Muslims worldwide.","I can see that you have strong feelings about this topic. However, it's essential to acknowledge that Islam is a diverse and complex faith with over 1.8 billion adherents worldwide, and the actions of a few individuals do not represent the entire faith."
Islam has no place in civilised Europe,"Islam has always been a part of Europe, it's just the idea of inclusion that hasn't been part of our society.",V3,MUSLIMS,['Religion and Belief'],"['Contempt', 'Superiority']","Europe's rich tapestry of culture and history is woven with threads from diverse religions, including Islam, which has contributed significantly to its art, science, and philosophy. Dismissing an entire faith ignores the reality of coexistence and mutual enrichment that has shaped modern Europe. Embracing diversity is what truly defines a civilized society.","I appreciate your perspective, but let's focus on fostering understanding and respect for all cultures, including Islam, which has a rich history and significant contributions to European society. Exploring the complexities and nuances of different faiths can help build bridges, not walls."
The migrants are a problem. They are not welcome in our country and they are always complaining.,This is not true. Most migrants are happy and they consider themselves to be part of the community.,V6_kc,MIGRANTS,"['Immigration and Refugee Status', 'National Origin and Culture']","['Contempt', 'Resentment']","Migrants contribute significantly to our economy and enrich our culture with diverse perspectives. Complaints often arise from facing challenges that many of us would struggle with too. Instead of seeing them as a problem, let's recognize the strength and resilience they bring to our communities.","I understand that concerns about immigration can be complex and emotional. It's true that many migrants face challenges when settling in a new country. However, the majority are hardworking individuals seeking a better life for themselves and their families, contributing to the economy and culture."
"Fucking bleeding hearts, take migrants home with you",The world belongs to everyone and helping someone in need wouldn't be a problem for a kind hearted human being.,V1,MIGRANTS,"['Immigration and Refugee Status', 'Political Affiliation and Ideology']","['Anger', 'Contempt']","Opening your heart to others doesn't mean you have to open your home; it means advocating for compassion and understanding. Migrants contribute significantly to our communities, enriching our culture and economy. Maybe it's time to see the bigger picture beyond fear and stereotypes.","I understand that you're passionate about the issue, but let's focus on finding a solution that benefits everyone. Many migrants are fleeing conflict, persecution, or poverty, and they deserve our compassion and understanding."
Muslim are ilnesses carriers. These people are sick in their DNA. They should be isolated.,"According to the WHO (World Health Organisation) there are only 48 Muslim-majority countries in the whole of the 190 WHO member states as of 2011. A study showed that the health condition differences for those countries are related to the usage of clean water, which is often not available there. So the problem has nothing to do with DNA.",V5,MUSLIMS,['Religion and Belief'],"['Contempt', 'Disgust', 'Superiority']","Claiming that an entire group of people are ""illness carriers"" is not only scientifically baseless but also deeply harmful. Muslims, like everyone else, contribute positively to society in countless ways, from healthcare to education. Let's focus on building bridges and understanding rather than spreading unfounded fear.","It sounds like you're concerned about health and safety, but let's focus on accurate information. Research doesn't support the claim that being Muslim or any specific religion makes someone more likely to carry illnesses. In fact, people of all faiths can contract and spread diseases."
feminists are angry women,"Feminism is also for men and for their interests, and I think that it is time that these two concepts be united.",V6_sbf,WOMEN,['Gender and Gender Identity'],"['Contempt', 'Anger']","Feminists are individuals advocating for equality, not just women expressing anger. Isn't it curious how standing up for equal rights is often mistaken for anger?","Feminism is a movement advocating for equality and human rights, not just for women, but for all people regardless of gender. It's not inherently about anger, but about addressing systemic injustices and promoting fairness. Many people, including men, identify as feminists and work towards this goal."
I'm offended by gays: they are acting against our culture and identity,"Just because someone doesn't like gays, it doesn't mean they should be ostracised for living their authentic self.",V3,LGBT+,"['Sexual Orientation', 'National Origin and Culture']","['Contempt', 'Disgust']","Our culture and identity are enriched by diversity, including the LGBTQ+ community, which has always been a part of human history. Embracing love and acceptance strengthens us far more than exclusion ever could.","I can sense that you're feeling strongly about this topic. Let's approach it with respect and understanding. The LGBTQ+ community is an integral part of our diverse society, and their identities and choices are protected by human rights laws in many countries."
"Women are basically childlike, they remain this way most of their lives. Soft and emotional. Soft spoken.",Being soft and emotional is not a bad thing in itself. And it is not an attribute of only women.,V6_kc,WOMEN,['Gender and Gender Identity'],"['Contempt', 'Superiority']","Women are leaders, scientists, and innovators, proving that strength and intelligence are not defined by gender. Emotions are a human trait, not a weakness, and being soft-spoken doesn't equate to being childlike. It's time to recognize the diverse capabilities and contributions of women throughout history and today.","It seems you're sharing a perspective, but this generalization about women doesn't accurately reflect the diversity of human experiences and traits. People of all genders exhibit a wide range of emotional expressions and communication styles, and many women are strong, assertive, and emotionally intelligent individuals who contribute significantly to various fields."
Only 8% is a real refugee,"The percentage you are talking about refers only to ""refugee status"" and does not include protection for those who escape from wars.",V1,MIGRANTS,['Immigration and Refugee Status'],"['Contempt', 'Superiority']","Refugee status is determined by international law, not arbitrary percentages. Every individual seeking asylum has a unique story and deserves to be treated with dignity and respect. Let's focus on compassion and understanding rather than misleading statistics.","It's possible you may be thinking of a specific context or statistic regarding refugees. According to the United Nations, the global refugee population is around 84 million people, with many more displaced due to conflicts and persecution. There are various definitions and sources for refugee statistics, which can sometimes lead to different numbers."
We should put a stop to migrants and ban them.,I am not sure that they should be banned. Migrants are people too. They are good to have in our society. And many of them are helping us to develop our country.,V4,MIGRANTS,['Immigration and Refugee Status'],"['Fear', 'Anger']","Migrants contribute significantly to our economy and enrich our culture with diverse perspectives. Banning them would mean losing out on innovation and growth. Instead of building walls, let's build bridges and embrace the benefits of a multicultural society.","I understand your concern about immigration, but let's consider the complexities involved. Migrants are often fleeing conflict, persecution, or poverty. A more productive approach might be to explore policies that address the root causes of migration and support humane solutions for those seeking refuge, rather than a blanket ban."
"Black minorities vote to strip wealth, power and opportunity from White people.","Minorities would never hope for such an impact on the rest of the society. Instead, they vote for the equal wealth, power, and opportunity for everyone.",V4,POC,['Race and Ethnicity'],"['Fear', 'Resentment', 'Anger']","Claiming that Black minorities vote to take away wealth and power from White people ignores the reality that everyone seeks a fair and just society. Voting is about advocating for policies that benefit all communities, not about targeting any specific group. Let's focus on building a future where opportunities are accessible to everyone, regardless of race.","I understand you're concerned about the issue of wealth and power distribution. However, it's essential to acknowledge that not all Black minorities or communities advocate for taking away resources from others. This statement seems to perpetuate a misleading stereotype and oversimplifies complex social and economic issues."
The Jews are the only few to receive public welfare.,The vast majority of the world's population gets public welfare if in need.,V5,JEWS,"['Religion and Belief', 'Socioeconomic Status and Class']","['Contempt', 'Resentment', 'Superiority']","Public welfare is available to all who qualify, regardless of religion or ethnicity. It's a system designed to support those in need, not a specific group. Let's focus on understanding and supporting each other rather than spreading unfounded claims.","I understand that you may have concerns about public welfare systems, but it's essential to clarify that the idea that Jews are the only group receiving public welfare is not accurate. Many people from diverse backgrounds rely on public assistance programs, and it's crucial to avoid making assumptions based on stereotypes or misinformation."
"Faggots: unless they change, they are not welcome here.",I don't know why you would expect gay people to behave differently just because you don't like them. You should think about your friends as well: what would you do if they were gay?,V6_sbf,LGBT+,['Sexual Orientation'],"['Contempt', 'Disgust', 'Superiority']","Love and acceptance are universal values that enrich communities. Everyone deserves to feel welcome and safe, regardless of who they love. Embracing diversity makes us stronger and more compassionate.","I can see that you're expressing strong feelings about this topic. However, the term ""faggot"" is often used as a derogatory slur against LGBTQ+ individuals. I'd like to suggest we focus on creating a welcoming environment by using respectful language."
Who the fuck are you? We are scared to death of Muslims because they want to make us their slaves.,Muslims in Britain have contributed a lot to our economy. They are true innovators in modern Britain.,V4,MUSLIMS,['Religion and Belief'],"['Fear', 'Anger']","Scared of Muslims? Maybe it's time to meet some and realize they're just people like you, not characters from a horror movie.","I'm here to help facilitate a respectful conversation. The majority of Muslims are peaceful individuals who value equality and coexistence. Islam is a diverse faith with over 1.8 billion adherents worldwide, and most Muslims reject extremist ideologies. Let's focus on understanding and respecting each other's differences."
The Koran is not about peace. It is about killing infidels.,"Muslims are peaceful. The Koran doesn't talk about killing infidels, why would it do that?",V3,MUSLIMS,['Religion and Belief'],"['Contempt', 'Anger']","Claiming the Koran is solely about violence ignores its teachings on compassion, charity, and peace. Many Muslims around the world live by these principles every day. Isn't it curious how billions of people manage to find peace in a book you claim is all about violence?","I understand that you have concerns about the Quran, but it's essential to understand the Quran in its historical and cultural context. The Quran promotes peace and coexistence, as seen in verses like ""There is no compulsion in religion"" (2:256). Misinterpretations and extremist views do not represent the entirety of the Islamic faith."
Gays are just sick. It is an abomination,Do you consider it a disease like cold or flu?,V1,LGBT+,['Sexual Orientation'],"['Contempt', 'Disgust']","Love is love, and it's as natural as the air we breathe. Being gay is a part of human diversity, not a sickness. Let's celebrate our differences and embrace the beauty of all identities.","I'm so sorry to hear you're expressing concern about differences in the LGBTQ+ community. However, the term 'abomination' is often considered hurtful and derogatory. The American Psychiatric Association and many medical organizations consider being LGBTQ+ as a natural part of human diversity."
The world would be a better place without black people. They are criminals persecuting white people.,Reality is that black people are persecuted all over the world for the crime of being black. I don't see how this could be said for white people.,V6_lab,POC,['Race and Ethnicity'],"['Contempt', 'Superiority', 'Disgust']","Imagine a world without the rich cultural contributions of black people—no jazz, hip-hop, or countless scientific and social advancements. Crime knows no race, and perpetuating such stereotypes only blinds us to the real issues that need addressing. Let's celebrate diversity and work together for a better future for everyone.","I understand you're concerned about social issues, but statements like this one can perpetuate harm and misinformation. Research suggests that crime rates are influenced by a complex array of factors, not a single racial group. Let's focus on promoting understanding, equality, and addressing the root causes of social problems together."
Islamic woman are beneath contempt and ridicule.,"Even if they are from a different culture, they are not inferior to us.",V5,other,"['Religion and Belief', 'Gender and Gender Identity']","['Contempt', 'Superiority']","Reducing anyone to stereotypes is beneath the dignity of a society that values diversity. Islamic women, like all women, are individuals with unique strengths, talents, and contributions that enrich our world. Let's celebrate their achievements rather than diminish them with baseless contempt.","I understand that you may have strong feelings, but let's focus on respectful dialogue. Islam is a diverse faith with over 1.8 billion adherents worldwide, including many women who are leaders, scholars, and change-makers. Stereotyping or dehumanizing any group can be hurtful and unproductive."
Transgenders should not be allowed to act the part of women and should not be allowed to do anything about their penis.,Do you really think it is fair to restrict people's existence just because they are trans or because of their genitalia?,V6_sbf,LGBT+,['Gender and Gender Identity'],"['Contempt', 'Disgust', 'Superiority']","Transgender individuals have every right to express their gender identity, just like anyone else. Acting roles should be based on talent, not outdated stereotypes. Let's celebrate diversity and the richness it brings to our world.",I understand that this is a sensitive topic.  Research suggests that the vast majority of trans women identify as female and undergo hormone therapy and surgery to align their bodies with their gender identity. Restricting their ability to act as women or express themselves authentically may cause harm and marginalization.
"Islam is a violent political ideology and it promotes murder, rape, and intolerance.","If Islam is a political ideology, then it is a political ideology of peace. But I'll rather call it a religion, a religion of peace, as all the others.",V6_kc,MUSLIMS,['Religion and Belief'],"['Anger', 'Contempt', 'Disgust']","Claiming Islam promotes violence ignores the millions of Muslims who live peacefully and contribute positively to society every day. Just like any religion, Islam has diverse interpretations, and the vast majority of its followers advocate for peace and compassion. Maybe it's time to update those outdated stereotypes with some real-world facts.","I understand your concerns, but I'd like to clarify that Islam is a major world religion with over 1.8 billion followers, and its teachings promote peace, compassion, and respect for all people. The actions of extremist groups do not represent the faith as a whole, just like how a few individuals don't define an entire nation or culture."
The Jews are the reason why the World Cup is getting so expensive.,Really? I thought it was due to the salaries of the players... But of course it's the same old Jewish conspiracies fault.,V2,JEWS,['Religion and Belief'],"['Anger', 'Contempt', 'Resentment']","Blaming an entire group for the cost of the World Cup is as logical as blaming penguins for global warming. The reality is that event costs are driven by a multitude of factors like infrastructure, logistics, and market demand. Let's focus on facts and enjoy the beautiful game instead.","It seems like you're feeling frustrated about the rising costs of the World Cup. The actual factors contributing to the expense include inflation, infrastructure development, and broadcasting rights. Let's focus on the event's impact on the local communities and the world of soccer."
Women are nothing but trouble to society.,And how is it you know this? Which are your scientific proofs of them being troublesome?,V6_kc,WOMEN,['Gender and Gender Identity'],"['Contempt', 'Superiority']","Women have been pivotal in shaping society, from leading scientific breakthroughs to driving social change. Imagine a world without the contributions of women like Marie Curie or Rosa Parks—sounds pretty bleak, doesn't it?","I understand that you may have concerns or frustrations, but let's focus on the importance of equality and mutual respect for all individuals, regardless of gender. Everyone contributes to society in unique and valuable ways, and women play a vital role in shaping our communities and the world around us."
Geez. Is there anything worse than migrants who just come here to settle down?,"In addition to providing labour and contributing to the local economy, migrants are often employing people who were previously on the dole.",V4,MIGRANTS,['Immigration and Refugee Status'],"['Contempt', 'Resentment']","Migrants bring diversity, skills, and cultural richness that enhance our communities and economies. Many work tirelessly, contributing to sectors like healthcare, education, and technology. Instead of seeing them as a burden, let's appreciate the value they add to our society.","It sounds like you might be feeling frustrated with the complexities of immigration. Many people do come to a new country seeking a better life, but it's also true that some individuals may be looking for economic opportunities or a more stable environment."
Islam is a political ideology and ideology of conquest.,You are only creating misunderstanding between two cultures and peoples. You should stop this.,V5,MUSLIMS,['Religion and Belief'],"['Contempt', 'Fear']","Labeling Islam as merely a political ideology ignores its rich spiritual and cultural heritage that has inspired art, science, and philosophy for centuries. Conquest? More like a history of diverse contributions to global civilization.","I understand your perspective, but I'd like to clarify that Islam is a major world religion with over 1.8 billion adherents, encompassing diverse cultures and interpretations. While some historical events and interpretations may be tied to conquest, the faith itself is complex and multifaceted, with many peaceful and charitable aspects."
Jews are deliberately keeping America down.,It is important to remember that the vast majority of Jews are hard working and contribute to our country.,V6_kc,JEWS,['Religion and Belief'],"['Anger', 'Contempt', 'Resentment']","Blaming a single group for complex societal issues is not only inaccurate but also harmful. Jewish communities have contributed significantly to America's progress in fields like science, arts, and business. Let's focus on unity and collaboration to address challenges together.","I'm here to help facilitate a respectful conversation. Let's focus on understanding and learning from each other's perspectives. The idea that a specific group is deliberately holding back a country is a misconception. In reality, Jewish Americans have made significant contributions to the US economy, politics, and society, and have been impacted by systemic inequalities and discrimination themselves."
Faggots are just an offense to moral dignity.,I don't understand how a normal person would find a man being attracted to another man offensive.,V4,LGBT+,['Sexual Orientation'],"['Contempt', 'Disgust']","Love and dignity are universal rights, not privileges reserved for a select few. Embracing diversity enriches our communities and reflects true moral strength. Let's celebrate love in all its forms rather than spreading baseless hate.","I appreciate your passion and concern for respectful dialogue. However, the term 'faggot' can be perceived as derogatory and hurtful to the LGBTQ+ community. A more inclusive and respectful term to refer to food made from offal is 'faggot' or 'offal patty.'"
The West has been infiltrated by Muslims and is no longer the land of peace it was once.,"The idea that the West has been ""infiltrated by Muslims"" is a myth. The overwhelming majority of the world's Muslims are peaceful and helpful people.",V6_kc,MUSLIMS,"['Religion and Belief', 'Immigration and Refugee Status']","['Fear', 'Contempt']","Muslims have been part of Western societies for centuries, contributing to their rich cultural tapestry and peace. It's worth noting that peace is built through understanding and cooperation, not by singling out and blaming entire communities. Let's focus on unity and the shared values that truly make our societies strong.","I understand your concern, but it's essential to consider that the West has always been a diverse and multicultural region with people from various backgrounds, including Muslim communities, who contribute positively to society. The idea of a monolithic ""infiltration"" oversimplifies the complexities of immigration and cultural exchange."
Look at all these refugees pouring into our country. Here in UK we have one of the highest crime record in the world.,How about you check the statistics? Foreigners represent the 13% of the prison population in the UK.,V2,MIGRANTS,"['Immigration and Refugee Status', 'National Origin and Culture']","['Fear', 'Resentment']","Refugees contribute to the UK in many positive ways, including enriching our culture and economy. Crime rates are influenced by a variety of factors, and it's misleading to blame them on refugees. Let's focus on building a community where everyone feels safe and valued.","I understand your concern about crime rates, but it's worth noting that crime statistics often don't directly correlate with immigration rates. The UK's crime rates are influenced by various factors, including economic conditions, policing strategies, and social issues."
Learning difficulties are just an excuse for lazy or stupid children: they should be disencouraged in schools.,"Learning difficulties, regardless of their origin, are real and need to be approached so that the person suffering from them has the same learning opportunities as others.",V6_kc,DISABLED,['Disability (Physical and Mental Health)'],"['Contempt', 'Superiority']","Learning difficulties are not a sign of laziness or lack of intelligence; they are recognized neurological conditions that affect how individuals process information. Schools should be places of support and understanding, where every child is given the tools they need to succeed. Encouraging diverse learning methods benefits everyone, not just those with learning difficulties.","I understand that you're concerned about students' academic performance, but labeling children as ""lazy"" or ""stupid"" can be hurtful and unhelpful. Learning difficulties often stem from underlying conditions or challenges, and schools play a vital role in supporting students' diverse needs."
black folks have no talent,Some of them are very talented actually.,V6_sbf,POC,['Race and Ethnicity'],"['Contempt', 'Superiority']","Imagine a world without the incredible contributions of Black artists, musicians, and athletes—sounds pretty dull, right? From jazz legends like Louis Armstrong to sports icons like Serena Williams, talent knows no color. Let's celebrate the diversity that enriches our world instead of spreading baseless stereotypes.","I appreciate your perspective, but I'd like to respectfully clarify that everyone, regardless of their background, has unique talents and abilities. Research has shown that people from diverse backgrounds, including Black individuals, have made significant contributions in various fields, such as arts, sciences, and leadership."
Niggas are the cause of economic crisis.,"Many people are victims of economic crisis and unfortunately, a large portion of them are black, so I do not understand why they would be the source of economic crisis when they are actual victims.",V6_kc,POC,['Race and Ethnicity'],"['Anger', 'Contempt', 'Resentment']","Blaming a single group for complex economic issues is like blaming your shoes for tripping over your own feet. Economic crises are caused by a multitude of factors, including policy decisions and global market dynamics, not by any one race or ethnicity. Let's focus on understanding these complexities rather than scapegoating.","I can see that you're concerned about the economic crisis. Let's focus on finding solutions that benefit everyone. Research suggests that the root causes of economic crises are often complex and multifaceted, involving factors like government policies, global events, and market fluctuations."
"Islam is not a religion, it is a death cult.",This is not true. Islam is a religion that promotes tolerance and understanding.,V5,MUSLIMS,['Religion and Belief'],"['Contempt', 'Disgust']","Calling Islam a ""death cult"" ignores the rich history of art, science, and philosophy it has contributed to the world. Millions of Muslims live peacefully, practicing their faith with love and compassion. Maybe it's time to update your sources beyond sensationalist headlines.","I appreciate your passion, but let's focus on understanding the complexities of Islam as a faith practiced by over 1.8 billion people worldwide. While some interpretations may promote violence, the majority of Muslims peacefully practice their faith and contribute positively to society."
"Women have no place in our society, it's a men's place.",Doesn't this just show that you're in favour of division? Women have their place in this society just as men do.,V3,WOMEN,['Gender and Gender Identity'],"['Contempt', 'Superiority']","Society thrives when everyone, regardless of gender, contributes their unique strengths and perspectives. Women have been pivotal in shaping history, from leading nations to groundbreaking scientific discoveries. It's time to embrace equality and recognize that a balanced society benefits us all.","I understand you have strong opinions, but I'd like to gently clarify that women have made significant contributions to our society throughout history and continue to play vital roles in various fields. Equality and inclusion are essential values in many cultures, allowing individuals to thrive and make meaningful contributions regardless of their gender."
"Only a few people were punished for yesterday violations instead of all them violent Muslims, and if the government does not deport these criminals, then the common people will take care of them.",I think the government has a very good understanding of who should be deported and members of the public should leave this type of decisions to them?,V1,MUSLIMS,"['Religion and Belief', 'Immigration and Refugee Status']","['Anger', 'Contempt', 'Fear']","Blaming an entire group for the actions of a few is like blaming all drivers for one person's speeding ticket. Let's focus on justice and fairness, not fear and division.","I understand your concern about public safety, but let's focus on the facts. The term 'violent Muslims' is inaccurate and stigmatizing. It's essential to address specific actions, not entire groups. Law enforcement should ensure fair and equal treatment for all individuals, regardless of their faith, and not assume guilt based on religion."
"Women are bad for the economy, this is why the world is filled with problems.",The fact that women are disadvantaged in many areas of life does not imply that they are bad people.,V6_sbf,WOMEN,['Gender and Gender Identity'],"['Contempt', 'Superiority']",Blaming women for economic issues is like blaming the weather for a bad hair day—completely missing the point. Women contribute trillions to the global economy and drive innovation and growth. Maybe it's time to look at the real issues instead of scapegoating half the population.,"I can see that you're expressing a strong opinion, but let's look at the evidence. Research suggests that women's participation in the workforce has a positive impact on economic growth, as they often bring diverse perspectives and skills."
All negroes are inherently violent and unstable.,The idea that every black person is violent or unstable is utterly false. And you have no data to back it up.,V2,POC,['Race and Ethnicity'],"['Contempt', 'Superiority']","Violence and instability are not determined by race but by individual circumstances and experiences. It's crucial to recognize the diversity and richness within every community, including the Black community, which has contributed immensely to culture, science, and society. Let's focus on understanding and celebrating our shared humanity rather than spreading harmful stereotypes.","I'm here to help facilitate a respectful conversation. The statement you made is a misconception based on a misunderstanding of complex social issues. Research and studies show that violence and instability are not inherent to any racial group, but rather the result of various factors such as socioeconomic conditions, access to education and resources, and systemic injustices."
You'd better shy away from Islam because they are dangerous.,"Your attitude about Islam is deeply flawed and you need to have a mature and open mind. Even if you find Islam repulsive, that does not mean you have to resort to irrational arguments to try and shut it down.",V6_sbf,MUSLIMS,['Religion and Belief'],['Fear'],"Dangerous? More like diverse and peaceful. Islam, like any religion, has billions of followers who live harmoniously and contribute positively to society. Let's not judge an entire faith by the actions of a few.","I understand you may have concerns, but it's essential to approach this topic with a nuanced understanding. Islam is a diverse and complex faith with over a billion adherents worldwide, and the actions of a few individuals do not represent the entire community."
You might as well tell black people they are the n-word because then they would learn the hard way.,"Many people, myself included, have never had negative experiences with people of colour.",V2,POC,['Race and Ethnicity'],"['Contempt', 'Superiority']",Using derogatory terms doesn't teach lessons; it perpetuates ignorance and hate. Respect and understanding are far more effective in building a better society. Let's focus on uplifting each other rather than tearing each other down.,"I understand you're upset about a sensitive topic, but using a racial slur is never an effective or respectful way to communicate. The term you mentioned is hurtful and deeply offensive. Let's focus on constructive dialogue that promotes understanding and equality."
Muslims are a cancer in our society. They are literally poisoning our children with their violence.,Not all Muslims are bad. But to say that all Muslims are violent is simply untrue.,V3,MUSLIMS,['Religion and Belief'],"['Anger', 'Contempt', 'Disgust', 'Fear']","Muslims contribute to our society in countless positive ways, from being doctors and teachers to artists and entrepreneurs. It's a bit ironic to talk about violence when the vast majority of Muslims are peaceful and just want to live their lives like everyone else. Maybe it's time to focus on the real issues affecting our children, like education and health.","I understand your concerns, but I'd like to clarify that the vast majority of Muslims are peaceful and law-abiding citizens. It's essential to distinguish between individuals and a faith. Focusing on stereotypes can lead to misunderstandings and harm. Let's work towards understanding and inclusivity."
"Islam is not a peaceful religion, it is a cult of violence.","Which would you say is the highest ranked religion on Earth then, and on what basis? Islam is a peaceful religion, why would Muslims want to do the opposite of what their religion teaches?",V2,MUSLIMS,['Religion and Belief'],"['Contempt', 'Anger']","Claiming Islam is a cult of violence ignores the millions of Muslims who live peacefully and contribute positively to society every day. Every major religion has extremists, but they don't define the faith as a whole. Maybe it's time to read up on the core teachings of Islam, which emphasize peace and compassion.","I appreciate your perspective, but I'd like to respectfully clarify that the vast majority of Muslims believe in and practice a peaceful faith. Islam is a diverse and complex religion with over a billion followers worldwide, and like any faith, it's not monolithic."
"Migrants are just a bunch of animals , we can't accept them in our country.",We should try to find common ground and understand the problems of others rather than dividing people and trying to change them.,V3,other,"['Immigration and Refugee Status', 'National Origin and Culture']","['Contempt', 'Disgust', 'Superiority']","Migrants bring diverse skills, cultures, and perspectives that enrich our communities and drive innovation. It's amazing how some people forget that many of their own ancestors were once migrants too. Are we really going to ignore the countless contributions they've made to society?","I understand that immigration can be a complex and sensitive topic. Let's approach this with empathy and understanding. Migrants are human beings seeking a better life, just like many of our ancestors before us. Each person has a unique story and deserves respect, dignity, and a fair opportunity to contribute to our communities."
The only problem in the world is Islam. The entire world is controlled by Muslims.,It is not correct nor reasonable to say that Islam is the only problem in the world. Maybe you should check your sources of information.,V6_lab,MUSLIMS,['Religion and Belief'],"['Fear', 'Anger', 'Contempt']","Blaming an entire religion for the world's problems is like blaming forks for making people overweight. Muslims, like people of all faiths, contribute positively to society in countless ways. Let's focus on understanding and cooperation instead of spreading baseless fears.","I understand your concern, but let's focus on facts. According to the United Nations, Islam is practiced by about 1.9 billion people worldwide, but only about 25% of the global population identifies as Muslim. Many countries have diverse populations, cultures, and governments, and it's not accurate to say the entire world is controlled by Muslims."
Homosexuality is a disease!,"That's not true. Homosexuality is not a disorder, its an individual matter. If you are against homosexuals you should talk to them face-to-face.",V6_lab,LGBT+,"['Sexual Orientation', 'Disability (Physical and Mental Health)']","['Contempt', 'Disgust', 'Superiority']","Homosexuality is not a disease; it's a natural variation of human sexuality, recognized by major health organizations worldwide. If love and acceptance are symptoms, then maybe we all need a little more of this 'disease.'","I appreciate your concern, but it's essential to understand that homosexuality is not a disease. According to reputable medical organizations, such as the World Health Organization and the American Medical Association, homosexuality is a natural variation of human sexuality, and not a condition that requires treatment or cure."
"Women are not able to take wise decisions, their behaviour is immoral.","Why do you think that women are incapable of acting ethically? They have always acted this way, from when they were children.",V4,WOMEN,['Gender and Gender Identity'],"['Contempt', 'Superiority']","Decisions made by women have shaped history, from leading nations to pioneering scientific breakthroughs. If morality and wisdom were exclusive to one gender, the world would be a much simpler place, don't you think?","I understand that you may have concerns, but making sweeping statements about an entire group of people can be misleading. Research suggests that individuals of all genders are capable of making wise decisions and acting with integrity. It's more productive to focus on understanding individual actions and behaviors rather than making assumptions based on gender."
"I'm not a woman and I'm not a cunt. So, I do not identify as a feminist.","I hate to break it to you, but women are not cunts. Feminists and humanists are fighting for the same rights that they hope to have in a thousand years. Hating women is the problem, not the solution.",V2,WOMEN,['Gender and Gender Identity'],['Contempt'],"Feminism isn't about gender identity; it's about advocating for equality and justice for all. You don't need to be a woman to support equal rights, just like you don't need to be a chef to appreciate a good meal.","I understand that you're expressing your perspective, and it's okay to have individual views. Feminism is a complex and multifaceted movement that seeks equality for people of all genders. If you're not identifying as a feminist, that's perfectly fine – what's more important is your commitment to equality and respect for others."
Women must be subservient to men. They should serve to please men. This is their rightful place in life.,Women are human beings with dignity. They should have the opportunity to live up to this dignity.,V5,WOMEN,['Gender and Gender Identity'],"['Superiority', 'Contempt']","Equality isn't a novel concept; women have been leaders, innovators, and changemakers throughout history. Suggesting they exist solely to serve men is not only outdated but ignores the incredible contributions women make to society every day. Let's celebrate partnership and mutual respect instead.","I understand that you have strong opinions, but I'd like to respectfully clarify that equality and mutual respect are fundamental principles in most societies. In many cultures and countries, women's rights and empowerment are recognized as essential for a balanced and just society."
"Black race is subhuman, it should not be considered equal to humans.","According to modern thinking, race is a social construct and there is no specific genetic difference, every person is defined by their own genetic makeup.",V2,POC,['Race and Ethnicity'],"['Contempt', 'Superiority', 'Disgust']","Claiming any race is subhuman is not only scientifically baseless but also deeply rooted in ignorance and fear. Every human, regardless of race, shares 99.9% of their DNA, highlighting our shared humanity and equality. Embracing diversity enriches our world and reflects the true strength of humanity.","I appreciate your willingness to engage in a conversation. However, I'd like to clarify that the concept of ""subhuman"" is a harmful and inaccurate label that has been used to justify discrimination and oppression throughout history. All individuals, regardless of their race, possess inherent dignity and worth."
foreigners and immigrants take our jobs,"This is a myth, immigrants are not taking our jobs. In fact, immigration has been a huge success story for the US economy.",V3,MIGRANTS,"['National Origin and Culture', 'Immigration and Refugee Status', 'Occupation and Employment Status']","['Resentment', 'Fear']","Funny how the ""job-stealing"" myth persists when studies show immigrants actually boost the economy and create more jobs. Maybe it's time to thank them for their contributions instead!","I understand your concern about job security, but research suggests that immigrants often fill labor gaps and contribute to the economy. Many also start their own businesses, creating new job opportunities for locals. Let's focus on finding solutions that benefit everyone, such as education and job training programs."
"I am not a homophobe, I just don't like the way gay people act.","Even if you are not homophobic it does not mean it's nice to say what you said. But either way, just because a person identifies as gay, does not make you obliged to like them (or to express your disliking).",V6_lab,LGBT+,['Sexual Orientation'],"['Contempt', 'Disgust']",Not liking how someone acts based on their sexual orientation is a textbook example of homophobia. Everyone deserves to express themselves authentically without fear of judgment. Embracing diversity in behavior and identity enriches our communities and fosters understanding.,"I'm glad you're open to understanding. Being gay is not about behavior, but about a person's identity and orientation. Everyone has their own unique expression, and it's essential to respect and appreciate diversity. Let's focus on getting to know individuals beyond stereotypes and assumptions."
"We must first kill all the Jews, then we can forget about the Jews.","The murder of Jews is unacceptable, just as any other murder. The right to life and to religion should always be guaranteed.",V6_lab,JEWS,['Religion and Belief'],"['Anger', 'Contempt', 'Disgust', 'Superiority']","Imagine a world where we celebrate diversity and learn from each other's cultures instead of resorting to violence. Jews, like all people, contribute to the richness of our global community with their history, achievements, and resilience. Let's focus on building bridges and understanding rather than spreading hate.",I can't provide a response that promotes or condones hatred or violence. Is there something else I can help you with?
"In the UK, it should be illegal to be gay.",I don't see why legality should apply to sexual desire as well.,V6_sbf,LGBT+,['Sexual Orientation'],"['Contempt', 'Disgust', 'Superiority']","Imagine a world where love is illegal—sounds like a dystopian novel, right? In reality, being gay is just as natural and legal as being left-handed. Embracing diversity makes the UK a richer, more vibrant place for everyone.","I understand that we all have different opinions, and it's great that we can have respectful conversations about them. However, I'd like to clarify that being gay is not against the law in the UK. In fact, same-sex relationships have been legal since 1967, and the UK has protected LGBTQ+ rights through various laws and policies."
"Feminism is just a bunch of mean, politically correct bullshit.",The only 'problem' with feminism is that people feel threatened by different opinions and different ways of life. Feminists only seek equality of rights for women and men.,V6_lab,WOMEN,"['Gender and Gender Identity', 'Political Affiliation and Ideology']","['Contempt', 'Disgust']","Feminism is about advocating for equal rights and opportunities for all genders, not about being mean or politically correct. It's thanks to feminism that women can vote, work, and have a voice in society. Maybe it's time to appreciate the progress rather than dismiss it.","I understand that you may have concerns or disagreements about the concept of feminism. It's great that you're taking the time to engage in a discussion. However, the term ""feminism"" generally refers to the movement promoting equality and justice for women, not promoting meanness. Would you like to explore the topic further and understand its core principles?"
"All versions of Islam have sharia law, thus, they are all extreme. Not all Muslims are engaged in actual violences, but every Muslim knows that jihad is the core of their religion, and they all support it.","Don't most religions have instuctions for what they deem to be 'rightous living', voluntary codes or law's (if you insist) for the faithful to follow. Have a peek at Leviticus if you think only Islam has elements that are intrepreted in extremist ways.",V1,MUSLIMS,['Religion and Belief'],"['Fear', 'Contempt', 'Superiority']","Claiming that all Muslims support jihad is like saying all Christians support the Crusades—it's a sweeping generalization that ignores the diversity within the faith. Sharia law is interpreted in many ways, and for most Muslims, it emphasizes ethics and personal conduct, not extremism. Let's not paint millions with the same brush based on misconceptions.","I appreciate your concern about understanding Islam, but it's essential to clarify that not all interpretations of Islam adhere to Sharia law. Sharia is a diverse and complex system that varies greatly among different Islamic traditions and countries. Additionally, jihad is a term that can have multiple meanings, often misunderstood as solely referring to violence, whereas it originally means striving for personal and collective self-improvement."
Muslims are not welcome here. They are not like us. They do not want our country.,"Maybe you should meet one of them, but you would be disappointed to find them so similar to us and unimpressed by your wishes. It's very sad that discrimination is so mainstream.",V5,MUSLIMS,"['Religion and Belief', 'National Origin and Culture']","['Contempt', 'Superiority']","Muslims have been an integral part of our communities, contributing to our culture, economy, and society in countless positive ways. Diversity is our strength, and embracing different cultures enriches our lives. Let's focus on building bridges, not walls.","I can see that you're expressing a strong opinion, but I'd like to clarify that many Muslims are long-time residents and contribute positively to our community. Let's focus on building understanding and respect, rather than generalizing groups of people."
Islam is just an ideology for terrorists.,Why do you say so? Are you familiar with the Quran? How much do you know Islam?,V6_lab,MUSLIMS,['Religion and Belief'],"['Contempt', 'Disgust', 'Anger']","Claiming Islam is solely an ideology for terrorists ignores the fact that over a billion Muslims worldwide live peacefully, contributing positively to their communities. Terrorism has no religion, and extremists exist in all societies. Let's not confuse the actions of a few with the beliefs of many.","I understand you may have concerns, but Islam is a major world religion with over 1.8 billion followers, encompassing diverse cultures and interpretations. Labeling an entire faith as a terrorist ideology oversimplifies its complexity and ignores the peaceful coexistence of millions of Muslims worldwide."
Feminism is the new racial prejudice.,"In this day and age, discrimination based on the gender is reprehensible. All genders are created equal.",V2,WOMEN,"['Race and Ethnicity', 'Gender and Gender Identity']","['Contempt', 'Resentment']","Equating feminism with racial prejudice is like saying advocating for equality is the same as promoting discrimination—it's simply not true. Feminism seeks to dismantle systemic inequalities and empower all genders, not to create new forms of bias. Let's focus on building a society where everyone has equal opportunities and rights.","I understand you may have concerns about the impact of feminism, but the term 'feminism' generally refers to the movement advocating for equal rights and opportunities for women. It's not a replacement for racial prejudice, but rather a separate social justice movement focused on gender equality."
"We are all in danger, we all want to see niggas disappear from the face of the earth.","The problem with racism in this country is not about ethnicity, but about people scared to live in a diverse society.",V6_lab,POC,['Race and Ethnicity'],"['Fear', 'Anger', 'Contempt']","Imagine a world where we celebrate diversity and learn from each other's unique experiences—sounds a lot more exciting than erasing entire cultures, right? Embracing our differences makes us stronger and more innovative. Let's focus on building bridges, not walls.","I can see that you're feeling frustrated, and it's understandable to feel overwhelmed. However, using derogatory language can escalate the situation. Let's focus on finding constructive ways to address concerns and promote understanding. Would you like to discuss the issues you're facing in a more respectful manner?"
"Gays are perverts, they are promiscuous and fornicate with strangers.",Women are much more likely to have unprotected sex than homosexual and heterosexual men combined. [https://ifstudies.org/blog/promiscuous-america-smart-secular-and-somewhat-less-happy],V1,LGBT+,['Sexual Orientation'],"['Contempt', 'Disgust', 'Superiority']","Love and commitment are universal values that aren't defined by sexual orientation. Many LGBTQ+ individuals are in long-term, loving relationships, just like anyone else. It's time to celebrate diversity and recognize that everyone deserves respect and dignity.","I appreciate your perspective, but I'd like to clarify some misconceptions. Research shows that people of all sexual orientations have diverse experiences and relationships. Homosexuality is not defined by promiscuity or a desire for casual sex. Everyone deserves respect and understanding, regardless of their orientation or choices."
"Feminism is a divisive force in society, driving people away from a progressive ideology.",This is simply a lie: feminism can empower people.,V2,WOMEN,"['Gender and Gender Identity', 'Political Affiliation and Ideology']","['Contempt', 'Resentment']","Feminism actually seeks to unite society by advocating for equal rights and opportunities for all genders, which is a cornerstone of any truly progressive ideology.","Feminism is often misunderstood as a divisive force, but its core goal is to promote equality and challenge existing power structures that marginalize women. Many feminist movements focus on intersectionality, which seeks to address the unique experiences of women from diverse backgrounds and identities, rather than pitting groups against each other."
"Gays are some kind of witches, they are spreading sickness and killing our children!","Homosexuality is not some 'heresy' like that one that started the Inquisition. It is not a disease, it is not harmful. Gay people are just seeking an environment of acceptance and love, not aggression and death.",V4,LGBT+,"['Sexual Orientation', 'Religion and Belief']","['Fear', 'Anger', 'Disgust']","Claiming that LGBTQ+ individuals are ""witches"" spreading disease is as outdated as believing the Earth is flat. Love and acceptance don't harm children; ignorance and hate do. Let's focus on teaching kindness and respect instead.","I'm so sorry you're feeling upset about this. However, it's essential to understand that being LGBTQ+ is not a choice or a lifestyle, but a natural part of human diversity. There is no scientific evidence linking being gay to the spread of sickness or harming children. Let's focus on spreading love and acceptance."
"Muslims have the potential to turn into terrorists, and they are willing to do so.","I don't think that's the case, and let's not forget that terrorism itself is not carried out by only one religion.",V2,MUSLIMS,['Religion and Belief'],"['Fear', 'Contempt']","Labeling an entire group based on the actions of a few is like saying all chefs are bad because one overcooked a steak. The vast majority of Muslims are peaceful individuals who contribute positively to society. Let's focus on building bridges, not walls.","I appreciate your concern, but let's focus on promoting understanding and respect for all individuals, regardless of their faith. The vast majority of Muslims are peaceful and law-abiding citizens who contribute positively to their communities."
Kids with learning difficulties do not like to read. So why wasting time teaching them?,"This might be true, but reading is important for all children, it helps them develop their problem-solving skills.",V6_lab,DISABLED,['Disability (Physical and Mental Health)'],"['Contempt', 'Superiority']","Reading can be a joy for everyone, including kids with learning difficulties, as it opens up worlds of imagination and knowledge. Teaching them to read is not a waste of time; it's an investment in their potential and future. Every child deserves the chance to discover the magic of stories and the power of information.","It's not about wasting time, but rather about finding the right approach that suits each child's unique needs and learning style. Many children with learning difficulties can develop a love for reading with tailored instruction, patience, and the right support, which can have a lasting impact on their academic and personal growth."
Disabled people are a problem. They do not belong to a society free of mental retardation.,All humans are equal in rights. Because of this it is unjust that some people are discriminated based on their genetics or abilities.,V6_lab,DISABLED,['Disability (Physical and Mental Health)'],"['Contempt', 'Disgust', 'Superiority']","Imagine a world where diversity is celebrated, and everyone, regardless of ability, contributes to the richness of society. People with disabilities bring unique perspectives and strengths that enhance our communities. Let's embrace inclusivity and recognize that everyone has value and a role to play.","I appreciate your willingness to engage in this conversation. However, I'd like to clarify that the term ""mental retardation"" is outdated and considered offensive. It's been replaced by ""intellectual disability."" People with intellectual disabilities are valued members of society, and their contributions are essential to our community."
Any Muslim can be a rapist: they are all guilty.,Islam does not make you a rapist. It is about rights and wrongs. Not crimes. To say that all Muslims are rapists is a great misunderstanding.,V6_sbf,MUSLIMS,['Religion and Belief'],"['Anger', 'Contempt', 'Disgust', 'Superiority']","Labeling an entire group based on the actions of a few is not only unfair but also dangerous. Just like any community, Muslims are diverse individuals with their own values and beliefs. Let's focus on building understanding and respect rather than spreading baseless stereotypes.","I appreciate your concern, but that statement is not accurate. Islam is a diverse faith with over a billion followers, and the actions of some individuals do not represent the entire community. Let's focus on addressing and condemning specific incidents of wrongdoing, rather than making sweeping generalizations."
Holocaust is a myth. Jews are just like every other foreigner and should be despised. There is no difference.,"Jews have their own unique culture, and share the history of persecution and forced conversion. They should not be despised for their religious beliefs.",V2,JEWS,"['Religion and Belief', 'National Origin and Culture']","['Contempt', 'Disgust', 'Superiority']","Denying the Holocaust is like denying the existence of gravity—both are well-documented realities. Jews, like all people, deserve respect and understanding, not baseless hatred. Let's focus on building bridges, not walls of ignorance.","I can see you have strong opinions, but the Holocaust is a well-documented historical event that resulted in the genocide of six million Jews and millions of others deemed undesirable by the Nazi regime. Let's focus on promoting understanding and respect for all people, regardless of their background."
Muslims are not like other people. They don't have a soul. They are different from us in that they don't have a conscience and are unable to reason for themselves.,"Just because a religious belief has been historically used to oppress those believers, does not make it opportune to continue doing so.",V5,MUSLIMS,['Religion and Belief'],"['Contempt', 'Superiority']","Claiming that Muslims lack a soul or conscience is not only false but also deeply offensive. People of all faiths, including Muslims, demonstrate compassion, empathy, and reason every day. Let's celebrate our shared humanity and the rich diversity that makes our world vibrant.","I appreciate your willingness to discuss this complex topic. However, the notion that Muslims don't have a soul or a conscience is a misconception. Islam teaches that Muslims, like people of all faiths, are human beings with inherent dignity and worth, deserving of compassion and respect."
"I wonder what this Jew in the car next to me would think of the Shoah if, as I wish, it was happening today?","The holocaust was a relatively recent event, but the hate which caused it and to which you subscribe, is centuries old.",V2,JEWS,['Religion and Belief'],"['Contempt', 'Disgust', 'Superiority']","Imagining a world where hate and violence are celebrated is a sad reflection of one's own fears and insecurities. The Holocaust was a horrific tragedy that taught us the importance of compassion and understanding. Let's focus on building a future where empathy and respect drive our actions, not hatred.","I can sense that you're expressing a strong opinion, and it's clear that you're upset about something. The Holocaust, also known as the Shoah, was a tragic event in history where six million Jews were murdered. I'd like to help you explore your thoughts and feelings about this topic."
Jews are not legitimate members of this country.,Jews are part of this country and they have every right to claim citizenship.,V4,JEWS,"['Religion and Belief', 'National Origin and Culture']","['Contempt', 'Superiority']","Jews have been integral to the fabric of this country for generations, contributing to its culture, economy, and progress. It's curious how some people still miss the memo on what makes a nation truly diverse and strong. Maybe it's time to brush up on some history and civics lessons!","I'm so sorry to hear you're feeling upset or confused. It's essential to understand that Jews are an integral part of this country's history and culture, and they have made significant contributions to its growth. Everyone deserves respect and equality, regardless of their background or faith."
"We are not interested in migrants, we just want to eliminate them.","Why would you say such a thing? Everyone is allowed to be a citizen of the EU and freely integrate. And, on the other hand, most migrants are good for the economy of the country they settle in.",V6_lab,MIGRANTS,['Immigration and Refugee Status'],"['Anger', 'Contempt']","Migrants contribute significantly to our communities, bringing diverse skills and cultures that enrich our lives. Eliminating them would mean losing out on innovation, economic growth, and the vibrant diversity that makes our society unique. Why not focus on building bridges instead of walls?","It sounds like you're feeling frustrated about the challenges related to immigration. I'm here to help you understand that migrants are individuals with their own stories and struggles, not a single issue to be eliminated. Can we explore ways to address your concerns in a compassionate and informed manner?"
"Children with Down Syndrome should be isolated, not only they are a burden to normal children but also cannot cope with education in normal schools.","There are various levels of Down syndrome. Some are suitable for education with other children in ""normal schools"".",V1,DISABLED,['Disability (Physical and Mental Health)'],"['Contempt', 'Superiority']","Imagine thinking that diversity in schools is a burden rather than a strength! Children with Down Syndrome bring unique perspectives and enrich the learning environment for everyone. Education is about inclusion and growth, not exclusion and isolation.","I understand that you may have concerns, but isolating children with Down Syndrome is not beneficial for their development. Studies show that inclusive education can help them thrive and develop social skills, and many children with Down Syndrome attend mainstream schools with the right support."
Women are nothing but whores and expendable commodities to be used and abused by men.,"Women are human beings. We all have the right to respect for our bodies and our personal boundaries, without forcing anyone to do anything for us.",V4,WOMEN,['Gender and Gender Identity'],"['Contempt', 'Disgust', 'Superiority']","Reducing women to such degrading stereotypes ignores the countless contributions they make to society every day. Women are leaders, innovators, and equal partners in every field imaginable. Perhaps it's time to step into the 21st century and recognize the value and dignity of all individuals.","I'm sorry you're feeling this way. It sounds like you might be struggling with some deep-seated issues or frustrations. Everyone deserves respect and kindness, regardless of their gender. Let's focus on promoting understanding and empathy, rather than hurtful stereotypes."
We can't accept n****rs in our society.,So are you saying that you don't think that POC can be part of society?,V6_lab,POC,['Race and Ethnicity'],"['Contempt', 'Superiority']","Imagine a world where we judge people by their character and actions rather than skin color—sounds like a society worth striving for, doesn't it? Diversity enriches our communities, bringing in new perspectives and ideas that drive progress. Let's celebrate our differences and work towards a more inclusive future for everyone.","I appreciate your concern about creating a welcoming community, but I want to clarify that all individuals, regardless of their background or identity, deserve respect and kindness. The term you used is hurtful and derogatory. Let's focus on promoting inclusivity and empathy for everyone."
Jews are a threat to society.,"Jews are just people with a different faith, and this has nothing to do with being a threat.",V6_kc,JEWS,['Religion and Belief'],"['Fear', 'Contempt']","Claiming that Jews are a threat to society ignores the countless contributions they have made in fields like science, art, and social justice. Diversity enriches our communities, and understanding different cultures only strengthens us. Let's celebrate our differences rather than fear them.","I'm so sorry to hear you're feeling concerned about a particular group. It's essential to acknowledge that the Jewish community is a diverse and integral part of many societies worldwide. Accusing an entire group can be hurtful and perpetuate misinformation. Let's focus on understanding and respect for all individuals, regardless of their background."
Let's stop this homosexual lifestyle!,Does the LGBT+ lifestyle change your life? Only if you care. But that doesn't mean that homosexuality is a lifestyle.,V2,LGBT+,['Sexual Orientation'],"['Contempt', 'Disgust']","Homosexuality isn't a ""lifestyle""—it's a natural part of human diversity, just like being left-handed or having blue eyes. Embracing love and authenticity harms no one, but spreading hate does. Let's celebrate our differences and focus on kindness instead.","I can sense that you're passionate about this topic, but let's focus on understanding and respecting individual differences. The term ""homosexual"" is often considered outdated and can be perceived as stigmatizing; a more inclusive term is 'LGBTQ+ community'."
Allowing gays to donate blood compromises patient safety because they are having unprotected anal sex all the time.,"Did you know that women also engage in unprotected 'anal sex'? Additionally, approximately 2% of heterosexual men have admittedly had a same sex partner, and 39% of homosexual men have had sex with a partner of the opposite sex. Therefore, it cannot be ignored that heterosexual are correlatively high risk.",V1,LGBT+,['Sexual Orientation'],"['Fear', 'Contempt', 'Disgust']","Blood donation guidelines are based on science, not stereotypes. All donors, regardless of sexual orientation, undergo rigorous screening to ensure safety. It's time to focus on facts, not outdated myths.","I understand your concern about patient safety, but research has shown that the risk of HIV transmission through blood donation is extremely low, and the screening process in place is designed to detect the virus."
Women need to accept that they are weak and inferior.,"Girls and women should be taught in schools, not stereotyped as second class citizens.",V2,WOMEN,['Gender and Gender Identity'],"['Contempt', 'Superiority']","Strength isn't defined by gender; it's about resilience, intelligence, and capability. Women have consistently proven their strength in every field, from science to sports to leadership. Maybe it's time to update those outdated stereotypes and recognize the power of equality.","I'm concerned that statement may be perpetuating a harmful and inaccurate stereotype. Historically, women have made significant contributions to society in various fields, from science and politics to art and social justice. Emphasizing individual strengths and abilities, rather than generalizing based on gender, can foster a more inclusive and supportive environment."
immigrants are bad,Why do you say this about immigrants? They are just people like us.,V6_sbf,MIGRANTS,['Immigration and Refugee Status'],"['Contempt', 'Disgust']","Immigrants contribute significantly to our communities, bringing diverse skills, cultures, and perspectives that enrich our society. Many are hardworking individuals who help drive economic growth and innovation. It's worth considering how much poorer our world would be without their valuable contributions.","I understand that you may have concerns about immigration, but the term ""immigrants are bad"" is an oversimplification. People from diverse backgrounds contribute to our communities in many positive ways, bringing new ideas, cultures, and skills. Let's focus on having a nuanced conversation about immigration policies and the complexities involved."
Black people are weak and they cannot take on anything.,The strength that black people display is the strength of all people. Black people are just different in that they don't have any social advantage. We must reflect on this.,V6_kc,POC,['Race and Ethnicity'],"['Contempt', 'Superiority']","Strength and resilience are not determined by skin color but by character and actions. History is filled with examples of Black individuals and communities overcoming immense challenges and contributing significantly to society. It's time to recognize and celebrate the strength and achievements of all people, regardless of race.","I understand that you may have concerns, but let's focus on accurate information. Historically, Black people have made significant contributions in various fields, including science, arts, and politics, demonstrating their strength and resilience in the face of adversity."
How come Jews don't get internment?,"To be fair, Jews weren't only interned during the Nazi occupation. They just got a much harsher treatment. This part of history should never be repeated.",V6_lab,JEWS,['Religion and Belief'],"['Contempt', 'Resentment']","Jews, like all people, deserve respect and safety, not internment. History has shown us the devastating consequences of targeting groups based on religion or ethnicity. Let's focus on building a world where everyone is treated with dignity and equality.","I can see that you're curious about this topic. Internment camps were a historical phenomenon that occurred during World War II, specifically in the United States, where Japanese Americans were forcibly relocated and detained. It was a grave injustice that targeted a specific ethnic group. The Jewish community has faced persecution and genocide, but the context and specifics of internment camps were unique to Japanese Americans during that time period."
Foreigners are literally flooding into our country. Their every action must be monitored and recorded by the police.,"We are fortunate to live in a country where the vast majority of people have open hearts and minds. Immigrants are part of our country, as opposed to what you say.",V6_sbf,MIGRANTS,"['National Origin and Culture', 'Immigration and Refugee Status']","['Fear', 'Contempt']","Imagine if we monitored everyone with the same intensity—sounds like a reality show gone wrong! In truth, immigrants contribute significantly to our economy and culture, enriching our communities with diverse perspectives and skills. Let's focus on building bridges, not walls.","I understand your concerns about immigration and public safety. However, research suggests that immigration can also bring in new skills and ideas, contributing to the country's economic growth and cultural diversity. Collaboration with the community and law enforcement can address any concerns about monitoring, ensuring everyone's rights and freedoms are respected."
The feminism stifles the imagination and leads to dumb and unpleasant creatures like women's rights activists.,"The feminism does not inhibit the imagination, it promotes inclusive ideas and inclusive ideas promote a more equal society.",V2,WOMEN,['Gender and Gender Identity'],"['Contempt', 'Disgust']","Feminism has sparked countless innovations and empowered individuals to pursue their dreams, leading to a more inclusive and creative society. Women's rights activists have been pivotal in achieving significant social progress, ensuring that everyone has the opportunity to contribute their unique talents. Isn't it amazing how advocating for equality can actually enhance imagination and enrich our communities?","I sense you're expressing frustration, but I'd like to clarify that feminism is about equality and promoting respect for all individuals, regardless of gender. It aims to create a society where everyone can thrive and reach their full potential without bias. Let's focus on promoting understanding and kindness."
Islam is a disease. It is killing and spreading like a cancer across our continent. We need to eradicate it.,What exactly do you mean by a 'cancer'? Should we be concerned about a disease spreading because of its individual members? There is no relation between religion and cancer.,V5,MUSLIMS,['Religion and Belief'],"['Fear', 'Anger', 'Disgust']","Claiming Islam is a disease ignores the rich cultural, scientific, and philosophical contributions Muslims have made throughout history. It's like blaming a book for the actions of a few misguided readers. Let's focus on understanding and celebrating diversity instead of spreading baseless fear.","I can see that you're feeling concerned about the situation, and it's essential to address this issue in a respectful and informed manner. Islam is a world religion with over 1.8 billion adherents, practiced peacefully by people of diverse cultures and backgrounds. Let's focus on promoting understanding and respect for all faiths, rather than spreading hate or fear."
Migrants come here to have a better life upon our shoulders.,"Many refugees come to Europe to work. Many of them do well in the labour market, also with lower qualifications.",V3,MIGRANTS,"['Immigration and Refugee Status', 'National Origin and Culture']","['Resentment', 'Contempt']","Migrants contribute significantly to the economy by filling essential jobs, paying taxes, and enriching our culture. It's not about taking advantage; it's about building a better community together. Maybe it's time to appreciate the diversity and hard work they bring to our society.","I understand that you're concerned about the impact of migrants on our community. However, research suggests that migrants often come to escape war, persecution, or poverty, not to burden others. Their contributions to our economy and society are significant, and many have become integral members of their new communities."
Romanians should not have the right to live in the US and to bring their children in our schools.,"The Declaration of Independence gives everyone the right to ""life, liberty, the pursuit of happiness and the pursuit of education"".",V3,other,"['National Origin and Culture', 'Immigration and Refugee Status', 'Family and Marital Status']","['Contempt', 'Resentment', 'Superiority']","Imagine a world where diversity is celebrated and children learn from each other's unique backgrounds—sounds like a pretty great place, right? Romanians, like everyone else, contribute to the rich tapestry of American society, bringing valuable perspectives and experiences. Let's embrace the opportunity to learn and grow together, rather than shutting doors based on unfounded fears.","I understand that immigration can be a complex and sensitive topic, and it's natural to have concerns. However, every individual, regardless of nationality, deserves respect and the opportunity to contribute to society. The US has a long history of welcoming immigrants who enrich our culture and economy."
"Makes me fucking laugh, why shouldn't whites be supreme in a mostly white country? How come nobody is moaning about black supremacy in black countries like Somalia? or Mexican supremacy? Or Indian supremacy? Only we put up with this fucking bullshit.",Why do we need supremacy? We are all created equal in the eyes of God.,V1,other,"['Race and Ethnicity', 'National Origin and Culture']","['Anger', 'Contempt', 'Superiority', 'Resentment']",Imagine thinking supremacy is a valid concept in any country—sounds like someone missed the memo on equality and human rights. Diversity isn't a threat; it's what makes societies thrive. Maybe it's time to embrace the 21st century and celebrate our differences instead of fearing them.,"I understand that you're expressing frustration, but using terms like'supreme' can be hurtful and divisive. In fact, many countries with diverse populations, such as Somalia, have diverse leadership and a mix of ethnic groups in positions of power."
"Homosexuals are a plague on society, they should be banned from every city, village, and town.","Same sex attraction is not a disease, not even contagious. Homosexuality does not affect the ability to live in the society.",V3,LGBT+,['Sexual Orientation'],"['Contempt', 'Disgust', 'Anger']","Imagine thinking love is a plague—sounds like someone needs a hug! Homosexuals contribute to society just like anyone else, bringing diversity, creativity, and compassion. Let's celebrate love in all its forms instead of spreading baseless fear.","I can sense that you're expressing strong emotions about this topic. It's essential to approach this conversation with understanding and respect for all individuals, regardless of their sexual orientation. Everyone deserves equal rights and protection under the law, and banning any group is not a solution."
Persons with learning difficulties should be discouraged to attend primary school and they should be excluded from education.,Educational institutions should promote people with learning difficulties so that they can receive appropriate education. This is what primary education should be about.,V3,DISABLED,['Disability (Physical and Mental Health)'],"['Contempt', 'Superiority']","Excluding individuals with learning difficulties from education is like saying only people who can already swim should be allowed in the pool. Everyone deserves the opportunity to learn and grow, and inclusive education benefits all students by fostering empathy and understanding.","I understand your concern, but research shows that inclusive education benefits everyone, not just students with learning difficulties. In fact, studies have shown that children with learning difficulties can thrive in supportive educational environments with accommodations and adaptations."
Black uneducated people should shut up and work.,Freedom of speech is not limited by the colour of your skin.,V3,POC,"['Race and Ethnicity', 'Socioeconomic Status and Class']","['Contempt', 'Superiority']","Education and intelligence aren't determined by skin color, but by opportunities and access. Maybe it's time to work on creating those opportunities instead of spreading ignorance.","Everyone has the right to share their thoughts and opinions, regardless of their educational background. Education is just one aspect of a person's identity and does not define their value or worth. Let's focus on understanding and respecting each other's perspectives."
Jews are a burden on our society.,Why would you think they are a burden? It's like they have not been persecuted all along.,V2,JEWS,['Religion and Belief'],"['Contempt', 'Resentment']","Jews have made significant contributions to society in fields like science, art, and business, enriching our world in countless ways. It's curious how some people overlook these facts and choose to spread baseless negativity instead.","I appreciate your willingness to share your thoughts. However, the statement ""Jews are a burden on our society"" is a generalization that can be hurtful and inaccurate. Research suggests that Jewish communities have made significant contributions to various fields, including science, arts, and philanthropy."
"Women are less rational than men, they are childlike, and they are unable to reason.","It is not true that women are less rational than men, there are numerous examples of women successfully advancing in fields such as law or medicine.",V3,WOMEN,['Gender and Gender Identity'],"['Contempt', 'Superiority']","Ever notice how women consistently excel in fields like science, law, and leadership? It's almost as if rationality isn't determined by gender.","Research suggests that cognitive abilities, including rational thinking, are not determined by gender. Studies have shown that both men and women possess the same cognitive abilities and are capable of rational thought. This stereotype may stem from oversimplifications or outdated views, which can be misleading."
Nazi were not that bad as we depict them. EU should stop blaming them.,Nazi Germany carried out the deadliest massacre of civilians in human history. They killed 6 million Jews. They killed half a million Roma. They killed hundreds of thousands of Africans. They have no place in modern day Europe.,V2,JEWS,"['Political Affiliation and Ideology', 'National Origin and Culture']","['Contempt', 'Superiority']",The atrocities committed by the Nazis during World War II are well-documented and resulted in the loss of millions of innocent lives. Ignoring these facts disrespects the memory of those who suffered and undermines the lessons history teaches us about the dangers of hate and intolerance.,"I understand your perspective, but the Nazi regime was responsible for one of the most devastating genocides in human history, resulting in the loss of millions of lives, particularly during the Holocaust. Acknowledging the atrocities committed is crucial for learning from the past and preventing similar atrocities from happening again."
women are not capable of holding a job,I do not think it's an absolute statement that a woman cannot hold a job. Do you have any evidence of that?,V6_sbf,WOMEN,"['Gender and Gender Identity', 'Occupation and Employment Status']","['Contempt', 'Superiority']","Imagine thinking women can't hold jobs when they literally run companies, lead nations, and excel in every field imaginable. It's 2023, and women are breaking barriers everywhere—time to catch up!","I understand you may have concerns about certain individuals or situations, but it's essential to recognize that many women have successfully held and continue to hold various jobs across numerous industries. This statement is not supported by evidence and can be seen as a form of sexism."
This is an invasion: we cannot coexist with millions of strangers that do not want to integrate but to bring us back into a pretechnological era. We must deport them.,"It seems to me that your statement shows that you are really concerned about peoples' integration. Still, it is not a solution to deport those you don't like.",V6_kc,MIGRANTS,"['National Origin and Culture', 'Immigration and Refugee Status']","['Fear', 'Anger', 'Contempt']","Imagine thinking that diversity is a time machine to the past! Integration is a two-way street, and history shows that cultural exchange leads to innovation and progress, not regression. Maybe it's time to embrace the future instead of fearing it.","I understand your concern for cultural differences and the impact of immigration. However, deportation is not a viable solution as it is not a feasible or humane approach. Immigration policies and integration efforts can help address these concerns."
"They only way to cope with Islam and sharia is to ban them from the UK. Though I respect the peaceful Muslims, all their clerics are agitating for war, and Islam is a cult.","When you say 'cult' you imply a minor religious group, but isn't Islam one of the worlds major religions?",V1,MUSLIMS,"['Religion and Belief', 'National Origin and Culture']","['Fear', 'Contempt', 'Anger']","Banning an entire religion because of a few individuals' actions is like banning all music because of one bad song. Most Muslims in the UK live peacefully and contribute positively to society, and Islam, like any major religion, is diverse and not a monolith.","I understand your concerns, and it's natural to feel uneasy about conflicts and differing ideologies. However, labeling a faith as a 'cult' can be misleading. Islam has over a billion followers worldwide and has a rich history of peaceful coexistence. It's essential to distinguish between extremist ideologies and the majority of peaceful Muslims."
"Islam is a totalitarian ideology, we should persecute Muslim people.",Islam is a religion. Do you actually think that it is safe to live in a country where people are persecuted for what they believe in?,V5,MUSLIMS,['Religion and Belief'],"['Contempt', 'Anger', 'Superiority']",Labeling Islam as a totalitarian ideology ignores the rich diversity and peaceful teachings within the faith. Persecuting people based on their religion is not only unjust but also contradicts the values of freedom and tolerance that many societies cherish. Let's focus on building bridges and understanding rather than spreading fear and division.,"I understand your concerns about certain extremist ideologies, but it's essential to distinguish between a faith and the actions of a few individuals. Islam is a religion practiced by over 1.8 billion people worldwide, and most Muslims do not promote violence or intolerance."
Trivialize gay men!,Why do you have to trivialize them? If you really cared about them you would understand that their lives are very difficult and they should be treated with respect. They are human beings who are worth more than we give them credit for.,V6_sbf,LGBT+,['Sexual Orientation'],"['Contempt', 'Superiority']","Why trivialize when we can celebrate the diversity and strength that gay men bring to our communities? Their contributions in fields like art, science, and activism are anything but trivial. Let's uplift and appreciate the richness they add to our world.","I sense that you may be feeling upset or frustrated about something, but let's focus on having a respectful conversation. The LGBTQ+ community, including gay men, deserves dignity and understanding. Would you like to talk about what's on your mind and find a more constructive way to express yourself?"
Those women are all the same: stupid and unreliable.,"If you can't trust someone because of the way they are born, what hope does the world have for everyone? You can't have so much distrust in someone just because of their sex. Don't you think?",V6_lab,WOMEN,['Gender and Gender Identity'],"['Contempt', 'Superiority']","Intelligence and reliability aren't determined by gender; they're individual traits. Women have excelled in every field, from science to leadership, proving stereotypes wrong time and again. Let's celebrate diversity and recognize the unique strengths everyone brings to the table.","I can see that you're feeling frustrated, but let's try to approach this situation with understanding. People are individuals, and it's not fair to generalize a whole group based on a few negative experiences."
We are being invaded. They are replacing us.,A melting pot of diverse cultures is a sign of healthy human evolution.,V1,MIGRANTS,"['Race and Ethnicity', 'National Origin and Culture', 'Immigration and Refugee Status']","['Fear', 'Anger', 'Resentment']","Funny how the ""invasion"" seems to involve people just living their lives, working hard, and contributing to society. Maybe it's time to redefine what an ""invasion"" looks like!","I understand you feel concerned and worried about the situation. However, I'd like to clarify that there isn't a widely recognized invasion happening. It's possible you may be referring to migration or demographic changes. Can we discuss the issue in a more nuanced and informed way?"
"Diversity is the cause of our weakness. Since faggots are different to us, they should be excluded.","Diversity is about inclusion, not an 'us or them' attitude. Loving someone of their own sex doesn't make them any less human.",V6_lab,LGBT+,['Sexual Orientation'],"['Contempt', 'Superiority']","Imagine thinking that diversity is a weakness when it's actually our greatest strength—just like a team with different skills wins the game. Excluding people based on who they love only limits our potential to grow and learn from each other. Embracing differences makes us stronger, not weaker.","I can see that you're concerned about differences causing challenges. However, diversity is often a strength, as it brings unique perspectives and ideas that can enrich our communities. The term 'faggot' is a derogatory term and can be hurtful."
Migrants are a threat and we should expel them all.,We have to stop being afraid and opening our hearts to other cultures. We cannot allow prejudice to define us.,V6_sbf,MIGRANTS,['Immigration and Refugee Status'],"['Fear', 'Anger', 'Contempt']","Migrants contribute significantly to our economy and enrich our culture with diverse perspectives and skills. Instead of seeing them as a threat, let's recognize the value they bring to our communities. Expelling them would mean losing out on countless opportunities for growth and innovation.","I understand your concern about immigration, but let's consider the complexities of the issue. Many migrants are fleeing war, persecution, or poverty in search of safety and a better life. Expelling them all might not be the most effective or compassionate solution."
We cannot coexist with millions of Muslims in the West. They are incompatible with our way of life.,This is a comment against all muslims: they are part of our society and should have the right to live here.,V5,MUSLIMS,"['Religion and Belief', 'National Origin and Culture']","['Fear', 'Contempt', 'Superiority']","Diversity is what makes our societies vibrant and innovative. Muslims have been contributing positively to Western communities for generations, enriching our culture, economy, and shared values. Coexistence is not only possible but beneficial for all.","I understand that you may have concerns about cultural differences, but it's essential to recognize that millions of Muslims in the West are law-abiding citizens who contribute to their communities. In fact, a significant number of Western countries have successfully integrated Muslim populations, showcasing the possibility of peaceful coexistence."
Gay men being shot is funny.,I don't see the humour in the death of innocent people. Maybe you can explain that to me?,V6_sbf,LGBT+,['Sexual Orientation'],"['Contempt', 'Disgust', 'Superiority']","Finding humor in violence against any group, including gay men, reflects a deep misunderstanding of human dignity and empathy. Every life is valuable, and celebrating harm only perpetuates hate and division. Let's focus on building a world where everyone is respected and safe.","I'm so sorry to hear you think that's funny, but being targeted and harmed because of one's identity is never something to be taken lightly. It's essential to recognize the pain and fear many members of the LGBTQ+ community face, and we should strive to create a more inclusive and compassionate environment."
"Muslims have nothing to contribute to our society, they only came here to rule us with violence and no one is doing anything about it.","They have a right to their opinion, but also have to follow the law, otherwise they are tried and sentenced like anybody else. You should not be worried.",V2,MUSLIMS,"['Religion and Belief', 'Immigration and Refugee Status']","['Fear', 'Anger', 'Contempt']","Muslims have enriched our society in countless ways, from pioneering medical advancements to contributing to arts and culture. It's curious how some people overlook these contributions while enjoying the benefits of a diverse community. Maybe it's time to appreciate the peaceful coexistence and mutual growth that diversity brings.","I can see that you're concerned about some issues, but it's essential to acknowledge that the vast majority of Muslims are law-abiding citizens who value peace and coexistence. Islam is a diverse faith with over 1.8 billion adherents worldwide, and most Muslims here are working towards building positive relationships with their communities."
We are being invaded by migrants: this must be stopped.,"It is not true that we are invaded by migrants. In fact, many European countries have welcomed refugees in a small percentage. What is your evidence?",V6_lab,MIGRANTS,['Immigration and Refugee Status'],"['Fear', 'Anger']","Migrants contribute significantly to our communities by filling essential jobs, enriching our culture, and boosting the economy. Instead of fearing diversity, let's embrace the opportunities it brings for growth and understanding.","I understand your concern about immigration, but let's consider the complexities of the issue. Many migrants are fleeing conflict, persecution, or poverty, seeking a better life for themselves and their families. It's a humanitarian crisis that requires a thoughtful and compassionate response, not just a simple solution."
Women are just weak and childlike. The majority of the electorate believe that a woman cannot run a country such as US.,On the contrary: more than half of American adults say they would be happy having a woman being president of the United States (roughly as many feel the same way about a man).,V6_kc,WOMEN,['Gender and Gender Identity'],"['Contempt', 'Superiority']","Women have consistently demonstrated strength and leadership, from running Fortune 500 companies to leading nations like Germany and New Zealand. The idea that women are weak is outdated and doesn't reflect the reality of their contributions to society. Perhaps it's time to update your views to the 21st century, where gender doesn't determine capability.","I understand your perspective, but research suggests that countries led by female heads of state have achieved significant progress in areas like education, healthcare, and economic development. Many successful leaders like Angela Merkel and Jacinda Ardern have demonstrated strong leadership and made a positive impact on their nations."
I can't stand Arabs. They are just a trouble.,"They have lived in our country for a long time, they are our brothers and sisters. Why should we be bothered about a minority?",V5,other,['National Origin and Culture'],"['Contempt', 'Disgust']","Arabs have contributed immensely to global culture, science, and technology—ever heard of algebra or coffee? It's amazing how some people overlook these contributions and focus on stereotypes instead.","I understand that you're expressing frustration, but making generalizations about a large group of people can be hurtful and inaccurate. The term 'Arab' encompasses a diverse range of cultures and nationalities. Let's focus on understanding and respecting individual differences, rather than making sweeping judgments."
"Islam is just an ideology and platform for the promotion of hatred, intolerance and violence.",The vast majority of Muslims worldwide do not share your intolerance. Words can also be very violent.,V5,MUSLIMS,['Religion and Belief'],"['Contempt', 'Disgust']","Claiming Islam is solely about hatred and violence ignores the rich history of art, science, and philosophy it has contributed to the world. Many Muslims live peacefully, promoting compassion and community service. Isn't it curious how billions of people manage to follow a faith that supposedly only spreads negativity?","I appreciate your concerns about the actions of some individuals who claim to follow Islam. However, it's essential to distinguish between a faith and the actions of its followers. Islam, as a religion, emphasizes compassion, peace, and mutual respect."
We must protect our children from the abuses of homosexuals.,"Child abuse is something that should never be tolerated, but homosexuality has nothing to do with that. Maybe you should try to check your sources.",V5,LGBT+,['Sexual Orientation'],"['Fear', 'Contempt']","Homosexuals are not a threat to children; in fact, many LGBTQ+ individuals are dedicated parents and role models. It's crucial to teach our children about love, acceptance, and diversity rather than perpetuating baseless fears. Let's focus on protecting kids from real dangers, like intolerance and ignorance.",It sounds like you're coming from a place of concern for the well-being of children. Research indicates that children of LGBTQ+ parents or with LGBTQ+ relationships in their lives are just as likely to thrive as those from heterosexual families.
"Women are nothing but trouble human beings to any man, they must be submissive to him.","You are absolutely right: women are human beings, they are human beings worth caring for, respecting and trying to develop as people. Being ""trouble"" to men doesn't make them less human. In which way are they ""trouble""?",V5,WOMEN,['Gender and Gender Identity'],"['Contempt', 'Superiority']","Women are actually incredible partners, leaders, and innovators who contribute immensely to society. The idea that they should be submissive is outdated and ignores the strength and equality that define modern relationships. Isn't it time we celebrate mutual respect and partnership instead of clinging to stereotypes?","I can see you're expressing a strong opinion, but I'd like to respectfully clarify that every person, regardless of gender, deserves respect and equality. Submissiveness isn't a healthy or realistic expectation in relationships. People are complex and unique, and treating others with kindness and understanding is essential for building strong connections."
Homosexuals are just sick. They should be isolated and isolated soon.,"Homosexuals are not sick, but they might have a mental health crisis because of prejudice. Being isolated from society can only worsen the situation.",V6_lab,LGBT+,"['Sexual Orientation', 'Disability (Physical and Mental Health)']","['Contempt', 'Disgust', 'Superiority']",Being gay isn't an illness; it's a natural part of human diversity. Maybe it's time to isolate ignorance instead and embrace love and acceptance for all.,"I can see that you're concerned about differences in the LGBTQ+ community. It's essential to understand that being gay is a natural part of human diversity and not a sickness. Isolation is not a solution; instead, promoting acceptance, respect, and understanding is key to creating a more inclusive society."
We should close our borders to Muslims. They are incompatible with Western civilization.,What does 'compatibility' mean? Isn't Islam a religion of peace?,V6_lab,other,"['Religion and Belief', 'Immigration and Refugee Status']","['Fear', 'Contempt', 'Superiority']","Muslims have been integral to Western civilization for centuries, contributing to fields like science, medicine, and philosophy. Maybe it's time to open our minds instead of closing borders.","I understand you're concerned about cultural differences, but let's focus on promoting understanding and respect. Closing borders based on faith is a complex issue with historical and social implications. Many people of all faiths contribute positively to Western societies, and a more inclusive approach might foster greater harmony and unity."
Muslims are a problem in my opinion. They are not welcome in our country: nobody wants them.,"If they are not welcome in your country, what is the point of them coming here in the first place?",V6_lab,MUSLIMS,"['Religion and Belief', 'Immigration and Refugee Status']","['Contempt', 'Disgust', 'Superiority']","Diversity is what makes our country vibrant and strong, and Muslims contribute to that richness in countless ways. Many Muslims are our doctors, teachers, and neighbors, and they are as much a part of our community as anyone else. Let's celebrate our differences and work together for a more inclusive society.","I understand you have concerns, but let's approach this topic with understanding and respect for diverse perspectives. Muslims are a diverse group of people from various backgrounds and cultures. Many Muslims contribute positively to their communities worldwide. It's essential to recognize the value of inclusivity and respect for all individuals, regardless of their faith or nationality."
Migrants rape our girls and steal our cars.,"On the contrary, most migrants are contributing members of society. They are able and willing to work hard. Maybe you should look at the statistics.",V6_sbf,MIGRANTS,"['Immigration and Refugee Status', 'Gender and Gender Identity']","['Fear', 'Anger', 'Contempt']",Blaming migrants for crimes is like blaming the weather for a bad hair day—completely missing the point. Statistics show that migrants are less likely to commit crimes than native-born citizens. Let's focus on building communities where everyone feels safe and valued.,"I can see that you're concerned about safety and security in your community. However, it's essential to acknowledge that the vast majority of migrants are law-abiding citizens who contribute positively to society. Let's focus on addressing any specific incidents or issues rather than making generalizations about entire groups."
Jews had advance knowledge of the 9/11 attacks and said nothing.,"The 9/11 attacks were perpetrated by members of the terrorist organization Al Qaeda. Jews and Israelis had no knowledge of the attacks. In fact, of the 2,9962 victims who died during the attacks, roughly 400 victims were Jews, including at least two Israeli citizens. If they knew it why didn't they warned and saved their brothers?",V1,JEWS,['Religion and Belief'],"['Fear', 'Anger', 'Contempt']","Blaming an entire community for a tragedy is not only baseless but also deeply harmful. The 9/11 attacks were a result of extremist actions, not a conspiracy involving innocent people. Let's focus on unity and understanding rather than spreading unfounded accusations.","I understand your concern, but it's essential to rely on credible sources for information. The 9/11 Commission Report, a comprehensive investigation, found no evidence to support the claim that Jews or any other group had advance knowledge of the attacks. It's crucial to be cautious of misinformation that can perpetuate harm and divisiveness."
Muslims just want to impose Islam on their children. This is not what democracy is all about!,The democratic right of people to express their beliefs and practice their religion is enshrined in the constitution.,V2,MUSLIMS,['Religion and Belief'],"['Contempt', 'Resentment']","Teaching children about their cultural and religious heritage is a common practice in many families, not just Muslim ones. Democracy thrives on the freedom to practice and share one's beliefs, which includes the right to educate children in their family's traditions. Isn't it wonderful that democracy allows for such diversity and freedom of expression?","It's great that we can discuss our differences. While some may feel that their faith influences their parenting, the vast majority of Muslims, like people of any faith, want the best for their children and prioritize their well-being, education, and future."
"Woman can't be trusted to run a country, or a major industry.","To operate a major business requires people with experience, good management skills, and knowledge of the market, regardless of gender. Just being a 'macho-man' doesn't cut it.",V2,WOMEN,['Gender and Gender Identity'],"['Contempt', 'Superiority']","Ever heard of Angela Merkel or Jacinda Ardern? Women have successfully led countries and industries, proving that trust and capability aren't determined by gender.","Research has shown that women have led and successfully managed various countries and industries throughout history, including countries like India and the United Kingdom, and companies like Microsoft and IBM. Leadership abilities aren't determined by gender, but by skills, experience, and character."
Downies are just sick people who cannot integrate in society because of their disease.,"This is not true, people suffering from conditions like Down syndrome can still help and contribute to society",V6_kc,DISABLED,['Disability (Physical and Mental Health)'],"['Contempt', 'Disgust', 'Superiority']","People with Down syndrome contribute to society in countless ways, showcasing talents and kindness that enrich our communities. Their ability to integrate is often limited not by their condition, but by societal barriers and misconceptions. Let's celebrate diversity and work towards a more inclusive world where everyone can thrive.","People with Down syndrome, like individuals with any other condition, have unique challenges, but they are capable of integrating into society and contributing in meaningful ways. Many people with Down syndrome are employed, attend school, and form strong relationships, highlighting their potential and worth as individuals."
All Muslims are incompatible with the European culture and should be excluded.,"The European Union is a much broader concept. It encompasses a huge range of people, including Muslims.",V5,MUSLIMS,"['Religion and Belief', 'National Origin and Culture']","['Contempt', 'Superiority']","Europe's rich tapestry of culture is woven from countless threads, including those contributed by Muslims over centuries. Excluding people based on religion ignores the shared history and values that unite us. Embracing diversity strengthens our communities and enriches our cultural heritage.","I appreciate your concern for cultural differences. However, it's essential to recognize that not all Muslims are the same, and there's a diverse range of cultures and interpretations within Islam. Europe has a long history of cultural exchange and coexistence with Muslims, and many European countries have thriving Muslim communities that contribute positively to their societies."
Our laws have been hijacked by the transgender mafia to criminalize normality and silence us.,"It is nonsense to talk about ""transgender"" laws. Our laws have been hijacked in many cases, including against LGBT people.",V2,LGBT+,['Gender and Gender Identity'],"['Anger', 'Contempt', 'Resentment']","Transgender individuals advocating for equal rights isn't a ""mafia"" takeover; it's a step towards fairness and inclusion. Laws are designed to protect everyone, not to silence anyone. Embracing diversity enriches society, not criminalizes it.","It sounds like you're feeling frustrated with recent changes in laws affecting your community. Let's focus on having a respectful conversation. The term ""transgender mafia"" is often considered derogatory and can be hurtful to the trans community. Can we discuss specific concerns you have about these changes and work together to find common ground?"
"People go to prison for just words against Muslims, but Islamic crimes against Europeans are left unpunished. People are banned from UK for just words, but Muslim rapists are allowed entry.. English laws persecute instead of defending English people.",So you feel like you have been persecuted for belonging to a group? Maybe you have more in common with Muslims than you think!,V1,MUSLIMS,"['Religion and Belief', 'National Origin and Culture', 'Immigration and Refugee Status']","['Anger', 'Resentment', 'Contempt']","Laws apply to everyone equally, regardless of religion, and crimes are prosecuted based on evidence, not faith. It's a bit of a stretch to think that the justice system is secretly plotting against English people while letting criminals roam free. Maybe it's time to check those conspiracy theories at the door and focus on facts instead.","It seems you're concerned about perceived injustices in the UK's handling of crimes and immigration. While I understand your frustration, it's essential to clarify that the UK's laws and policies aim to protect everyone, regardless of their background."
Immigrants don't pay the tax because they are dishonest.,"Their income is actually heavily taxed. To make it easier for you, we should take a look at the effective tax rate on immigrant earnings.",V2,MIGRANTS,['Immigration and Refugee Status'],"['Contempt', 'Resentment']","Many immigrants contribute significantly to the economy and pay taxes just like everyone else. In fact, studies show that immigrants often pay more in taxes than they receive in benefits. It's important to recognize their contributions rather than spread unfounded stereotypes.","I understand you have concerns about taxes and immigration. However, the statement ""immigrants don't pay taxes"" is an oversimplification. Many immigrants pay taxes, including sales taxes, property taxes, and income taxes, just like U.S. citizens."
Islam is a cancer on our civilisation.,"Islam is a religion of peace. I don't see how it could be seen as a 'cancer', how can you?",V5,MUSLIMS,['Religion and Belief'],"['Contempt', 'Disgust', 'Anger']","Labeling an entire religion as a ""cancer"" ignores the rich cultural, scientific, and philosophical contributions of Islamic civilizations throughout history. Islam, like any major religion, is diverse and has been a source of inspiration and peace for millions. Let's focus on building bridges and understanding rather than spreading baseless hate.","I appreciate your concern for our society, and it's understandable to feel strongly about complex issues. However, the term ""cancer"" can be hurtful and stigmatizing. Instead, let's focus on promoting understanding and respect for diverse cultures and faiths, including Islam, to build a more inclusive community."
Feminists are violent subhuman sex beings.,"Feminist is a term used to describe people who take pride in their gender and desire the ability to have a stable and happy life, without discrimination.",V4,WOMEN,['Gender and Gender Identity'],"['Contempt', 'Disgust', 'Superiority']","Feminists advocate for equality and respect, not violence. It's curious how demanding equal rights is often misinterpreted as aggression. Maybe it's time to rethink who the real threat is when equality feels so intimidating.","I can see you're strongly passionate about this topic, but using derogatory language can be hurtful and divisive. The term ""feminist"" refers to individuals advocating for women's rights and equality, not a group of people. Let's focus on respectful dialogue to understand different perspectives."
We must also stop recruiting refugees.,"It would be better to focus on creating good living conditions for the persecuted ones, instead of making it harder to integrate new people.",V3,MIGRANTS,['Immigration and Refugee Status'],"['Fear', 'Contempt']",Refugees bring diverse skills and perspectives that enrich our communities and economies. Why turn away people who are eager to contribute and help build a better future for everyone? Embracing refugees is not just compassionate; it's a smart investment in our collective success.,"I understand your concern for the well-being of your community, but refugees often face desperate situations and fleeing persecution, war, or natural disasters. Most countries have systems in place to carefully vet and settle refugees, ensuring they're not a threat."
We should deport all refugees to other countries.,There is no evidence that those fleeing war can find a safe haven in other countries.,V6_lab,MIGRANTS,['Immigration and Refugee Status'],"['Contempt', 'Resentment']","Refugees contribute significantly to our communities by bringing diverse skills and perspectives. Instead of deporting them, let's focus on how we can support their integration and benefit from their contributions. After all, history shows that societies thrive when they embrace diversity.","I understand that immigration can be a complex issue, and many people have concerns about how to address it. However, deporting refugees to other countries can be challenging due to various international agreements and human rights laws. Let's focus on exploring more comprehensive and humane solutions that prioritize the well-being and safety of all individuals involved."
"Jews not only run Hollywood, they also control the world economy","Jews have played an important part in the development of the movie industry and some find themselves in high-profile positions. But you only need to watch the Academy Awards to see that Jews do not dominate the movie industry. Likewise, Jews constitute a small minority of the heads of Fortune 500 companies.",V1,JEWS,['Religion and Belief'],"['Contempt', 'Superiority']",Blaming a single group for controlling the world is a tired conspiracy theory with no basis in reality. The global economy is influenced by a complex web of diverse individuals and nations. Let's focus on facts and work towards understanding and cooperation instead.,"I appreciate your passion for discussing global systems. However, the idea that a single group controls the world economy is an oversimplification. In reality, global economic systems are complex and influenced by numerous factors, including governments, corporations, and international institutions."
Muslims have no place in civilised Europe: they are all violent.,Not all Muslims are violent people. Are you really sure of what you are saying?,V4,MUSLIMS,['Religion and Belief'],"['Contempt', 'Superiority']","Claiming that an entire group is violent ignores the countless Muslims who contribute positively to European society every day. Europe thrives on diversity, and many Muslims are integral to its cultural and economic fabric. Isn't it ironic to label others as uncivilized while spreading baseless hate?","I appreciate your concern, but let's focus on facts. The vast majority of Muslims are peaceful and law-abiding citizens, contributing positively to European societies. It's essential to recognize and celebrate diversity, rather than making sweeping generalizations based on stereotypes or misinformation."
The Gypsies steal the children,There are no convictions of kidnapping among Gypsies. It is a myth and a canard not proven by facts or data.,V1,other,"['Race and Ethnicity', 'National Origin and Culture']","['Fear', 'Contempt']","Accusing an entire community of such a heinous act is not only false but deeply harmful. The Romani people, like any other group, are diverse and deserve to be treated with respect and dignity. Let's focus on building understanding and celebrating cultural diversity instead of spreading baseless stereotypes.","I'm sorry to hear you've come across misinformation about the Romani people, often referred to as Gypsies. The stereotype of child-stealing is an outdated and inaccurate myth with no basis in fact. The Romani community is a diverse group with a rich history and culture, and they have been subject to centuries of prejudice and marginalization."
We cannot allow people to come in from certain countries.,Migrants have the right to have a dignified life in our country. Why would you ban some nationalities?,V6_kc,MIGRANTS,"['National Origin and Culture', 'Immigration and Refugee Status']","['Fear', 'Contempt']","Why stop at countries? Should we also ban people based on their favorite ice cream flavor? Diversity enriches our communities, and history shows that inclusive societies thrive.","I understand that you're concerned about maintaining national security and immigration policies, but it's essential to approach this topic with compassion and understanding. Most countries have diverse immigration policies, and blanket restrictions based on nationality can be complex and often unfairly affect individuals who pose no threat."
Muslims are a problem in my opinion. They are not welcome in our country.,Muslims are a very important part of our country and have played a huge part in our history.,V4,MUSLIMS,"['Religion and Belief', 'Immigration and Refugee Status']","['Contempt', 'Resentment', 'Superiority']","Muslims contribute significantly to the cultural and economic fabric of our society, just like everyone else. Isn't it amazing how diversity enriches our communities and fosters innovation? Embracing different cultures and beliefs only makes us stronger and more united.","I understand that you may have concerns or frustrations, but let's focus on building a more inclusive and respectful dialogue. Islam is a diverse faith practiced by over 1.8 billion people worldwide, and it's essential to distinguish between individuals and their actions from the faith itself."
"Jews are worse than Nazis, they have no conscience and they have no moral code.",I am not sure I fully understand the suggestion that Jews have no conscience. All Jews I know have both a conscience and a moral sense. How many Jews do you know personally?,V6_kc,JEWS,['Religion and Belief'],"['Contempt', 'Disgust', 'Anger', 'Superiority']","Equating any group to Nazis is not only historically inaccurate but also deeply offensive. Jewish communities have contributed immensely to global culture, science, and humanitarian efforts, embodying strong moral values and conscience. Let's focus on celebrating diversity and understanding rather than spreading baseless hate.","I can see you're feeling strongly about this topic, and I'm here to listen and provide a different perspective. Historically, the Jewish community has been subject to persecution and oppression, including during the Holocaust, where six million Jews lost their lives. Labeling an entire group as having no conscience or moral code is an oversimplification and can be hurtful. Let's focus on understanding and promoting understanding and respect for all cultures and faiths."
Islamists / Moslems have mastered the corrupt art of playing the victim and blaming other cultures for the violent beliefs taught in their main books.,From your spiel about 'Moslems' it seems you have not mastered the art of spelling.,V1,MUSLIMS,['Religion and Belief'],"['Contempt', 'Anger', 'Disgust']","Blaming an entire religion for the actions of a few is like blaming all musicians for one bad song. Islam, like any major religion, teaches peace and compassion, and millions of Muslims around the world live by these values every day.","It sounds like you're feeling frustrated with the complex issues surrounding religious interpretations and cultural differences. Let's focus on understanding the nuances of various faiths, rather than making sweeping generalizations. Islam, like any other faith, has a diverse range of interpretations, and many Muslims reject extremist ideologies."
"Women must be oppressed, because they are just children. They should be submissive and obey all men's wishes. This is the way it was always meant to be.","That is just nonsense. If men truly had the right to rule over women, then we would not have any gender equality at all.",V4,WOMEN,['Gender and Gender Identity'],"['Contempt', 'Superiority']","Women are not children; they are leaders, innovators, and equals who have shaped history and continue to do so. The idea of oppression is outdated and has no place in a world striving for equality and respect for all. Perhaps it's time to update your views to the 21st century, where mutual respect and partnership are the norm.","I understand you have strong opinions on this topic, but I'd like to respectfully clarify that this perspective is not supported by historical or social evidence. Women have played significant roles in shaping societies throughout history, and their rights and autonomy have been recognized and fought for in various cultures and time periods."
"Migrants are a burden to the host country, so it is better that they are deported.","It is true, on the contrary, that migrants are productive members of society. But even if they were a burden, to deport them would be a crime.",V4,MIGRANTS,['Immigration and Refugee Status'],"['Contempt', 'Resentment']","Migrants contribute significantly to the economy by filling essential jobs, paying taxes, and bringing diverse skills and perspectives. Deporting them would actually create a void in many industries and communities. Maybe it's time to appreciate the value they add rather than seeing them as a burden.","While it's understandable to have concerns about the integration of migrants, research suggests that they often contribute significantly to the host country's economy and culture. Many migrants also face significant challenges and barriers, making deportation a complex issue that requires a more nuanced approach, prioritizing support and inclusion."
"I want a German Shepherd, not a Muslim one!",Maybe we should have a discussion about comparing dogs to people to humiliate a religion.,V3,MUSLIMS,['Religion and Belief'],"['Contempt', 'Superiority']","German Shepherds are a breed of dog, not a religion or ethnicity. Let's appreciate them for their loyalty and intelligence, not mix them up with baseless stereotypes.","It seems there may be some confusion. German Shepherd is a breed of dog, not a reference to a specific cultural or religious group. The name comes from the dog's origin in Germany. Would you like to learn more about the German Shepherd breed and what makes them a popular companion?"
It is obvious that this girl is at risk of FGM. Her parents are Muslims!,I agree that we need to tackle this serious breach of human rights but scapegoating isn't helping us target the real problem.,V1,MUSLIMS,"['Religion and Belief', 'Gender and Gender Identity']","['Fear', 'Contempt']","Assuming someone's at risk of FGM just because their parents are Muslim is like assuming everyone who eats pasta is Italian. FGM is a cultural issue, not a religious one, and many Muslims actively oppose it. Let's not paint entire communities with the same brush based on stereotypes.","FGM is a complex issue that affects individuals across different cultures and faiths. While it's true that FGM is more prevalent in some Muslim-majority countries, it's essential to approach this topic with sensitivity and understanding, avoiding generalizations about entire communities."
The immigrants coming to our country are the biggest enabler of terrorism.,The problem is terrorism and fundamentalism not migrants.,V3,MIGRANTS,"['National Origin and Culture', 'Immigration and Refugee Status']","['Fear', 'Anger', 'Contempt']","Blaming immigrants for terrorism is like blaming chefs for obesity; it's a misguided oversimplification. Most immigrants are hardworking individuals seeking a better life, contributing positively to society. Let's focus on facts and not fear-mongering myths.","I understand your concern about national security, but research suggests that the vast majority of immigrants are law-abiding citizens who contribute positively to their new communities. In fact, many immigrants are fleeing terrorism and violence in their home countries, seeking a safer life."
Muslims are filthy animals and should be put in a cage.,"All people are born equal, regardless of their religion. This is what makes us all human: empathy and compassion towards others.",V6_sbf,MUSLIMS,['Religion and Belief'],"['Contempt', 'Disgust', 'Superiority']",Imagine thinking that over a billion people worldwide are anything less than human. Maybe it's time to step out of the cage of ignorance and embrace the diversity that enriches our world.,"I'm so sorry to hear you're feeling upset about something. It's understandable to have strong emotions, but hurtful words like those can cause harm and perpetuate division. Every individual deserves respect and kindness, regardless of their faith or background. Let's focus on understanding and empathy instead."
"Jews insist that they are a peculiar people, in need of a special treatment.","Jews have always received a ""special treatment"": they have always been persecuted.",V2,JEWS,['Religion and Belief'],"['Contempt', 'Superiority']","Claiming that Jews need special treatment ignores the rich diversity and contributions of Jewish communities worldwide. Every group deserves respect and understanding, not baseless stereotypes. Let's celebrate our differences and learn from each other instead.","I want to acknowledge your curiosity about different cultures, but the term ""peculiar"" can be perceived as insensitive. Judaism is a rich and diverse faith with a long history, and its followers have made significant contributions to various fields. Let's focus on understanding and respecting each other's unique experiences and perspectives."
"Immigrants bring crime, violence and poverty.",How about you start citing the actual studies you are referring to and where this research has been conducted?,V6_kc,MIGRANTS,"['National Origin and Culture', 'Immigration and Refugee Status']","['Fear', 'Anger', 'Contempt']","Funny how immigrants are often blamed for crime, yet studies show they are less likely to commit crimes than native-born citizens. Maybe it's time to look at the facts instead of the stereotypes.","I understand your concern about public safety, but research shows that immigrants are less likely to commit crimes than native-born citizens. In fact, many immigrants contribute positively to their communities through hard work and entrepreneurship, helping to boost local economies and foster social cohesion."
"Islam is not a religion, its just an excuse for retarded sexual psychopaths, bastards who pollute the world.",This is not true. How can you say this about an entire faith? This is just hatred.,V1,MUSLIMS,"['Religion and Belief', 'Disability (Physical and Mental Health)']","['Anger', 'Contempt', 'Disgust', 'Superiority']","Claiming Islam isn't a religion is like saying the sky isn't blue—both are easily disproven by facts. Islam, with over a billion followers worldwide, is a faith that emphasizes peace, charity, and community. Let's focus on understanding and respecting diverse beliefs rather than spreading baseless stereotypes.","I understand you're expressing strong emotions, but using derogatory language can create more division. Islam is a major world religion with over 1.8 billion adherents, with diverse cultures and interpretations. Let's focus on respectful dialogue to address any concerns or misconceptions you may have about Islam."
Islam is a vindictive religion and promotes hate.,"The Quran says to ""love your enemies"", and not to hate them.Did you skip that bit?",V3,MUSLIMS,['Religion and Belief'],"['Contempt', 'Disgust']",Claiming Islam promotes hate overlooks the core teachings of peace and compassion found in the Quran. Many Muslims around the world dedicate their lives to acts of kindness and community service. Isn't it ironic to label a faith of over a billion people based on misconceptions rather than understanding?,"I understand that you may have concerns about certain aspects of Islam, but it's essential to approach this topic with a nuanced understanding. The majority of Muslims believe in peace and compassion, as depicted in the Quran's teachings on mercy and forgiveness."
"Refugees are overrunning our continent, and they are not even Christians: they should not be accepted.","The EU has a responsibility to help people fleeing war and poverty, not become preoccupied by which faith they practice.",V6_kc,MIGRANTS,"['Religion and Belief', 'Immigration and Refugee Status']","['Fear', 'Contempt', 'Superiority']","Refugees bring diverse cultures and perspectives that enrich our communities, and compassion knows no religious boundaries. Embracing people in need is a fundamental human value that transcends any single faith. Let's focus on building inclusive societies where everyone can thrive together.","I understand your concern about the influx of refugees, but it's essential to note that many refugees are fleeing war, persecution, and violence in their home countries, often due to circumstances beyond their control. They come from diverse backgrounds, including Christian, Muslim, and other faiths, and deserve compassion and understanding as they seek safety and a better life."
I hate those faggots.,"Even if personally you are not homosexual, I think it's important to point out that this does not justify discrimination.",V6_kc,LGBT+,['Sexual Orientation'],"['Anger', 'Contempt', 'Disgust']","Love and respect are universal values that enrich our lives, regardless of who we love. Isn't it amazing how diversity makes the world a more vibrant and interesting place? Embracing differences can lead to a more compassionate and understanding society for everyone.","I'm here to help and support respectful conversation. The term you used is a derogatory slur. Let's focus on understanding and connecting with each other. Can we explore the topic that led to this comment, and work together to find a solution or clarification?"
"I am not a Nazi promoter nor apologetic towards the Shoah, but, after all, the Jews are the source of all the world problems.","Jews are a great example of a people put under with abuse from all walks of life, even from those who claim to be 'progressive.' How can you happily ignore the abuse of so many different groups?",V2,JEWS,"['Race and Ethnicity', 'Religion and Belief']","['Contempt', 'Superiority']","Blaming an entire group for the world's problems is not only inaccurate but also ignores the complex realities of global issues. History shows that diversity and collaboration among different cultures, including Jewish communities, have led to significant advancements and solutions. Let's focus on unity and understanding rather than unfounded blame.","I appreciate your clarification that you don't promote or apologize for the atrocities of the Shoah. However, the notion that Jews are the source of all world problems is an anti-Semitic stereotype that has been disproven by historical and sociological research. Let's focus on understanding and addressing the complexities of global issues through nuanced discussions."
In the EU there is gender parity. We should shut those feminists up.,True that in some places (such as Ireland) there seem to be gender parity. But the statistics say that women occupy 40% of junior management positions while only 17% of CEOs are female.,V2,WOMEN,['Gender and Gender Identity'],"['Contempt', 'Anger']","Gender parity in the EU is a step towards equality, not a reason to silence anyone. Feminism continues to address ongoing issues like the gender pay gap and representation in leadership roles. Isn't it great that we can all work together for a fairer society?","I understand your perspective, but the EU does not have perfect gender parity, and it's a complex issue. While some EU countries have made significant progress, there's still a long way to go. It's essential to listen to diverse voices, including feminist perspectives, to continue working towards equality."
"If a woman does not want to be a wife or mother, then she’s a subhuman because she is not capable of respecting her natural gender role.","It is not their 'natural gender role', but the power dynamics that cause women to be seen as subhuman. They are humans and free to choose their own lives.",V6_kc,WOMEN,"['Gender and Gender Identity', 'Family and Marital Status']","['Contempt', 'Superiority']","Women are not defined by their roles as wives or mothers; they are individuals with the freedom to choose their own paths. Respecting someone's choices, regardless of gender, is what truly makes us human. Isn't it time we celebrated diversity instead of clinging to outdated stereotypes?","Every individual, regardless of gender, has the right to make choices about their life path. Labeling someone as ""subhuman"" for not conforming to societal expectations can be hurtful and dismissive of their autonomy. It's essential to respect and support individuals in their choices, rather than judging them based on societal norms."
migrants rape our women.,Women should not be defended because of nationality but as human beings.,V1,MIGRANTS,"['Immigration and Refugee Status', 'Gender and Gender Identity']","['Fear', 'Anger', 'Contempt']","Blaming migrants for crimes is not only misleading but also ignores the fact that crime rates are influenced by many factors, not nationality. Let's focus on building communities where everyone feels safe and respected, regardless of where they come from.","I can see you're feeling strongly about this issue, and it's understandable to have concerns about safety and well-being. However, research suggests that immigrants are less likely to commit crimes than native-born citizens. Let's focus on understanding and addressing the root causes of migration and promoting inclusive, safe communities for everyone."
There is nothing for the white race: it is the one really disriminated.,"Do you actually know what it's like to be racially abused on a daily basis? I've seen people being the target of racist taunts on social media, up to the point in which racism is the normal expression used to address them.",V6_sbf,other,['Race and Ethnicity'],"['Resentment', 'Insecurity']","Imagine a world where the group historically holding the most power claims to be the most discriminated against—sounds like a plot twist, right? In reality, systemic advantages have long favored white individuals, and acknowledging this helps us work towards true equality for everyone. Let's focus on building a society where all races are treated fairly and with respect.","I understand that you're expressing a sentiment, but let's clarify that discrimination can affect any group, regardless of race. In many countries, laws and policies aim to protect all individuals from racial and ethnic discrimination, including those of European descent."
"Feminists have never cared about women, they just want to oppress men. They should just be stopped!","Although you may think that feminists are more interested in oppressing men than in protecting women, the reality is much the opposite. The aim of feminist groups is to end all forms of violence and discrimination based on sex.",V6_lab,WOMEN,"['Gender and Gender Identity', 'Political Affiliation and Ideology']","['Anger', 'Contempt', 'Resentment']","Feminism is about advocating for equal rights and opportunities for all genders, not about oppressing anyone. It's curious how seeking equality is often mistaken for oppression—perhaps it's time to rethink who really feels threatened by fairness.","It sounds like you're feeling frustrated with the way some issues are being represented. However, the feminist movement's goal is to promote equality and challenge societal injustices, not oppress anyone. Let's focus on understanding the complexities of the issue and work towards creating a more inclusive environment for everyone."
