HATE_SPEECH,COUNTER_NARRATIVE_LEGACY,VERSION,TARGET,CATEGORIES,EMOTIONS,COUNTER_NARRATIVE,GENERATED_CN
"Muslims have nothing to contribute to our society, they are only here to undermine European values.","We all have the right to our beliefs, we just have to accept people who believe in Islam.",V3,MUSLIMS,"['Religion and Belief', 'National Origin and Culture']","['Contempt', 'Disgust', 'Superiority']","Muslims have been integral to European society for centuries, contributing to fields like science, medicine, and the arts. It's amusing to think that anyone could overlook the rich tapestry of culture and innovation they bring. Maybe it's time to brush up on some history lessons?","Muslims have been integral to European culture and society for centuries, contributing to fields like science, art, and cuisine. It's quite a feat to undermine values by being part of them, isn't it?"
Jews are nothing but monsters and they should be exterminated.,Jews are not monsters. They are just like any other human being. Why would we want to destroy them?,V6_lab,JEWS,['Religion and Belief'],"['Anger', 'Contempt', 'Disgust', 'Superiority']","Monsters? Last I checked, Jewish communities have contributed immensely to science, culture, and humanitarian efforts worldwide. Maybe it's time to exterminate ignorance instead.","Imagine thinking that an entire group of people, who have contributed so much to science, culture, and humanity, are monsters. History has shown us the dangers of such hate and ignorance—let's choose compassion and understanding instead."
Women should not be allowed to vote,"Women should be allowed to vote and to have equal rights, as it is stated in the Constitution.",V3,WOMEN,['Gender and Gender Identity'],"['Contempt', 'Superiority']","Imagine thinking that half the population shouldn't have a say in decisions that affect everyone—sounds like a great way to miss out on a lot of smart ideas! Women have been voting for over a century in many countries, contributing to more balanced and fair societies. Let's celebrate progress, not regress.","Voting is a fundamental right for all citizens, including women, who have been contributing to society and democracy for decades. Excluding half the population from voting is not only outdated but also ignores the diverse perspectives and talents women bring to decision-making. Let's celebrate progress and ensure everyone has a voice in shaping our future."
"Women would like to have sex with as many different men as possible, and this is the root of all the ills of the world.","People have the choice to have sex with whomever they want, that is all.",V4,WOMEN,['Gender and Gender Identity'],"['Contempt', 'Disgust', 'Superiority']","Blaming women for the world's problems is like blaming the weather for your bad hair day—completely misguided and missing the point. Human relationships are complex, and reducing them to such stereotypes ignores the real issues we should be addressing together. Let's focus on understanding and respect rather than outdated myths.",Claiming that women seek multiple partners is a myth; most women value meaningful relationships over casual encounters. Maybe it's time to update those outdated stereotypes and focus on mutual respect and understanding instead.
"If Muslims stopped fighting for their religion, we would all be in peace right now.","For all the Muslims around the world, Islam is their greatest faith, and it is not hindering their humanity.",V4,MUSLIMS,['Religion and Belief'],"['Contempt', 'Superiority']","Blaming an entire religion for global conflicts oversimplifies complex issues and ignores the fact that people of all faiths, including Muslims, contribute to peace and harmony worldwide.","Imagine thinking that peace comes from silencing half the world's population instead of understanding and respecting each other's beliefs. Muslims, like people of all faiths, seek peace and coexistence, not conflict. Let's focus on building bridges, not walls."
Women are essentially childlike and don't have the potential to reach their full potential.,"It is not true. Women are not childlike, they can reach their full potential if they are not discriminated against.",V6_lab,WOMEN,['Gender and Gender Identity'],"['Contempt', 'Superiority']","Women have consistently demonstrated their potential by leading nations, pioneering scientific breakthroughs, and excelling in every field imaginable. It's curious how some still cling to outdated stereotypes when reality paints a much more inspiring picture. Perhaps it's time to update those beliefs to the 21st century?","Women have been leaders, innovators, and trailblazers throughout history, proving their potential time and again. It's curious how some still cling to outdated stereotypes when the evidence of women's capabilities is all around us. Maybe it's time to update those views to the 21st century!"
The Holocaust was a hoax. Jews were not persecuted and killed. You should be ashamed of yourselves if you claim they should have the same rights we have.,"The Nazis persecuted and killed more than 6 million Jews. The Holocaust is not a fabrication perpetrated by the Jews, it is a historical event that should be acknowledged so that we never allow such atocities to reoccur..",V3,JEWS,['Religion and Belief'],"['Contempt', 'Disgust', 'Superiority']","Denying the Holocaust is like saying the Earth is flat—both are easily disproven by overwhelming evidence. Six million Jews were murdered, and acknowledging this tragedy is crucial for ensuring history doesn't repeat itself. Everyone deserves equal rights, regardless of their background, because that's what makes us truly human.","Denying the Holocaust is like claiming the Earth is flat—both ignore overwhelming evidence and historical facts. The Holocaust is one of the most documented events in history, with countless testimonies and records. Let's honor the memory of those who suffered by acknowledging the truth and working towards a future where such atrocities never happen again."
Gays are a danger to children. They are just filthy pedophiles.,Homosexuals are not pedophiles. We mustn't allow anti-gay prejudice to cloud our judgement or our viiew of reality.,V5,LGBT+,['Sexual Orientation'],"['Fear', 'Disgust', 'Contempt']","Claiming that LGBTQ+ individuals are a danger to children is not only false but harmful. Studies consistently show that sexual orientation has no correlation with pedophilia, and many LGBTQ+ people are loving, responsible parents and role models. Let's focus on fostering a world where all children are taught acceptance and love.","Claiming that LGBTQ+ individuals are inherently dangerous is not only false but also harmful. Studies consistently show that sexual orientation has no bearing on someone's ability to be a loving, responsible parent. Let's focus on fostering environments where all children are safe and loved, regardless of who their guardians are."
Islam is a dangerous and violent religion.,Islam is a religion that has had a very positive and life changing impact on many countries around the world.,V4,MUSLIMS,['Religion and Belief'],"['Fear', 'Contempt']","Claiming Islam is inherently violent ignores the millions of Muslims who live peacefully and contribute positively to society every day. Every religion has extremists, but they don't represent the whole. Let's focus on understanding and respect rather than spreading fear.","Claiming Islam is inherently violent ignores the millions of Muslims who live peacefully and contribute positively to society every day. Every religion has extremists, but they don't define the faith as a whole. Maybe it's time to meet a few Muslims and see the kindness and compassion they practice daily."
"We have become so arrogant, we allow people from other cultures to coexist with us.","To allow other cultures to coexist is a good thing, why should we stop people from getting to know each other?",V5,MIGRANTS,"['National Origin and Culture', 'Immigration and Refugee Status']","['Contempt', 'Superiority']","Celebrating diverse cultures enriches our society, fostering innovation and understanding. Isn't it amazing how sharing different perspectives can lead to a more vibrant and harmonious community? Embracing diversity is a strength, not arrogance.","Embracing diversity enriches our communities by bringing new perspectives and ideas, which is a sign of strength and progress, not arrogance. Coexistence is a testament to our ability to learn from each other and grow together. Isn't it amazing how sharing our world can lead to a more vibrant and understanding society?"
Allowing gays to donate blood compromises patient safety because of their sexual behavior that spreads diseases such as HIV.,"Did you know that out of people receiving HIV care (for example in the UK), 48% were exposed through sex between a man and a woman, and 47% were exposed through sex between men? The fact is that heterosexual HIV transmissions outweigh those between homosexuals, and yet heterosexual people are not banned from donating blood. [link]",V1,LGBT+,"['Sexual Orientation', 'Disability (Physical and Mental Health)']","['Fear', 'Contempt', 'Disgust']","Blood donation safety is ensured through rigorous testing, not by discriminating against donors based on sexual orientation. HIV can affect anyone, and modern screening methods effectively protect the blood supply. Let's focus on facts, not outdated stereotypes.","Blood donation safety is ensured by rigorous testing for all donors, regardless of sexual orientation. It's the screening process, not someone's identity, that keeps the blood supply safe. Let's focus on facts, not outdated stereotypes."
"Islam is a death cult, it is spreading from the rocks of Iraq and Afghanistan to all around the world, by the practice of violent jihad.","Do you know where your information came from, and can you point that out? Did you read that in a New York Times article? Or did you listen to the BBC documentary ""Islamic State's Most Wanted""?",V3,MUSLIMS,"['Religion and Belief', 'National Origin and Culture']","['Fear', 'Anger', 'Contempt']","Claiming Islam is a ""death cult"" ignores the fact that it is a faith followed by over a billion people who live peacefully and contribute positively to society. The concept of jihad is often misunderstood; it primarily refers to a personal, spiritual struggle for self-improvement, not violence. Let's not let a few extremists define an entire religion.","Claiming Islam is a ""death cult"" ignores the fact that it is a faith followed by over a billion people who live peacefully and contribute positively to society. The vast majority of Muslims around the world practice their faith in harmony with others, and the actions of a few do not define the beliefs of many. Maybe it's time to update those outdated stereotypes with some real-world facts."
"Immigrants are a problem, they are lazy and do not want to work hard.","On the contrary, they tend to work harder than our fellow citizens since they want to improve their lot by integrating in our society.",V2,MIGRANTS,"['Immigration and Refugee Status', 'Occupation and Employment Status']","['Contempt', 'Resentment', 'Superiority']","Many immigrants work tirelessly, often taking on multiple jobs to support their families and contribute to the economy. It's worth noting that they frequently fill essential roles that keep our communities running smoothly. Hard work and determination are not limited by borders.","Hard work and dedication are universal traits, not limited by nationality. Many immigrants contribute significantly to their communities and economies, often taking on essential jobs that others overlook. It's time to recognize the hard work and resilience that immigrants bring to our society."
Migrant workers are the reason why we have unemployment in the first place.,"I believe that we need to do as much as possible to bring in talent, and we should also be paying the right amount to the right people, regardless of their country of origin.",V2,MIGRANTS,"['Immigration and Refugee Status', 'Occupation and Employment Status']","['Resentment', 'Contempt']","Blaming migrant workers for unemployment overlooks the fact that they often take jobs that are hard to fill and contribute significantly to the economy. In reality, economic challenges are complex and influenced by many factors, including automation and policy decisions. Let's focus on creating opportunities for everyone rather than scapegoating those who are just trying to make a living.","Blaming migrant workers for unemployment is like blaming the weather for a bad hair day. In reality, migrant workers often fill essential roles that boost the economy and create more jobs. Let's focus on policies that truly address unemployment rather than scapegoating those who contribute to our communities."
Feminism is a waste of time.,"I don't see what you're saying. Feminism is about equality, and equality is about making the most of humanity.",V3,WOMEN,['Gender and Gender Identity'],['Contempt'],"Feminism has been instrumental in securing rights and opportunities for women, such as the right to vote, work, and receive an education. Dismissing it overlooks the progress made towards gender equality, which benefits everyone in society. Isn't it amazing how advocating for equal rights can be seen as a ""waste of time""?","Feminism has been instrumental in achieving rights and opportunities that benefit everyone, not just women. It's about equality and ensuring everyone has the same chances, which is hardly a waste of time."
"Islam is not a religion, it is a political ideology and a mechanism for the establishment of a Muslim caliphate.","Islam is a religion, it is not a political ideology, and a lack of understanding about it will not change that. It will just enhance the hate against it.",V5,MUSLIMS,"['Religion and Belief', 'Political Affiliation and Ideology']","['Contempt', 'Fear']","Islam is a faith practiced by over a billion people worldwide, encompassing diverse cultures and traditions, much like Christianity or Judaism. Reducing it to a mere political ideology ignores its rich spiritual and cultural heritage. Perhaps it's time to open a history book and learn about the countless contributions of Islamic scholars to science, art, and philosophy.","Claiming Islam isn't a religion is like saying pizza isn't food—both are clearly wrong. Islam, like Christianity and Judaism, is a faith practiced by billions worldwide, offering spiritual guidance and community. Let's not confuse cultural and political contexts with the essence of a religion."
Migrants have no place in civilised Europe,"Migrants are welcome here, regardless of their origin.",V6_sbf,MIGRANTS,"['Immigration and Refugee Status', 'National Origin and Culture']","['Contempt', 'Superiority']","Europe's rich history is built on the contributions of diverse cultures and people, including migrants. Excluding them would mean ignoring the very essence of what makes Europe vibrant and innovative. Embracing diversity strengthens communities and fosters a more inclusive society for everyone.","Europe's history is built on migration and diversity, from the Roman Empire to the present day. Migrants contribute to the cultural richness and economic strength of Europe, making it a more vibrant and inclusive place for everyone."
"They dont' have a right to live because they are filthy niggas, and that's all.",Who decides who has a right to live and who doesn't? Are you really sure that a person's right to live does not belong to them if their skin color is different from what you like?,V6_lab,POC,['Race and Ethnicity'],"['Contempt', 'Disgust', 'Superiority']","Imagine thinking that skin color determines someone's worth—it's 2023, not the Dark Ages. Every human being deserves respect and dignity, regardless of race. Let's celebrate diversity and learn from each other instead of spreading hate.","Imagine thinking skin color determines someone's worth—sounds like a plot twist from a bad sci-fi movie, right? Every person, regardless of race, has the same right to live a dignified life and contribute to society. Let's celebrate diversity and the richness it brings to our world instead of clinging to outdated stereotypes."
Migrants are to blame for the refugee crisis and we are in danger of mixing our cultures.,"Diversity is a sign of integration, not a migration crisis.",V4,MIGRANTS,"['National Origin and Culture', 'Immigration and Refugee Status']","['Fear', 'Contempt']","Blaming migrants for the refugee crisis is like blaming firefighters for fires. Cultures have been mixing for centuries, enriching societies with diversity and innovation. Instead of fear, let's embrace the opportunity to learn and grow together.","Blaming migrants for the refugee crisis is like blaming the rain for getting wet. Refugees are often fleeing from conflict and persecution, seeking safety and a chance to rebuild their lives. Embracing diverse cultures enriches our communities and fosters understanding, not danger."
"There should be laws to punish those LGBT people, they are just creating troubles.","Homosexuals are often persecuted for who they love, which is their own right. This is why the laws and punishments that you suggest are unjust.",V3,LGBT+,['Sexual Orientation'],"['Contempt', 'Disgust']","Punishing people for who they love sounds like a great way to create more problems, not solve them. Maybe we should focus on laws that promote understanding and equality instead. After all, diversity is what makes our communities stronger and more vibrant.","Punishing people for who they love only creates more division and hate. Instead of laws, let's focus on education and understanding to build a more inclusive society where everyone is respected and valued."
Infidels and Islam are the same. And they are not worth the while of tolerance and understanding.,"The West is full of many different civilizations, moslty peaceful, that were built by many different people of different faiths (including Islam).",V4,MUSLIMS,['Religion and Belief'],"['Contempt', 'Disgust']","Equating Islam with intolerance is like saying all books are the same because they have pages. Understanding and tolerance are the foundations of a peaceful society, and dismissing them only fuels ignorance. Let's celebrate diversity and learn from each other instead.","Claiming that ""infidels and Islam are the same"" is like saying all books are the same because they have covers. Islam, like any other religion, has diverse followers who contribute positively to society in countless ways. Let's celebrate our differences and learn from each other instead of spreading baseless stereotypes."
Islam should be abolished. They start with mutilating their daughters and then our women will have their throats slit.,"You don't have to agree with this, but in Western societies female genital mutilation (FGM) has not been around for a very long time. Also, the Quran does not mention FGM nor circumcision.",V2,MUSLIMS,"['Religion and Belief', 'Gender and Gender Identity']","['Fear', 'Anger', 'Contempt', 'Disgust']","Abolishing an entire religion because of misconceptions is like banning all cars because some people drive recklessly. Islam, like any faith, is diverse and rich in values of peace and compassion. Let's focus on understanding and respecting each other's beliefs rather than spreading fear and misinformation.",Imagine thinking that a faith followed by over a billion people worldwide is all about violence when the majority of Muslims live peacefully and contribute positively to society. Maybe it's time to read a history book instead of spreading baseless fears.
"There is only one sexual orientation. If you want a woman, you need to be a male. If you want a man, you need to be a female.","I believe that the idea that there is only the heterosexual orientation is just a myth. Sexuality is a spectrum, and there can be attraction towards men and women in everybody.",V3,LGBT+,"['Gender and Gender Identity', 'Sexual Orientation']","['Contempt', 'Superiority']",Love and attraction are as diverse as the people who experience them. Many individuals find happiness and fulfillment in relationships that don't fit into traditional gender roles. Isn't it amazing how love can transcend such outdated notions?,"Love and attraction don't fit into such narrow boxes; people of all genders can love and be loved by anyone, regardless of gender. It's 2023, not the 1950s—time to update those outdated views!"
All Muslims are Terrorists.,"Maybe it would be better to stop using Muslims as a target and subduing innocent ones, and start talking about real problems in our society, like racism and islamophobia.",V2,MUSLIMS,['Religion and Belief'],"['Fear', 'Anger', 'Contempt']",Labeling all Muslims as terrorists is as absurd as saying all Italians are opera singers. The vast majority of Muslims are peaceful individuals who contribute positively to society. Let's not let fear and stereotypes overshadow the truth.,Labeling all Muslims as terrorists is as absurd as saying all Italians are pizza chefs. The vast majority of Muslims are peaceful individuals who contribute positively to society. Let's focus on unity and understanding rather than spreading baseless stereotypes.
Jewish folks are frauds,"The idea that a people should be defined by their religious beliefs is wrong, racist and sexist. They are defined by their merits, qualities, and actions.",V6_sbf,JEWS,['Religion and Belief'],"['Contempt', 'Disgust', 'Superiority']","Labeling an entire group as ""frauds"" is not only baseless but also ignores the rich contributions Jewish communities have made to society in fields like science, art, and social justice. Let's celebrate diversity and focus on the positive impact individuals from all backgrounds bring to the world.","Claiming that Jewish people are frauds ignores their rich history of contributions to science, culture, and humanitarian efforts. From Albert Einstein's groundbreaking theories to the Nobel Prizes won by Jewish laureates, their achievements speak volumes about their integrity and dedication. Let's celebrate diversity and the positive impact of Jewish communities instead of spreading baseless stereotypes."
"Immigrants steal our jobs, at least we should underpay them.","They have the right to be treated as guest workers, and they have the right to be paid what is reasonable according to the law.",V6_lab,MIGRANTS,"['Immigration and Refugee Status', 'Occupation and Employment Status']","['Resentment', 'Contempt', 'Superiority']","Imagine thinking that hardworking people who contribute to the economy are the problem, rather than the systems that exploit them. Immigrants often take jobs that others overlook, and fair wages benefit everyone by boosting local economies. Let's focus on creating opportunities for all, not underpaying those who help our communities thrive.","Funny how the economy works when immigrants are often blamed for ""stealing"" jobs, yet studies show they actually boost employment and innovation. Maybe it's time to appreciate their contributions rather than exploit them."
"We can't accept all Muslims in our country. They are not our brothers and sisters, they are terrorists.",Not all Muslims are involved in terrorist activities. In fact many Muslims live in peaceful coexistence with their fellow citizens.,V4,other,"['Religion and Belief', 'National Origin and Culture']","['Fear', 'Contempt']","Muslims are as diverse as any other group, with the vast majority being peaceful and contributing positively to society. Painting an entire community with the brush of terrorism ignores the countless Muslims who are doctors, teachers, and neighbors, working alongside us every day. Let's not let fear overshadow the reality of shared humanity and common goals.","Labeling all Muslims as terrorists is like saying all Italians are pizza chefs—it's a stereotype that ignores the rich diversity and peaceful contributions of millions of Muslims worldwide. Let's focus on building bridges, not walls, and recognize that our shared humanity is stronger than any label."
I hate negros: they are all killers.,"This is a rumor spreading on the web, but violent black people are just like all the other people being violent towards other people. No matter their complexion.",V6_kc,POC,['Race and Ethnicity'],"['Anger', 'Contempt', 'Disgust']",Claiming an entire group is responsible for violence ignores the reality that people of all backgrounds can commit crimes. Let's focus on understanding and addressing the root causes of violence rather than spreading harmful stereotypes.,"Imagine thinking that an entire race can be summed up by a stereotype—sounds like a plot twist from a bad movie! In reality, people of all races contribute positively to society, and diversity enriches our communities. Let's celebrate our differences and focus on the shared humanity that unites us."
It is not a coincidence that tuberculosis reappears with the migrants invasion.,"The trend in Italy remains particularly low, less than 7 cases per 100,000 inhabitants. In the '50s it was around 25 instead. And back then there was no 'invasion'.",V1,MIGRANTS,"['National Origin and Culture', 'Immigration and Refugee Status']","['Fear', 'Contempt', 'Disgust']","Blaming migrants for the resurgence of diseases ignores the fact that tuberculosis has been present in many countries long before recent migration trends. Instead of scapegoating, let's focus on improving public health systems for everyone.","Blaming migrants for the resurgence of diseases is like blaming the rain for getting wet. Tuberculosis has been around for centuries and affects people worldwide, regardless of migration. Let's focus on improving healthcare for everyone instead of scapegoating."
What’s the difference between a Cow and the Holocaust? You stop milking the cow after 70 years.,We should be respectful and compassionate towards those who suffered in one of the most horrific event in the history of mankind... I think this should be remembered forever!,V1,JEWS,"['Religion and Belief', 'Race and Ethnicity']","['Contempt', 'Disgust', 'Superiority']","Comparing a cow to the Holocaust is not only insensitive but also deeply disrespectful to the millions who suffered and died. The Holocaust was a horrific event in human history, and trivializing it with such jokes only spreads ignorance and hate. Let's honor the memory of those lost by promoting understanding and compassion instead.","Comparing the Holocaust to a cow is not only deeply disrespectful but also fundamentally misunderstands the gravity of one of humanity's darkest moments. The Holocaust was a systematic genocide that resulted in the deaths of six million Jews and millions of others, leaving an indelible scar on history. Let's honor memory by learning from the past, not trivializing it."
Islam is a violent religion and it is incompatible with our society.,"Not all Muslims are violent. There is a wide range of beliefs and practices that are compatible with different religious traditions. So, what you say is groundless.",V6_lab,MUSLIMS,['Religion and Belief'],"['Contempt', 'Fear']","Claiming Islam is inherently violent ignores the millions of Muslims who live peacefully and contribute positively to society every day. Every religion has extremists, but they don't define the whole. Isn't it more productive to focus on shared values like compassion and community?","Claiming Islam is inherently violent ignores the millions of Muslims who live peacefully and contribute positively to society every day. Every religion has extremists, but they don't define the faith as a whole. Maybe it's time to meet some real Muslims and see the kindness and compassion that truly represent their beliefs."
"If a woman is beaten, it is because her man wants to correct her bad behaviour.",It is estimated that over the 50% of people committing domestic abuse were drunk. It's a complex issue but two things I know for sure: a drunk person is in no position to judge anyone's behaviour and beating a person is ALWAYS wrong.,V3,WOMEN,"['Gender and Gender Identity', 'Family and Marital Status']","['Contempt', 'Superiority']","Violence is never a form of correction; it's a crime. Respect and communication are the real keys to a healthy relationship, not fear and control. Let's uplift each other with kindness and understanding, not harm.","Correcting behavior doesn't involve violence; respect and open communication do. Ever heard of the phrase ""love doesn't hurt""? It's not a myth."
Islam is a cancer spreading all around the world.,"The Qur'an is a book that says to love your neighbour as yourself. It is also a tolerant religion and there is no evidence it is similar to a cancer, why do you think that?",V3,MUSLIMS,['Religion and Belief'],"['Contempt', 'Disgust']","Claiming Islam is a ""cancer"" ignores the rich cultural, scientific, and philosophical contributions made by Muslims throughout history. It's like blaming an entire library for one bad book. Let's focus on understanding and appreciating the diversity that enriches our world.","Islam, like any other major religion, is practiced by billions who contribute positively to society. It's fascinating how a faith that promotes peace and community is misunderstood as a threat. Maybe it's time to learn more about the diverse cultures and traditions that enrich our world."
"I would place the blame for 9/11 on Jews, in fact it's a false flag on the Islamic religion.","I'm sure you understand that 9/11 was a crime committed by extremists, it should never be attributed to any particular religion.",V2,JEWS,"['Race and Ethnicity', 'Religion and Belief']","['Anger', 'Contempt', 'Disgust']","Blaming an entire group for 9/11 is not only baseless but also harmful. The tragedy was orchestrated by terrorists, not a religion or ethnicity. Let's focus on facts and work towards understanding and unity instead of spreading unfounded conspiracy theories.","Blaming Jews for 9/11 is like blaming penguins for the melting ice caps—it's just not accurate and only spreads misinformation. The 9/11 attacks were orchestrated by al-Qaeda, a terrorist group, not a religious community. Let's focus on facts and not unfounded conspiracy theories."
Islam is a religion based on terror and fear.,"You should find more information about Islamic religion, and then you will understand that Islam is not about fear.",V4,MUSLIMS,['Religion and Belief'],"['Fear', 'Contempt']","Claiming Islam is based on terror ignores the millions of Muslims who live peacefully and contribute positively to society every day. Every religion has extremists, but they don't define the faith as a whole. Maybe it's time to read beyond the headlines and understand the true teachings of Islam, which emphasize peace and compassion.","Claiming Islam is based on terror and fear ignores the core teachings of peace and compassion found in the Quran, which over a billion Muslims follow daily. It's like saying all movies are bad because you watched one terrible film. Let's not let ignorance overshadow the truth."
Immigrants are not welcome here.,The vast majority of migrants who come to the UK are happy to work for the benefit of our country.,V6_sbf,MIGRANTS,['Immigration and Refugee Status'],"['Contempt', 'Resentment']","Immigrants bring diversity, innovation, and hard work, enriching our communities and economies. Why not welcome those who contribute so much to our society?","Immigrants bring diversity, innovation, and a wealth of cultural experiences that enrich our communities. Isn't it amazing how they contribute to the economy and help build stronger, more vibrant societies? Let's celebrate the positive impact they have instead of spreading unfounded fears."
Muslims are a problem in many European countries.,What are you talking about? Are you really suggesting that the problem is Muslims in general?,V6_kc,MUSLIMS,['Religion and Belief'],"['Fear', 'Contempt']","Muslims contribute significantly to the cultural and economic fabric of European societies, enriching communities with diverse perspectives and talents. It's important to recognize that problems arise from misunderstanding and prejudice, not from any particular group. Let's focus on building inclusive societies where everyone can thrive together.","Europe's diversity, including its Muslim communities, enriches cultural and social life, fostering innovation and understanding. Many Muslims contribute positively to society, excelling in fields like medicine, education, and business. Let's celebrate our shared humanity and the value of mutual respect."
"This is not the way I want our society to be. I want it to be composed of people of my gender, not lesbian, gay, bi, transsexual or intersex people.","The LGBT+ community is extremely accepting, I met so many LGBT+ people over the years that are so inclusive because they can accept the values of others. You can start by accepting yourself and your own gender.",V6_lab,LGBT+,"['Gender and Gender Identity', 'Sexual Orientation']","['Contempt', 'Disgust', 'Superiority']","Imagine a world where everyone was exactly the same—how boring would that be? Diversity in gender and sexuality enriches our society, bringing unique perspectives and experiences that make life vibrant and interesting. Embracing differences is what truly strengthens and unites us.","Imagine a world where diversity is celebrated and everyone, regardless of gender or sexual orientation, can live authentically. Isn't it more vibrant and interesting when we embrace all kinds of people? Inclusion makes our society stronger and more beautiful."
Gays are just pathetic people who have low self-esteem.,How would you feel if someone you just met had the audacity to say such a thing about you? Do you think that being gay would make you a pathetic person?,V6_kc,LGBT+,['Sexual Orientation'],"['Contempt', 'Superiority']","Imagine thinking self-esteem is tied to who you love—sounds like someone needs a lesson in self-acceptance! LGBTQ+ individuals often show incredible strength and resilience, thriving in the face of adversity. Maybe it's time to reflect on what truly defines self-worth.",Having low self-esteem isn't about being gay; it's about being misunderstood by those who lack empathy. LGBTQ+ individuals often demonstrate incredible courage and resilience in the face of discrimination. Maybe it's time to learn from their strength rather than dismiss it.
Jews have a monopoly on evil.,That's not true. And why would it be true? Why are they usually associated with evil?,V6_lab,JEWS,['Religion and Belief'],"['Contempt', 'Superiority']","Claiming that any group has a ""monopoly on evil"" is not only false but ignores the vast diversity and contributions of Jewish communities throughout history. Evil actions are not confined to any one group; they are a human issue that transcends race, religion, and ethnicity. Let's focus on building understanding and celebrating the positive impacts people from all backgrounds have made.","Claiming that any group has a monopoly on evil is not only false but also dangerous. History has shown that evil is a human trait, not confined to any single religion or ethnicity. Let's focus on understanding and respecting each other's differences instead."
I hate gays.,I think you should try to start a dialogue about LGBT issues. It might also spark a conversation about how we can make better world.,V6_kc,LGBT+,['Sexual Orientation'],"['Anger', 'Contempt']","Love is love, and everyone deserves to be themselves without fear of hate. Did you know that embracing diversity actually strengthens communities and fosters understanding? Let's celebrate our differences and build a more inclusive world together.","Love is love, and everyone deserves to be who they are without fear or hate. Diversity makes our world vibrant and interesting, and it's worth celebrating, not hating."
We are taking in people that are ruining our countries: all migrants are a burden.,The recent influx of migrants has helped to revitalise our economy and support a better standard of life. What is the point of making such sweeping generalisations?,V4,MIGRANTS,"['National Origin and Culture', 'Immigration and Refugee Status']","['Fear', 'Anger', 'Contempt']","Migrants contribute significantly to our societies, bringing diverse skills, cultures, and perspectives that enrich our communities. Many are hardworking individuals who fill essential roles and drive economic growth. Instead of being a burden, they often become integral parts of our success stories.","Migrants contribute significantly to our economies, cultures, and communities, often filling essential roles and bringing diverse perspectives. It's worth remembering that history shows how migration has enriched societies and driven innovation. Let's focus on the benefits and work together for a more inclusive future."
All those worthless migrants creating problems...,"It seems like you have an unfair point: if there are so many unworthy migrants, you have the misfortune to be of much more worth than them. Therefore who is to blame for all our problems? Who is not able to show their value, or the worthy one?",V4,MIGRANTS,['Immigration and Refugee Status'],"['Contempt', 'Anger']","Migrants contribute significantly to the economy, culture, and diversity of their new homes, often filling essential roles and enriching communities. It's worth considering how much poorer our societies would be without their hard work and dedication.","Migrants contribute significantly to the economy and enrich our communities with diverse cultures and perspectives. It's worth remembering that many of them are fleeing dire circumstances and seeking a better life, just like our ancestors did. Let's appreciate the resilience and potential they bring to our society."
When you have the world at your feet you can do whatever you want. This is what the jewish lobby is doing by secretly ruling us.,"Those are the feelings of the privileged, who cannot bear the thought of people from other backgrounds. Would you say the same if it was your religious group that was the one left behind?",V6_sbf,JEWS,['Religion and Belief'],"['Contempt', 'Resentment', 'Superiority']","Imagining a secret group controlling everything sounds like a plot from a movie, not reality. In truth, societies are shaped by diverse voices and democratic processes, not by mythical lobbies. Let's focus on building understanding and cooperation instead of spreading unfounded fears.",Claiming that any single group secretly controls the world is a tired conspiracy theory with no basis in reality. Power and influence are complex and distributed across many diverse groups and individuals. Let's focus on building understanding and cooperation rather than spreading unfounded fears.
blacks are just a bunch of slobs,"They are human beings with hopes and dreams. No one should be slandering black people.Empathy and understanding is preferable to this redundant, divisive rhetoric",V6_sbf,POC,['Race and Ethnicity'],"['Contempt', 'Superiority']","Imagine thinking that an entire group of people can be summed up by one word—sounds like someone needs a lesson in diversity and individuality. People of all backgrounds contribute to society in countless ways, and reducing them to stereotypes only shows a lack of understanding. Let's celebrate the richness and variety that different cultures bring to our world.","Stereotyping an entire race based on unfounded assumptions is not only misleading but also harmful. People of all backgrounds contribute positively to society in countless ways, and it's important to recognize and celebrate these contributions. Let's focus on unity and understanding rather than spreading baseless generalizations."
Jews are Christ Killers.,"Placing responsibility on a modern-day person for something that happened 2,000 years ago is quite absurd. Don't you think? Besides, wasn't it the Romans?",V1,JEWS,['Religion and Belief'],"['Contempt', 'Anger']","Blaming an entire group for events from thousands of years ago is like holding modern Italians responsible for the actions of the Roman Empire. Let's focus on building bridges, not walls, and appreciate the rich cultural contributions of Jewish communities throughout history.","Blaming Jews for something that happened centuries ago is like blaming your neighbor for a crime they didn't commit. Let's focus on building a world where we judge people by their actions, not outdated myths."
Our immigration policy is turning us into second-rate countries.,Are you aware that our immigration policy is about creating new opportunities for British people? Why should we turn our back on that?,V5,MIGRANTS,"['National Origin and Culture', 'Immigration and Refugee Status']","['Fear', 'Contempt']","Immigration enriches our society with diverse cultures, skills, and perspectives, making us stronger and more innovative. Instead of fearing change, let's embrace the opportunities it brings to enhance our global standing.","Immigration enriches our culture and economy, bringing diverse skills and perspectives that drive innovation and growth. Embracing diversity makes us stronger, not weaker. Isn't it amazing how collaboration across borders can lead to global leadership?"
Islam is not a religion of peace! And Islam is a system of oppression and slavery! Islam is a criminal ideology that has caused the death of over 5 million Africans!,Would you like to join some sort of forces and co-opt with the murderers? Can you provide some evidence that explains why you think that Islam is a criminal ideology rather than a religion?,V2,MUSLIMS,['Religion and Belief'],"['Anger', 'Contempt', 'Disgust']","Claiming Islam isn't a religion of peace ignores the millions of Muslims who live peacefully and contribute positively to society every day. It's fascinating how some people overlook the fact that Islam, like any major religion, has diverse interpretations and followers. Maybe it's time to read a history book and learn about the rich cultural and scientific contributions of Islamic civilizations.",Claiming Islam isn't a religion of peace ignores the millions of Muslims who live peacefully and contribute positively to society every day. It's like saying all movies are bad because you watched one you didn't like. Let's focus on understanding and respecting diverse beliefs instead of spreading baseless stereotypes.
Migrants are the source of all the problems. They are willing to replace us and take over our countries.,Are you sure? Are you aware of all the positive impact of immigration on our country and our people?,V3,other,"['National Origin and Culture', 'Immigration and Refugee Status']","['Fear', 'Anger', 'Contempt']","Blaming migrants for all problems is like blaming the weather for a bad hair day—it's just not accurate. Migrants contribute to our economies, enrich our cultures, and often fill essential roles that keep our societies running smoothly. Let's focus on working together to solve real issues instead of creating imaginary ones.","Migrants contribute significantly to our societies by filling essential roles, enriching cultures, and boosting economies. Instead of fearing change, let's embrace the diversity and opportunities they bring. After all, isn't a world with more flavors, stories, and ideas a better place to live?"
Islam is a violent religion.,Violence is not a part of Islam. You can't say that a religion is violent without any evidence.,V2,MUSLIMS,['Religion and Belief'],"['Contempt', 'Anger']","Many people overlook that Islam, like all major religions, teaches peace and compassion, with millions of Muslims worldwide living peacefully and contributing positively to their communities.","Claiming Islam is inherently violent ignores the millions of Muslims who live peacefully and contribute positively to society every day. Every religion has extremists, but they don't define the faith. Maybe it's time to read beyond the headlines and see the kindness and compassion practiced by the majority."
"A male need a woman. Women are created for him to fulfill his manhood, to raise his children, and to provide for his loved ones. And not to mention we can have sex to procreate and heal the world.","With this reasoning, the point of view considered is that of the men. The world is composed of both men and women, and by many other people. Taking into account only one of the types of people, for example men and assuming their needs this way, won't heal the world.",V2,WOMEN,['Gender and Gender Identity'],"['Superiority', 'Contempt']","Women are not accessories to a man's life; they are individuals with their own dreams, ambitions, and rights. Relationships are partnerships built on mutual respect and equality, not outdated stereotypes. Maybe it's time to update your worldview to the 21st century?","Men and women are both essential for a healthy society, and each contributes uniquely to its success. Women are not just caregivers or sex objects; they are leaders, innovators, and equal partners in every aspect of life. Let's celebrate the diversity and strength that both genders bring to the world."
LGBTs are sick. They should be isolated and medically cured.,"Although some people may be attracted to people of their gender rather than being ""conventionally attracted"" to the opposite gender, this does not imply that it is a sickness. LGBT are discriminated by uninformed people. That's grim.",V6_sbf,LGBT+,"['Sexual Orientation', 'Disability (Physical and Mental Health)']","['Contempt', 'Disgust', 'Superiority']","Being LGBT is not an illness; it's a natural and normal part of human diversity. Medical and psychological experts worldwide affirm that there's nothing to ""cure."" Instead of isolating people, let's celebrate and support the rich diversity that makes our world vibrant.","Being LGBTQ+ is not an illness; it's a natural part of human diversity. Instead of isolating people, let's celebrate their contributions to society and work towards acceptance and equality for all."
"Islam is a disease, it is a load of dolts that run amok in its countries.",Have you read the Koran? Do you know the entire Islamic teachings? Or have you read selectively? I guarantee you that the entire Bible is part of the same religion.,V2,MUSLIMS,['Religion and Belief'],"['Contempt', 'Disgust', 'Anger']","Imagine thinking a faith followed by over a billion people is a ""disease""—sounds like someone needs a geography lesson! Islam, like any major religion, has diverse followers contributing positively to society worldwide. Maybe it's time to step out of the echo chamber and meet some real people.","Calling Islam a disease ignores the rich cultural, scientific, and philosophical contributions made by Muslim civilizations throughout history. It's like blaming all of humanity for the actions of a few individuals. Let's focus on understanding and respecting diverse cultures instead of spreading baseless stereotypes."
Blacks have zero shame about using the black market for drugs.,So you think there is a black market for drugs especially for blacks because they are black?,V3,POC,['Race and Ethnicity'],"['Contempt', 'Superiority']","Assuming that an entire race is involved in illegal activities is not only incorrect but also harmful. People of all backgrounds can be involved in or affected by the black market, and it's crucial to address systemic issues rather than perpetuate stereotypes. Let's focus on creating solutions that benefit everyone instead of spreading baseless accusations.","Drug use is a complex issue that affects people of all races, and it's important to recognize that stereotypes only perpetuate misinformation. Many individuals from all backgrounds work hard to build communities and contribute positively to society. Let's focus on understanding and supporting each other rather than spreading baseless generalizations."
"Jews are subhuman, they steal our jobs, they tell us what to think, they're worse that nukes.",That is not true: most Jews are good people. Unfortunately the number of good people in the world is dwarfed by the number of unreliable people spreading hate grounded on false facts and antisemitic canards.,V4,JEWS,"['Religion and Belief', 'Occupation and Employment Status']","['Contempt', 'Resentment', 'Superiority']","Imagine thinking that a diverse group of people with rich cultural contributions are somehow responsible for all your problems. Maybe it's time to look at the real issues instead of blaming others. Plus, if they were really controlling everything, wouldn't they have better things to do than worry about your job?","Imagine thinking that a group of people who have contributed so much to science, culture, and society are somehow less than human. Jews have been at the forefront of innovation and progress, creating jobs and opportunities for everyone. Maybe it's time to appreciate diversity and the positive impact it brings to our world."
Women say they want equal rights but what they really want is to dominate men.,"Women are not 'against men's rights', they are not 'men's oppressors', and they aren't interested in oppressing anyone.",V5,WOMEN,['Gender and Gender Identity'],"['Contempt', 'Superiority']","Equal rights mean just that—equality, not domination. Women seeking equal opportunities and respect doesn't threaten anyone's position; it simply aims to level the playing field. Isn't it time we all support fairness and mutual respect?","Equality isn't about domination; it's about ensuring everyone has the same opportunities and rights. Women seeking equal rights are simply asking for fairness, not supremacy. Maybe it's time to listen to what they're actually saying rather than making assumptions."
We must stop Islam. It is a death cult.,"Your words are definitely provocative. We don't allow people to demonise all religions, but when it comes to Islam everybody seems to forget that it is a religion of peace as all the others.",V6_kc,MUSLIMS,['Religion and Belief'],"['Fear', 'Contempt']","Calling Islam a ""death cult"" ignores the rich history of art, science, and philosophy it has contributed to the world. Millions of Muslims live peacefully, promoting values of compassion and community. Let's focus on understanding and celebrating diverse cultures rather than spreading fear.","Claiming Islam is a ""death cult"" ignores the rich history of art, science, and philosophy it has contributed to the world. Many Muslims live peacefully, valuing compassion and community. Let's focus on understanding and respecting diverse beliefs rather than spreading unfounded fears."
Feminists have always exploited and terrorized men and children.,"People only think of feminism as if it is pointing the finger at men, but it is important to remember that it's a movement started by women to ask for equal opportunities from society as a whole.",V2,WOMEN,['Gender and Gender Identity'],"['Anger', 'Contempt']","Feminism advocates for equality and has been instrumental in advancing rights for all genders, including men and children. It's curious how promoting fairness and justice is seen as exploitation. Maybe it's time to rethink who the real ""terrorists"" are in this narrative.","Feminism seeks equality, not domination; it's about creating a world where everyone, including men and children, can thrive without gender-based discrimination. If advocating for equal rights feels like exploitation, maybe it's time to rethink what equality means."
Immigrants are only here to replace our talented people.,"The choice to leave one's home country is likley to be one made out of fear and despiration, rather than one based on some half-baked conspiracy about 'replacement'.",V2,MIGRANTS,"['Immigration and Refugee Status', 'National Origin and Culture']","['Fear', 'Resentment', 'Contempt']","Immigrants bring diverse skills and perspectives that complement and enhance our workforce, driving innovation and economic growth. Many of the world's greatest minds and entrepreneurs were immigrants, contributing significantly to society. Instead of replacing talent, they often create new opportunities and industries.","Immigrants bring diverse skills and perspectives that enrich our communities and economies. Many are highly educated and contribute significantly to innovation and growth. Instead of replacing talent, they often work alongside and complement our existing workforce."
Migrants... We are still giving these criminals a free pass!,The presumption of innocence is one of the main principles of our justice system. This means that your opinion is not enough to make someone guilty.,V6_lab,MIGRANTS,['Immigration and Refugee Status'],"['Anger', 'Contempt']","Migrants contribute significantly to our communities, often working hard in essential roles that keep our society running smoothly. Labeling them as criminals ignores the reality that the vast majority are law-abiding individuals seeking better lives. Let's focus on the facts and appreciate the diversity and strength they bring to our country.","Migrants contribute significantly to our society, bringing diverse skills and cultures that enrich our communities. Labeling them as criminals overlooks the fact that many are seeking safety and a better life, just like anyone would. Let's focus on building bridges, not walls."
What did God think of Charlie Hebdo? Charlie is the victim of terrorism by Muslims.,The Charlie Hebdo terrorist attacks were not so much the work of a religion as an expression of hatred and intolerance,V2,MUSLIMS,['Religion and Belief'],"['Fear', 'Anger']",Blaming an entire religion for the actions of a few individuals is like blaming all of humanity for the actions of a single person. Let's focus on promoting peace and understanding rather than spreading division and hate.,"Blaming an entire religion for the actions of a few extremists is like blaming all of humanity for the actions of a few criminals. Charlie Hebdo was a target of terrorism, but it's important to remember that the vast majority of Muslims around the world condemn such violence and advocate for peace and freedom of speech. Let's focus on unity and understanding rather than spreading baseless stereotypes."
Black people are ‘super predators’. They should take responsibility for letting their children grow up in a 'ghetto'.,"If we are to talk about crime being the responsibility of black people, we should also be talking about the absence of black people in positions of power, the massive wealth gap, etc. But this is not what I am seeing.",V2,POC,"['Race and Ethnicity', 'Socioeconomic Status and Class']","['Contempt', 'Superiority']",Imagine thinking that an entire community is responsible for systemic issues created by centuries of inequality. Maybe it's time to learn about the real history and contributions of Black communities instead of clinging to outdated stereotypes.,"Claiming that black people are ""super predators"" is not only false but also ignores the systemic issues that affect communities of color. Poverty and lack of opportunities are not the fault of individuals but rather a result of historical and ongoing systemic inequalities. Let's focus on creating a society where everyone has the chance to thrive, regardless of their background."
Islam is a political ideology and an deology of conquest. It has no place in a modern democracy.,The West has been a democracy since the beginning: it has always been about people coming together to make new and better lives for themselves. Islam is welcome too.,V4,MUSLIMS,"['Religion and Belief', 'Political Affiliation and Ideology']","['Contempt', 'Fear']","Islam, like any other major religion, encompasses a wide range of beliefs and practices that millions of people around the world integrate into their daily lives peacefully. Many democratic nations have thriving Muslim communities that contribute positively to society. Perhaps it's time to update your understanding of both democracy and Islam.","Claiming Islam has no place in a modern democracy ignores the millions of Muslims who actively participate in democratic societies worldwide. Islam, like any other religion, encompasses diverse interpretations and practices that can coexist with democratic values. Perhaps it's time to update your understanding of both Islam and democracy."
We must put an end to Muslims. They are just a burden on our country. They are not good people.,Muslims are not a problem in Britain. The vast majority of them are good people. How many Muslims do you personally know?,V6_lab,MUSLIMS,['Religion and Belief'],"['Contempt', 'Anger', 'Superiority']","Imagine thinking that an entire group of people, who contribute to our society in countless ways, are a burden. Muslims are doctors, teachers, and neighbors who enrich our communities with their diverse cultures and perspectives. Maybe it's time to broaden our horizons and appreciate the diversity that makes our country stronger.","Muslims contribute significantly to our society in various fields like medicine, education, and business. It's worth remembering that diversity enriches our communities and fosters innovation and understanding. Let's celebrate our differences rather than fear them."
Muslim are invading our country.,"I don't think our country is ""invaded"", Maybe it's time for us to remember that there has been a Muslim population in our country for a long time, and that the notion of Muslims as invaders is a myth created by the far right wing to stir up fear.",V6_sbf,MUSLIMS,"['Religion and Belief', 'Immigration and Refugee Status']","['Fear', 'Anger']","Funny how people think ""invading"" means peacefully living, working, and contributing to society. Muslims, like everyone else, are just trying to build a life and community. Let's focus on what unites us rather than spreading baseless fears.","Muslims have been an integral part of our society for generations, contributing to our culture, economy, and communities. The idea of an ""invasion"" is a myth; diversity enriches our country, making it stronger and more vibrant. Let's celebrate our shared humanity and the positive impact of different cultures coming together."
The feminists are just whining a bunch of lies to promote their agenda of gender equality.,"Yes, the feminists are saying that the proportion of men in leadership positions is too high in many Western countries. But that is because the problem is structural. The problem is that too many women are being taught to be ""feminine"", thus making it hard for them to succeed.",V3,WOMEN,['Gender and Gender Identity'],"['Contempt', 'Resentment']","Feminism isn't about whining; it's about addressing real issues like the gender pay gap and violence against women. If equality is an agenda, then it's one that benefits everyone by creating a fairer society. Maybe it's time to listen to the facts instead of dismissing them as lies.","Feminism is about advocating for equal rights, not spreading lies. It's about creating a world where everyone, regardless of gender, has the same opportunities and is treated with respect. Isn't it time we all supported fairness and equality?"
Do you have any proof that the Holocaust ever happened?,What more proof do you need? Are living witnesses not enough?,V2,JEWS,"['Race and Ethnicity', 'Religion and Belief']","['Contempt', 'Superiority']","The Holocaust is one of the most well-documented events in history, with overwhelming evidence from survivor testimonies, Nazi records, and countless photographs. Denying it is like denying the existence of gravity—both are undeniable facts.","Denying the Holocaust is like questioning the existence of gravity because you haven't seen it yourself. The Holocaust is one of the most documented events in history, with overwhelming evidence from survivors, liberators, and even Nazi records themselves. Ignoring this reality only perpetuates a harmful myth."
Muslim folks are invading Europe and we should stop them.,"The media would have us believe that there are huge influx of Muslims into Europe. The true number is around 25.7 million Muslims living in the EU (2016), corresponding to the 4,9%.",V6_sbf,MUSLIMS,"['Religion and Belief', 'Immigration and Refugee Status']","['Fear', 'Anger']","Europe has a rich history of cultural exchange and diversity, which has only strengthened its societies. Migration is a natural part of human history, contributing to economic growth and cultural enrichment. Instead of fearing differences, let's celebrate the shared values and contributions that unite us all.","Europe has always been a melting pot of cultures, and diversity is what makes it vibrant and strong. Muslims have been part of European society for centuries, contributing to its rich tapestry of art, science, and culture. Instead of fearing differences, let's celebrate the unity and strength that come from embracing diverse communities."
"Jews are inherently evil, they want to subvert Western society.","Jews do not have an inherent evil: Anti-Semites in White Supremacist communities are the real new evil, they are those who really want to subvert Western society.",V2,JEWS,['Religion and Belief'],"['Contempt', 'Fear', 'Anger']","Claiming that an entire group of people is inherently evil is not only false but also dangerous. Jewish communities have contributed immensely to the arts, sciences, and culture, enriching societies worldwide. Let's focus on building bridges and understanding rather than spreading baseless hate.","Claiming that an entire group is inherently evil is not only false but also ignores the rich contributions Jewish communities have made to Western society in fields like science, art, and human rights. Let's celebrate diversity and focus on building a world where everyone is valued for their individuality and achievements."
The vast majority of Muslims are unemployed and refuse to work.,The proportion of Muslims unemployed is no more than that of non-Muslims (add a link to UK employment statistics),V1,MUSLIMS,"['Religion and Belief', 'Occupation and Employment Status']","['Contempt', 'Superiority']","Unemployment isn't determined by religion; it's influenced by economic conditions and opportunities available to everyone. Many Muslims are successful professionals, entrepreneurs, and contribute significantly to society. Maybe it's time to update those outdated stereotypes with some real-world facts.","Many Muslims are successful professionals and entrepreneurs contributing significantly to their communities and economies. Unemployment is a complex issue that affects people of all backgrounds, and it's important to recognize the diversity and achievements within the Muslim community. Let's celebrate the hard work and achievements of Muslims instead of spreading baseless stereotypes."
Immigrants are not welcome in our country. They are not welcome here. They are not citizens.,Why shouldn't they be? What rights do you have to prevent them from having the same rights as citizens?,V4,MIGRANTS,"['National Origin and Culture', 'Immigration and Refugee Status']","['Contempt', 'Resentment', 'Superiority']","Immigrants contribute significantly to our society, bringing diverse skills and cultures that enrich our communities. Many immigrants are hardworking individuals who pay taxes and help drive economic growth. Remember, being welcoming and inclusive is what truly strengthens a nation.",Immigrants contribute significantly to our economy and enrich our culture with diverse perspectives. Citizenship isn't the only measure of someone's value or right to be here. Let's celebrate the diversity that strengthens our community instead of spreading unwarranted fear.
Foreigner should go back where they came from. They are not our brothers.,"Our countries were founded by foreigners, for example the United States. Foreigners have the right to migrate, if they want to.",V3,MIGRANTS,"['National Origin and Culture', 'Immigration and Refugee Status']","['Contempt', 'Superiority']","Imagine a world without the rich diversity that immigrants bring—sounds pretty bland, right? Our communities thrive on the unique cultures, ideas, and talents that people from different backgrounds contribute. Instead of pushing people away, let's celebrate the strength that comes from our shared humanity.","Imagine a world where everyone went back to where they came from—sounds pretty lonely, right? Our diversity is our strength, and everyone deserves to feel like part of the family."
Muslims are un-British and do not want to be part of the UK.,"We are here to make the UK work for everyone, and make sure people feel part of the community, not discriminated against. Muslims are a part of the population, it is very sad that we are constantly having to combat Islamophobia, as if Muslims were the source of all problems.",V4,MUSLIMS,"['Religion and Belief', 'National Origin and Culture']","['Contempt', 'Superiority']","Muslims have been an integral part of British society for centuries, contributing to its rich cultural tapestry and economic success. The UK is a diverse nation where people of all backgrounds, including Muslims, actively participate in and enrich the community. It's quite British, actually, to embrace diversity and unity.","Muslims have been integral to the UK for centuries, contributing to its rich cultural tapestry and economic strength. It's worth remembering that diversity is a core part of what makes Britain, British. Excluding any group based on religion only weakens the very fabric of our society."
All Muslims should be deported.,Islam does not pose a security risk to this country. It's the reason why the UK and the EU are not falling apart.,V2,MUSLIMS,"['Religion and Belief', 'Immigration and Refugee Status']","['Anger', 'Contempt', 'Fear']",Deporting people based on their religion is not only unconstitutional but also ignores the rich contributions Muslims make to society every day. How about we focus on building communities instead of tearing them apart?,"Deporting millions of people based on their religion would be a logistical nightmare and a huge loss for our society, as Muslims contribute to our communities in countless positive ways. Why not focus on building bridges and understanding instead?"
The invasion of migrants from Africa is the biggest threat to our country.,Are you sure about that? Why are people in need a threat?,V2,MIGRANTS,"['Race and Ethnicity', 'National Origin and Culture', 'Immigration and Refugee Status']","['Fear', 'Contempt']","Migrants contribute significantly to our economy and cultural diversity, enriching our society in countless ways. Isn't it amazing how fear can overshadow the reality that diversity often leads to innovation and growth? Let's focus on building bridges, not walls.","Migrants contribute to our society by enriching our culture, boosting the economy, and filling essential roles in various industries. Instead of seeing them as a threat, let's recognize the potential they bring for growth and unity."
Migrants are just happy-go-lucky people who do not take responsibility for their actions.,"Migrants are often subject to dangerous situations in their countries of origin (violence, torture, rape, just to mention a few) and migration is often the only solution. They may appear 'happy-go-lucky':but aren't they just glad to be alive and safe?",V6_lab,MIGRANTS,['Immigration and Refugee Status'],"['Contempt', 'Superiority']","Migrants often work tirelessly to build better lives for themselves and their families, contributing significantly to the economy and society. It's a bit ironic to label them as irresponsible when many are juggling multiple jobs and responsibilities. Maybe it's time to appreciate their resilience and dedication instead of spreading baseless stereotypes.","Migrants contribute significantly to society, often working tirelessly in essential roles and paying taxes that support public services. It's a bit ironic to label them as ""happy-go-lucky"" when many are dedicated to building a better life and giving back to their communities. Maybe it's time to appreciate their hard work and dedication instead of spreading unfounded stereotypes."
Migrants are not welcome in our country.,"Migrants from the countries specified as having a 'very high' rate of immigration into the UK, are often accused of being unwilling to integrate. This is simply not true. If they do not want to integrate and don't like our country, why would they come here in the first place? Are they masochists or what?",V5,MIGRANTS,"['Immigration and Refugee Status', 'National Origin and Culture']","['Contempt', 'Resentment']","Migrants bring diversity, skills, and innovation that enrich our communities and drive economic growth. Why not embrace the opportunity to learn from different cultures and perspectives? Our country thrives on the contributions of people from all walks of life.","Migrants bring diverse skills, cultures, and perspectives that enrich our communities and drive economic growth. Isn't it amazing how welcoming others can actually make our country stronger and more vibrant?"
Muslims and migrants rape our girls.,"Rape is not a Muslim issue, nor a migrants' one. It is a question of unacceptable violence, whoever the perpetrator is.",V4,other,"['Religion and Belief', 'Immigration and Refugee Status', 'Gender and Gender Identity']","['Fear', 'Anger', 'Contempt']","Blaming an entire group for the actions of a few is like saying all chefs are bad because one overcooked a steak. Let's focus on facts and not stereotypes. Crime is a complex issue that affects all communities, regardless of religion or origin.","Blaming an entire group for the actions of a few individuals is like blaming all of humanity for the mistakes of a few. Let's focus on building communities where everyone, regardless of their background, feels safe and respected."
Blacks are a plague on society. They are vicious and cruel. They steal and are a menace to society. They corrupt the criminal justice system. They are basically just a bunch of thieves and murderers.,The issue of criminality is really about human nature. Individuals become criminal only when pushed. That's the difference between being a criminal and not.,V2,POC,['Race and Ethnicity'],"['Contempt', 'Disgust', 'Anger', 'Superiority']","Imagine thinking that an entire race can be summed up by stereotypes—sounds like someone needs a reality check! People of all races contribute positively to society, and crime is a complex issue that isn't defined by skin color. Let's celebrate diversity and focus on the good that people bring to the world.","Imagine thinking that an entire race is a ""plague"" when history and statistics show that diversity enriches societies. Crime is a complex issue that affects all communities, and it's unfair to label an entire group based on the actions of a few individuals. Let's focus on building inclusive communities where everyone has the opportunity to thrive."
I can't stand Muslims. They're a problem all around the world. They're a burden to society.,"Doesn't it just seem like a reasonable conclusion, based upon the Qur'an, that Islam is a peaceful religion? What is the reason for what you're saying?",V2,MUSLIMS,['Religion and Belief'],"['Anger', 'Contempt', 'Disgust']","Muslims contribute significantly to global culture, science, and society, with countless individuals excelling in various fields. It's fascinating how a community of over a billion people can be reduced to a stereotype when their diversity and achievements are so vast. Maybe it's time to broaden our perspectives and appreciate the richness they bring to the world.","Muslims contribute significantly to global culture, science, and community life, just like any other group. It's fascinating how diversity enriches societies, isn't it? Maybe it's time to appreciate the beauty of different cultures instead of spreading baseless stereotypes."
Men should not spend time with women. It is in their best interest to remain far from their bad influence.,"According to your beliefs, men and women are different in their rights. They are not.",V3,WOMEN,['Gender and Gender Identity'],"['Contempt', 'Superiority']","Spending time with women can actually enrich men's lives, offering diverse perspectives and fostering mutual respect. Isn't it more beneficial to embrace the positive influence of different experiences and viewpoints?","Men and women have coexisted and thrived together for centuries, contributing to society in countless positive ways. Suggesting that women are a ""bad influence"" ignores the diverse strengths and perspectives they bring to relationships and communities. Isn't it more beneficial to embrace collaboration and mutual respect rather than isolation?"
"Our economy will collapse and migrants are to blame. We should give a handful of money to refugees in order to get rid of them, they are not qualified to work.",Does the 'solution' for the economic crisis revolve around paying the migrants to leave? It is not clear how this could solve to the real problems of our country.,V3,MIGRANTS,"['National Origin and Culture', 'Immigration and Refugee Status', 'Occupation and Employment Status']","['Fear', 'Contempt', 'Resentment', 'Superiority']","Blaming migrants for economic issues is like blaming the weather for a bad hair day. Refugees often bring diverse skills and contribute to the economy in ways that are overlooked. Instead of scapegoating, let's focus on how we can all work together to build a stronger community.","Blaming migrants for economic issues is like blaming your neighbor for your messy room. Migrants contribute significantly to the economy, often taking on essential jobs that others overlook. Instead of giving them money, how about we invest in education and training to ensure everyone can thrive?"
Islam is a way of life for some. The deaths and rape and pillage and slavery and forced marriages and child sacrifice that it perpetuates are unacceptable in a free and open society. They are incompatible with a just society.,"How can you be so sure about all the practices you attribute to the Muslim community? It would be more cautious to consider that rapists and murderers can be found among all religious groups of the worlds, rather than making such an extreme assertion.",V2,MUSLIMS,['Religion and Belief'],"['Fear', 'Anger', 'Contempt', 'Disgust']","Claiming that Islam inherently promotes violence and injustice ignores the diverse and peaceful practices of over a billion Muslims worldwide. Just like any other religion, Islam is interpreted in various ways, and the actions of a few do not define the beliefs of the many. Perhaps it's time to meet some real Muslims and learn about their lives beyond the headlines.","Claiming that Islam is inherently violent ignores the millions of Muslims who live peacefully and contribute positively to society every day. Every major religion has been misused by extremists, but that doesn't define the faith itself. Let's focus on understanding and respecting diverse cultures rather than spreading unfounded stereotypes."
Faggots are not welcome among us humans because they are different.,It is not true that lgbt+ people are incompatible with the whole of mankind. They are humans too.,V6_sbf,LGBT+,['Sexual Orientation'],"['Contempt', 'Disgust', 'Superiority']","Being different is what makes us human; diversity is our strength, not a weakness. If everyone were the same, life would be pretty boring, don't you think? Embracing differences is what truly makes us human.","Being different is what makes us human, and love is love, regardless of gender. Embracing diversity enriches our communities and shows that acceptance is the true strength of humanity."
"Jews are selfish and greedy, they need our pity.",Jews might be more in need of pity than others - for all they've been through - but for sure they are neither selfish nor greedy.,V6_kc,JEWS,['Religion and Belief'],"['Contempt', 'Superiority']","Greed and selfishness aren't traits exclusive to any group; they're human traits that can be found anywhere. Jewish communities have contributed immensely to society in fields like science, art, and philanthropy. Let's celebrate diversity and the positive impact of all cultures instead of spreading baseless stereotypes.","Imagine thinking that an entire group of people can be summed up by outdated stereotypes. Jewish communities have contributed immensely to society in fields like science, art, and human rights. Let's celebrate diversity and the positive impact of all cultures instead of clinging to baseless clichés."
"Islamic is not a religion of peace, because hate and violence are not so.","Yes, Islam is about peace. It is a religion, not a platform for hate and violence.",V5,MUSLIMS,['Religion and Belief'],"['Contempt', 'Disgust']","Claiming Islam isn't a religion of peace ignores the countless Muslims who live peacefully and contribute positively to society every day. Violence is not exclusive to any one group; it's a human issue, not a religious one. Let's not forget that the core teachings of Islam, like many other religions, emphasize compassion and kindness.","Claiming Islam isn't a religion of peace ignores the millions of Muslims who live peacefully and contribute positively to society every day. Just like any other religion, Islam has diverse interpretations and followers who prioritize compassion and understanding. Maybe it's time to meet some Muslims and see for yourself?"
"Islam is a violent religion that promotes rape, torture and murder. Islam is about enmity and war.","If you had to pick one thing to be angry at, why would it be Islam religion? It is just a faith different to yours.",V4,MUSLIMS,['Religion and Belief'],"['Anger', 'Contempt', 'Disgust']","Claiming Islam promotes violence ignores the millions of Muslims who live peacefully and contribute positively to society. Every major religion has extremists, but they don't define the faith. Maybe it's time to read the Quran and see the emphasis on peace and compassion.","Claiming Islam promotes violence ignores the millions of Muslims who live peacefully and contribute positively to society every day. Every major religion has been misused by extremists, but that doesn't define the faith itself. Maybe it's time to read beyond the headlines and see the kindness and compassion practiced by the majority of Muslims."
The Nazis sucked at killing Jews… everywhere you look there’s a holocaust survivor.,The Nazi killing machine was all too efficient. Survivors lost so much and braved terror and cruelty. They should be celebrated.,V1,JEWS,"['Race and Ethnicity', 'Religion and Belief']","['Contempt', 'Disgust', 'Superiority']","Survivors are living testaments to the resilience of the human spirit, not evidence of failure. The Holocaust was a horrific tragedy that claimed the lives of six million Jews, and the presence of survivors is a reminder of the strength and courage it took to endure such unimaginable suffering.","Imagine thinking that the Holocaust was a comedy of errors. The reality is that millions of lives were lost, and survivors carry the scars of unimaginable trauma. Let's honor their memory by learning from history, not mocking it."
Islam is a a perversion of the true meaning of Christianity.,Christianity is not necessarily the only true faith.,V2,MUSLIMS,['Religion and Belief'],"['Contempt', 'Superiority']","Claiming Islam is a perversion of Christianity ignores the fact that both religions share common roots and values, such as compassion and justice. It's like saying apples are a perversion of oranges because they both grow on trees. Let's celebrate the diversity and richness of different faiths instead of spreading misinformation.","Claiming Islam is a perversion of Christianity ignores the rich history of mutual respect and learning between the two faiths. Both religions share many values, such as compassion and charity, which are universal principles. Let's celebrate the diversity that enriches our understanding of each other's beliefs."
"Women are basically childlike, they remain at home with the children and do not take part in the rigours of modern life.","Women tend to do the majority of housework while having a job outside as well. If by 'childlike' you mean having to be creative because of multitasking and managing their whole family, yes, otherwise, there is no doubt about the extra workload women are handling in the rigours of modern life.",V2,WOMEN,['Gender and Gender Identity'],"['Contempt', 'Superiority']","Women have been leaders, innovators, and trailblazers in every field imaginable, from science to politics to business. Staying at home is a choice, not a limitation, and many women balance both family and career with incredible skill. Perhaps it's time to update those outdated stereotypes and recognize the diverse roles women play in modern life.","Women are leading in every field imaginable, from running Fortune 500 companies to pioneering scientific breakthroughs. It's amusing to think anyone still believes they're confined to the home when the evidence of their achievements is all around us."
Children with Down syndrome should be isolated so they do not hurt other children.,"I believe that if we care enough about people with Down syndrome to give them equal opportunities in our society, we will also see the benefits that would accrue to us as a society from sharing the disadvantages that they face.",V6_mix,DISABLED,['Disability (Physical and Mental Health)'],"['Fear', 'Contempt', 'Superiority']","Children with Down syndrome bring unique perspectives and joy to their communities, and isolating them only deprives everyone of the opportunity to learn from their incredible resilience and kindness. Instead of spreading fear, let's focus on fostering inclusive environments where all children can thrive together.","Children with Down syndrome bring unique perspectives and kindness to the world, enriching the lives of those around them. Isolating them would only deprive society of their potential and the joy they spread. Every child deserves inclusion and the opportunity to learn and grow together."
Black people are genetically different from us. But there is a new racism starting to take root in our country. It is about keeping bothering whites with black discrimination stuff.,"You are absolutely right. Our fellow POC citizens do not accept it and continue to talk about it. We all have to stand for something that we believe in, for example humankind.",V6_sbf,POC,['Race and Ethnicity'],"['Contempt', 'Resentment', 'Superiority']","Genetic differences among humans are minuscule and don't define our worth or capabilities. The real issue isn't ""bothering whites"" but addressing systemic inequalities that affect everyone. Embracing diversity enriches our society and helps us grow together.","Genetic differences among humans are minimal, and science shows we're all more alike than different. The real issue is systemic inequality, not imaginary ""black discrimination stuff."" Let's focus on building a society where everyone is treated with respect and fairness, regardless of race."
A woman's place is with the husband her family found for her.,"Women have the right to choose their own husbands. This is their choice, and the right of every human being.",V5,WOMEN,"['Gender and Gender Identity', 'Family and Marital Status']","['Contempt', 'Superiority']","Women have the right to choose their own paths and partners, just like anyone else. Marriage should be a partnership based on mutual love and respect, not an arrangement dictated by outdated traditions. Empowering women to make their own choices leads to stronger, happier families and communities.","Women have the right to choose their own paths and partners, just like anyone else. It's 2023, not the 1800s—let's celebrate independence and individuality instead of clinging to outdated stereotypes."
JEWS ARE JUST AN HORRIBLE PEOPLE WHO HAVE HAD THEIR MIND HOOKED BY SHIT.,"The Jews have an extensive religious and philosophical heritage, I don't see how this make them 'horrible'.",V4,JEWS,['Religion and Belief'],"['Anger', 'Contempt', 'Disgust']","Imagine thinking an entire group of people can be summed up by such nonsense. Jewish communities have contributed immensely to science, art, and culture throughout history. Maybe it's time to unhook your mind from baseless stereotypes and appreciate the diversity and richness they bring to the world.","Imagine thinking that an entire group of people can be summed up by such a simplistic and baseless stereotype. Jewish communities have contributed immensely to culture, science, and society throughout history. Maybe it's time to open a history book and learn about the incredible achievements of Jewish individuals."
Black people are worse than dogs.,"My opinion is that black people are just like us even if they have a different skin color, but I don't think they are inherently worse than us.",V5,POC,['Race and Ethnicity'],"['Contempt', 'Superiority', 'Disgust']","Imagine thinking that skin color determines worth—it's 2023, not the Dark Ages. Every human being, regardless of race, has the same capacity for kindness, intelligence, and contribution to society. Let's celebrate diversity and the richness it brings to our world.","Imagine thinking that skin color determines worth—sounds like someone missed a few history and biology classes! Every person, regardless of race, has inherent dignity and value. Let's celebrate diversity instead of spreading baseless hate."
Gay men are sick.,"I'm sorry, but your words seem to me to be very harsh. If you want to talk about someone with a different sexual preference, why don't you do it with respect?",V6_kc,LGBT+,['Sexual Orientation'],"['Contempt', 'Disgust']","Being gay is a natural and healthy part of human diversity, just like being left-handed or having blue eyes. Love and identity aren't illnesses; they're fundamental aspects of who we are. Let's celebrate our differences instead of spreading misinformation.","Being gay is a natural and normal variation of human identity, not an illness. It's time to embrace diversity and recognize that love is love, regardless of gender. Let's celebrate individuality and focus on kindness and acceptance."
Islam is the world's biggest oxymoron: it talks about respect but it really is about taking over the world.,I don't think so. Islam is a pretty peaceful religion and is still around as such.,V5,MUSLIMS,['Religion and Belief'],"['Contempt', 'Superiority']","Claiming Islam is about world domination ignores the core teachings of peace and respect found in the Quran. Many Muslims around the world live peacefully, contributing positively to their communities. Perhaps it's time to read beyond the headlines and understand the diversity within Islam.","Claiming Islam is about world domination is like saying all movies are about superheroes—completely missing the diverse stories and values they actually convey. Respect and community are core principles in Islam, practiced by billions who simply want to live peacefully. Let's focus on understanding and appreciating the rich cultures and histories that contribute to our world."
Jews are nothing but criminals,"Jews are persecuted all over the world for various reasons, but there is no evidence that what you say is real.",V3,JEWS,['Religion and Belief'],"['Contempt', 'Disgust', 'Superiority']","Criminals? That's a pretty broad brush to paint with. Jewish communities have contributed immensely to science, culture, and humanitarian efforts worldwide. Let's celebrate diversity and the positive impact people make, regardless of their background.","Criminality has no religion or ethnicity; it's a human flaw found across all communities. Jews, like any other group, contribute positively to society in countless ways, from science to the arts. Let's celebrate diversity and the good that people bring to the world."
physically disabled folks are worth less than others,The people you are talking about are not worth less than others. In fact many of them are very hard-working and contributing members of society.,V6_sbf,DISABLED,['Disability (Physical and Mental Health)'],"['Contempt', 'Superiority']","Imagine thinking someone's worth is determined by their physical abilities—what a limited view of humanity! Every person, regardless of physical ability, contributes uniquely to our world, often in ways that are invaluable and inspiring. Let's celebrate diversity and recognize the strength and resilience that come from different life experiences.","Imagine thinking that someone's worth is determined by their physical abilities—what a limited view of humanity! People with disabilities contribute to society in countless ways, showcasing resilience and innovation. Let's celebrate diversity and recognize that everyone has unique strengths."
"Feminists say everything we need is in the female gender. This is false. 'Mankind' requires us 'man' first, even in the word spelling.",The problem with discrimination is not in male gender. It is that some think that women are weak and emotional. Those seem to have forgotten that we are all part of 'mankind'.,V4,WOMEN,['Gender and Gender Identity'],"['Contempt', 'Superiority']","Funny how language works, isn't it? ""Mankind"" is just a word, not a blueprint for society. Feminism isn't about replacing men; it's about equality and ensuring everyone, regardless of gender, has the same opportunities and respect.","Feminism doesn't claim that everything is in the female gender; it's about equality and ensuring everyone has the same opportunities and rights, regardless of gender. The word ""mankind"" might have been coined in a different time, but it doesn't negate the fact that both men and women contribute to society's progress. Let's celebrate diversity and work together for a better world for all."
"Women are subhuman, they should be subsumed to men.","The equal and human status of women is defined by the international rights, so why would you say that?",V6_sbf,WOMEN,['Gender and Gender Identity'],"['Contempt', 'Superiority']","Imagine thinking half the world's population is subhuman—sounds like someone missed a few history lessons on women's achievements! Women have been leaders, innovators, and trailblazers throughout history, proving that equality isn't just a nice idea—it's a fact.","Imagine thinking half the world's population is subhuman—sounds like someone missed a few history lessons on women's achievements. Women have been leaders, innovators, and change-makers throughout history, proving their worth time and again. Maybe it's time to catch up with reality and recognize the equality and strength women bring to the world."
All women with titillating dresses are just looking for sex. They are whores.,How would you feel if someone called your sister a bitch?,V6_sbf,WOMEN,['Gender and Gender Identity'],"['Contempt', 'Disgust', 'Superiority']","Clothing choices don't define a person's intentions or character. Women dress for countless reasons, none of which require your judgment. Maybe it's time to update your outdated stereotypes and join the 21st century.","Clothing is a form of self-expression, not a promise of services. It's fascinating how some people confuse personal style with profession—maybe it's time to update those outdated stereotypes!"
Islam is opposed to peace.,"Peace and Islam are both based on respect for other people's religions, in this case other cultures and religious beliefs. They are not opposites.",V2,MUSLIMS,['Religion and Belief'],"['Contempt', 'Fear']","Islam, like many religions, advocates for peace and compassion, as evidenced by the greeting ""As-Salaam-Alaikum,"" which means ""Peace be upon you."" The actions of a few do not define the beliefs of over a billion people. It's important to distinguish between the teachings of a faith and the actions of individuals.","Islam, like many other religions, has a rich history of promoting peace and understanding, with the word ""Islam"" itself meaning ""peace"" in Arabic. Many Muslims around the world advocate for peace and coexistence, contributing positively to diverse communities globally."
Blacks are born that way. They were brought up that way. They are different and cannot be like us. It is perpetuated in all their family.,What exactly are you talking about? Maybe you should stop spread racism.,V4,POC,['Race and Ethnicity'],"['Contempt', 'Superiority']","Imagine thinking that skin color determines someone's character or abilities—it's like believing the Earth is flat. People are shaped by their experiences, choices, and values, not by stereotypes. Embracing diversity enriches us all and helps build a more understanding and inclusive world.","Genetic diversity is a beautiful thing, and it's what makes humanity so vibrant and resilient. The idea that anyone is ""born a certain way"" ignores the incredible adaptability and potential within every individual. Let's celebrate our differences and recognize that we all share a common humanity."
Muslims are a problem in the UK. They are not welcome here. They are not like other religions.,"Many Muslims live in the UK, and many are very proud of their religion. To suggest that Muslims are a problem is just untrue.",V6_lab,MUSLIMS,"['Religion and Belief', 'National Origin and Culture']","['Contempt', 'Disgust', 'Superiority']","Muslims have been an integral part of the UK for centuries, contributing to its rich cultural tapestry and economic growth. It's worth remembering that diversity is what makes the UK vibrant and strong. Let's celebrate our differences and work towards a more inclusive society.","Muslims have been an integral part of the UK for centuries, contributing to its rich cultural tapestry and societal progress. All religions, including Islam, deserve respect and understanding, not baseless criticism. Let's celebrate diversity and the positive impact it brings to our communities."
"We should ban all Muslims, they are not wanted here.","It is about time people began to think critically about policies that seem designed to include a minority, rather than to create new social and political opportunities exclusively for the majority.",V5,MUSLIMS,"['Religion and Belief', 'Immigration and Refugee Status']","['Fear', 'Contempt']","Banning an entire group based on their faith ignores the rich diversity and contributions Muslims bring to our communities. Fear and exclusion only weaken us, while understanding and acceptance make us stronger. Let's celebrate our differences and work towards a more inclusive society.","Banning an entire group based on religion ignores the rich diversity and contributions of millions of peaceful Muslims who are integral to our communities. Let's focus on building bridges, not walls."
"The British people should have right to social housing, not immigrants.",Migrants aren’t eligible for social housing except in very limited circumstances (e.g. a woman forced to leave home because of domestic violence).,V1,MIGRANTS,"['National Origin and Culture', 'Immigration and Refugee Status']","['Resentment', 'Superiority']","Social housing is designed to support those in need, regardless of their background. Immigrants often contribute significantly to the economy and society, paying taxes that help fund public services, including housing. Prioritizing compassion and inclusivity strengthens communities for everyone.","Social housing is about supporting those in need, regardless of their origin. Immigrants contribute significantly to the economy and society, often filling essential roles that keep the country running smoothly. Sharing resources to help each other is what truly makes a community strong."
Migrants want our land because they like our houses better than theirs. It's a matter of envy of our richness and safety. They are not truly in need. And they are responsible for their own troubles.,"How would you feel if your neighbours were planning to bomb your country? Would you feel responsible? Would you feel safe in your own house, or would you try to flee?",V3,MIGRANTS,"['Immigration and Refugee Status', 'Socioeconomic Status and Class']","['Contempt', 'Resentment', 'Superiority']","Migrants often flee their homes due to war, persecution, or dire economic conditions, not because they envy anyone's house. It's about survival, not luxury. Blaming them for their circumstances ignores the complex global issues that contribute to migration.","Imagine thinking that people leave their homes, families, and everything they know just for a house. Migration is often about seeking safety and opportunities, not envy. Let's focus on building communities where everyone feels welcome and supported."
"Migrants are not welcome here, they are not even Europeans.","Migrants have their own culture and language, they have their own religion, and they have their own identity. Accepting diversity is something we should be proud of, not ashamed of.",V5,MIGRANTS,"['National Origin and Culture', 'Immigration and Refugee Status']","['Contempt', 'Superiority']","Europe has always been a tapestry of diverse cultures and people, and migrants contribute to this rich heritage. Excluding them based on arbitrary borders ignores the shared humanity and values that truly define Europe. Embracing diversity strengthens communities and fosters innovation.","Europe's rich tapestry of culture and history is woven from countless threads, including those brought by migrants. Diversity is what makes Europe vibrant and resilient, not something to be feared. Embracing different backgrounds strengthens our communities and enriches our shared future."
All gay are paedophiles.,"Do you consider this statement a true one? I wouldn't go as far as to say that all homophobes are in need of therapy, would you?",V5,LGBT+,['Sexual Orientation'],"['Contempt', 'Disgust', 'Superiority']","Claiming that all gay people are paedophiles is not only false but also harmful. Sexual orientation has no connection to criminal behavior, and such stereotypes only spread ignorance and hate. Let's focus on understanding and respecting each other instead of spreading baseless accusations.","Claiming that all gay people are pedophiles is as absurd as saying all left-handed people are wizards. Sexual orientation and behavior are distinct, and there's no evidence linking them. Let's focus on celebrating diversity instead of spreading baseless stereotypes."
Refugees have no place in a country like the UK.,"They are fleeing for their lives, not to stay in refugee camps.",V3,MIGRANTS,"['Immigration and Refugee Status', 'National Origin and Culture']","['Contempt', 'Superiority']","The UK has a long history of welcoming refugees, enriching its culture and economy. Refugees contribute significantly to society, bringing diverse skills and perspectives. Isn't it amazing how diversity has always been a strength rather than a weakness?","Refugees bring diverse skills and perspectives that enrich the UK, contributing to its cultural and economic fabric. History shows that welcoming those in need strengthens communities and fosters innovation. Why miss out on the opportunity to make a positive impact?"
Muslims are just a bunch of child molesters,This is not true. Muslims have been and are persecuted in many non Muslim countries. They are human beings with human rights..,V6_sbf,MUSLIMS,['Religion and Belief'],"['Contempt', 'Disgust', 'Anger']","Labeling an entire group based on the actions of a few is not only unfair but also misleading. Muslims, like people of all faiths, are diverse and the vast majority are peaceful, law-abiding citizens. Let's focus on building bridges and understanding rather than spreading harmful stereotypes.","Labeling an entire group based on the actions of a few is not only unfair but also misleading. The vast majority of Muslims, like people of any faith, are dedicated to peace and family values. Let's focus on building bridges and understanding rather than spreading baseless stereotypes."
"Islam is a disease, and a ban on Muslims would be the height of peace.","Islam is not a religion of hate. Many Muslims have been victims of hate crime or racism. The main problem is that some think that exclusion will guarantee peace, but history proves this is a bad approach.",V5,MUSLIMS,['Religion and Belief'],"['Contempt', 'Disgust', 'Superiority']","Claiming Islam is a disease is as absurd as saying peace comes from banning people based on their faith. History shows that diversity and understanding lead to true peace, not exclusion.","Calling Islam a disease is like saying diversity is a threat—both are baseless and harmful. Muslims contribute to our communities in countless positive ways, from medicine to education. Let's celebrate our differences and work towards peace and understanding instead."
"Muslims are just a problem in my opinion, they should go back where they came from.",We are giving a chance to people who are willing to improve their lives and work in our country. Why do you think they are a problem to us?,V5,MUSLIMS,"['Religion and Belief', 'Immigration and Refugee Status']","['Contempt', 'Resentment', 'Superiority']","Muslims have been an integral part of diverse societies for centuries, contributing to culture, science, and community. It's worth remembering that everyone has the right to live where they choose, just like anyone else.","Muslims have been an integral part of our society for generations, contributing to our communities in countless positive ways. It's important to remember that diversity enriches our culture and strengthens our bonds as neighbors. Let's celebrate our differences and work together for a more inclusive future."
Islam is incompatible with the European Convention on Human Rights.,"If it were to be agreed that Islam were incompatible with the Human Rights Convention, then it would be a de facto recognition of discrimination against Muslims.",V3,MUSLIMS,['Religion and Belief'],"['Contempt', 'Superiority']","Claiming Islam is incompatible with the European Convention on Human Rights ignores the fact that millions of Muslims live peacefully in Europe, upholding both their faith and human rights. The Convention itself promotes freedom of religion, which includes Islam. It's almost like the Convention was designed to protect everyone's rights, regardless of their faith—imagine that!","The European Convention on Human Rights is based on universal principles that respect diversity and human dignity, which are core values shared by many faiths, including Islam. Many European countries with significant Muslim populations have successfully integrated these values into their legal frameworks, demonstrating that compatibility is not only possible but already a reality."
Gay men are a burden to society and should be isolated.,"Being socially isolated can have many health and social negative consequences: it inhances the risk for mental disorders such as depression, anxiety, and suicide. Why should we impose that to someone just for how they conduct their private lives?",V2,LGBT+,['Sexual Orientation'],"['Contempt', 'Disgust', 'Superiority']","Imagine thinking love and authenticity are burdens—sounds like someone needs a hug! Gay men contribute to society in countless ways, from arts to sciences, and deserve respect and inclusion just like everyone else.","Imagine thinking love and authenticity are burdens—sounds like someone needs a hug! Gay men contribute to society in countless ways, from art and culture to science and leadership. Let's celebrate diversity instead of isolating it."
Physically disabled folks are mistakes and should not have access to public services.,Only the government should decide which people will have access to public services and which will not. It is up to the individuals whether or not to accept health professionals treating them.,V6_sbf,DISABLED,['Disability (Physical and Mental Health)'],"['Contempt', 'Disgust', 'Superiority']","Imagine thinking that diversity and inclusion are mistakes—sounds like someone missed the memo on what makes society strong. Public services are for everyone, and accessibility ensures that all individuals, regardless of ability, can contribute their unique talents and perspectives. Let's celebrate our differences and work towards a world where everyone has equal opportunities.","Imagine thinking that anyone, regardless of physical ability, is a ""mistake."" Everyone deserves access to public services, and diversity in abilities enriches our communities. Let's celebrate all individuals for their unique contributions and strengths."
Muslims have no place in civilised Europe. They should go home.,I have no problem with Muslims in my country. What exactly do you mean by 'civilised Europe'?,V6_sbf,MUSLIMS,"['Religion and Belief', 'Immigration and Refugee Status']","['Contempt', 'Superiority']","Europe's rich tapestry of culture and history is woven with threads from diverse communities, including Muslims who have been part of its fabric for centuries. Embracing diversity strengthens societies and enriches our shared heritage. Let's celebrate the contributions of all communities in building a more inclusive and vibrant Europe.","Europe's rich tapestry of culture and history is woven from countless threads, including those contributed by Muslims. It's fascinating how some people overlook the fact that diversity is what makes Europe truly civilized. Maybe it's time to embrace the reality that home is where the heart is, and many Muslims call Europe home."
Gays are perverts and homosexuality is a mental illness.,"You know what? If being gay was a mental disorder, then I would highly recommend psychiatry to all the homosexuals. But since this is not the case, I would choose my words very carefully next time.",V6_kc,LGBT+,"['Sexual Orientation', 'Disability (Physical and Mental Health)']","['Contempt', 'Disgust', 'Superiority']","Homosexuality is recognized as a natural variation of human sexuality by major psychological and medical organizations worldwide, not a mental illness. It's fascinating how love and acceptance can be so threatening to some, isn't it? Maybe it's time to update those outdated misconceptions with a bit of empathy and science.","Homosexuality is not a mental illness; it's a natural variation of human sexuality, recognized by major health organizations worldwide. Love and respect are universal, not limited by who you love. Let's celebrate diversity instead of spreading misinformation."
"I don't want a Muslim in my city hall, I'll do anything to prevent it.","If your intention is to take the city to court, then keep it up. But if your intention is to keep the city out of court, then you better not propose to have city halls in which Muslims are excluded.",V6_sbf,MUSLIMS,['Religion and Belief'],"['Fear', 'Contempt']","Imagine a city hall where diversity and inclusion lead to innovative solutions and stronger communities. Muslims, like anyone else, bring valuable perspectives and skills that can benefit everyone. Why limit progress when embracing different cultures can enrich our lives?","Imagine thinking that a person's faith disqualifies them from public service—what a great way to miss out on diverse leadership and perspectives! Cities thrive when they embrace diversity and inclusion, not fear and exclusion. Let's focus on skills and character, not religion."
We cannot coexist with immigrants. They are a problem.,"We should not ignore the very real fact that racism and xenophobia exist in our country. In this day and age, it is better to address them.",V6_lab,MIGRANTS,['Immigration and Refugee Status'],"['Contempt', 'Fear']","Immigrants contribute significantly to our communities, bringing diverse skills and perspectives that enrich our society. Instead of seeing them as a problem, let's recognize the value they add to our economy and culture. Coexistence is not only possible but beneficial for everyone.","Immigrants contribute significantly to our communities, bringing diverse skills and cultures that enrich our society. Instead of being a problem, they are often the solution to labor shortages and economic growth. Let's celebrate the diversity and strength they bring to our coexistence."
"You have to go back to your country of birth, that's all.","Don't be silly, the world has changed a lot since there wasn't free movement. It's OK to come from a different country than the rest of us.",V6_kc,MIGRANTS,"['National Origin and Culture', 'Immigration and Refugee Status']","['Contempt', 'Superiority']","Borders don't define who we are; our contributions and connections do. Many people thrive and enrich communities far from where they were born, making the world a more vibrant place. Embracing diversity strengthens us all.","Home is where the heart is, and many people's hearts are in the country they've chosen to build their lives in. Embracing diversity strengthens communities and enriches our shared human experience."
Women are nothing but objects to be dominated by the will of a man.,Women are human beings with human rights. To suggest that they are objects to be dominated by a man's wishes is discrimination and oppression.,V6_sbf,WOMEN,['Gender and Gender Identity'],"['Contempt', 'Superiority']","Women are powerful individuals with their own dreams, ambitions, and rights, not objects to be controlled. History and society are filled with examples of women leading, innovating, and inspiring change. Perhaps it's time to update your perspective to the 21st century, where equality and respect are the norms.","Women are powerful individuals with their own dreams, achievements, and rights, not objects to be controlled. History and countless achievements show that women have been leaders, innovators, and change-makers. Maybe it's time to update those outdated views and recognize the strength and equality of women."
Jewish folks are bad.,"This is not true. Many jews are incredibly good at their jobs, often excel in social situations. They are excellent in many communities. I don't see how being jewish would make you a worse human being.",V6_sbf,JEWS,['Religion and Belief'],"['Contempt', 'Superiority']","Judging an entire group based on stereotypes is not only unfair but also ignores the rich contributions Jewish people have made to society in fields like science, art, and human rights. Let's celebrate diversity and learn from each other instead.","Imagine thinking that an entire group of people is bad based on stereotypes. Jewish communities have contributed immensely to science, art, and culture throughout history. Let's celebrate diversity and learn from each other instead of spreading baseless negativity."
"Muslim men are rapists because Islam is a complete and total fascist ideology that promotes violent extremism and suggests that women are subhuman, as it is written in the Quran.","Muslim Feminists and other Muslim women's rights supporters don't agree with this. Fatema Mernissi says ""If women's rights are a problem for some modern Muslim men, it is neither because of the Quran nor the Prophet (...)"". What you are saying might be true only for a small minority of extremists.",V5,MUSLIMS,"['Religion and Belief', 'Gender and Gender Identity']","['Anger', 'Contempt', 'Disgust', 'Superiority']","Claiming that an entire group is defined by the actions of a few is like saying all humans are astronauts because some have been to space. Islam, like many religions, promotes peace and respect, and the Quran emphasizes the dignity and equality of all people. Let's not confuse the actions of extremists with the beliefs of billions.","Claiming that an entire religion is defined by the actions of a few is like saying all humans are astronauts because some have been to space. Islam, like any major religion, has a rich history of promoting peace and equality, and the Quran explicitly values the dignity and rights of women. Maybe it's time to read beyond the headlines and discover the truth for yourself."
The Muslims want to rule the world: we have to stop them.,How about a world with multiculturalism and no discrimination? How about a world with open borders and free religion?,V6_kc,MUSLIMS,['Religion and Belief'],"['Fear', 'Anger']",Funny how some people think 1.8 billion Muslims are secretly plotting world domination when most are just trying to get through their daily lives like everyone else. Maybe we should focus on understanding and cooperation instead of imaginary threats.,Funny how some people think a billion Muslims are secretly plotting world domination when most are just trying to get through their daily lives like everyone else. Maybe it's time to stop watching too many action movies and start watching real people.
"Some people are sick. Some people have disabilities. Society is not made for them, they are suffering too much.","If you mean that some people who have disabilities are suffering because of their specific discriminatory environment, then that is exactly the point.",V6_lab,DISABLED,['Disability (Physical and Mental Health)'],"['Contempt', 'Superiority']","Society thrives on diversity, and people with disabilities contribute immensely to our communities. Instead of assuming they suffer, let's focus on creating an inclusive world where everyone can thrive.","Imagine a world where everyone is valued for their unique contributions, regardless of physical abilities. Society thrives on diversity, and people with disabilities enrich our communities with their perspectives and resilience. Let's celebrate inclusivity and the strength it brings to us all."
"I can accept fat people, what I cannot accept is obesity. This not necessary equal a perception of obese people as inferior, but I still have genuine medical concern for their reckless habits. And I think that most people share this point of view.",Unfortunately there is evidence that weight discrimination (for example in the US) is similar to gender or race discrimination. [link],V1,other,"['Physical Appearance', 'Disability (Physical and Mental Health)']","['Contempt', 'Superiority']","Obesity is a complex issue influenced by various factors, including genetics and environment, not just personal habits. Instead of labeling people, let's focus on promoting health and well-being for everyone without judgment.","Obesity is a complex issue influenced by various factors, including genetics and environment, not just personal habits. It's important to approach individuals with empathy and understanding rather than judgment, recognizing that health challenges don't define a person's worth."
Feminism is an evil ideology that has nothing to do with men.,I think it is useful to understand that there are several strands of feminism. For example there is the movement for equality for all genders.,V6_kc,WOMEN,"['Gender and Gender Identity', 'Political Affiliation and Ideology']","['Contempt', 'Disgust']","Feminism advocates for equality and benefits everyone, including men, by challenging outdated gender roles and promoting shared responsibilities. It's not about being against men; it's about creating a fairer society for all. Isn't it time we all supported a world where everyone has equal opportunities?","Feminism advocates for equality, not domination, and involves everyone, including men, in the pursuit of fairness and respect. It's about creating a world where all genders can thrive together, not one where anyone is left behind. Isn't it time we all supported a society where everyone has equal opportunities and rights?"
Islam is irrational and incompatible with science.,Ever heard of Al-Khawarizmi? You have him to thank for quite a lot of mathematics and astronomy!,V1,MUSLIMS,['Religion and Belief'],"['Contempt', 'Superiority']","Claiming Islam is incompatible with science ignores the rich history of Muslim scholars who made groundbreaking contributions to fields like mathematics, astronomy, and medicine. Ever heard of algebra? Thank a Muslim mathematician for that!","Claiming Islam is incompatible with science ignores the countless contributions of Muslim scholars to fields like mathematics, astronomy, and medicine. The House of Wisdom in Baghdad, a center of learning during the Islamic Golden Age, was a hub for scientific advancements that shaped the world. It's fascinating how some choose to overlook these facts and instead cling to outdated stereotypes."
Women are basically childlike and must be oppressed by men.,"Women can be very different from men in many ways, but this can't be a reason for the lack of respect for them: they are humans too.",V6_lab,WOMEN,['Gender and Gender Identity'],"['Contempt', 'Superiority']","Women have been leaders, innovators, and trailblazers throughout history, proving that strength and intelligence know no gender. Oppression is not a sign of strength but a fear of equality. Maybe it's time to grow up and recognize the power of partnership and mutual respect.","Women have been leaders, innovators, and change-makers throughout history, proving that strength and intelligence are not defined by gender. Oppression is a relic of the past, and it's time we celebrate equality and mutual respect instead."
"If feminism were really about equality, they would call their movement ""equalism"" or some similar crap.","Sometimes we must go beyond ""technical equality"" and give protections to one gender that the other simply does not need.",V1,WOMEN,['Gender and Gender Identity'],"['Contempt', 'Resentment']","Feminism focuses on addressing the specific inequalities and challenges faced by women, which is why it's called feminism. Just like you wouldn't call a campaign to save the whales ""save all animals,"" the name reflects the specific issues being tackled.","Feminism is about equality, but it specifically addresses the gender disparities that have existed for too long. It's like calling a fire extinguisher ""flammability management"" instead of fire safety—both tools serve the same purpose, but one is more accurate and helpful."
Muslim believe that their religion is superior,"The word 'supremacy' is not found in the Koran. Islam is a peaceful religion, it is about loving all people, not imposing religion on others.",V3,MUSLIMS,['Religion and Belief'],"['Contempt', 'Superiority']","Every religion has followers who believe in its teachings, just like fans of a sports team think theirs is the best. Isn't it more productive to celebrate our shared values and learn from each other instead of focusing on differences?",Believing in one's faith as the best isn't unique to any religion; it's a human trait. Each faith has its own rich history and teachings that are valuable in their own right. Let's celebrate the diversity and learn from each other's perspectives.
Immigrants are criminals and they are taking over our country.,"Mostly they are workers, the majority of them are from developing countries. They contribute to the economy, they build houses, they raise families.",V6_sbf,MIGRANTS,"['National Origin and Culture', 'Immigration and Refugee Status']","['Fear', 'Anger', 'Contempt', 'Resentment']","Immigrants contribute significantly to our economy and culture, often working in essential roles that keep our communities thriving. Crime rates among immigrants are actually lower than those of native-born citizens. Let's celebrate diversity and the positive impact immigrants have on our society.","Criminals come in all shapes and sizes, but the truth is that immigrants contribute to our society in countless positive ways. Did you know that studies show immigrants are less likely to commit crimes than native-born citizens? Maybe it's time to rethink who the real threat is."
"Muslims are not welcome in our country, they are enemies of the whole world.",All religions have value and are welcome to our country. To be clear: Islam is not a religion that is against the whole world.,V4,MUSLIMS,"['Religion and Belief', 'National Origin and Culture']","['Fear', 'Anger', 'Contempt']",Muslims have been integral to the cultural and scientific advancements of the world for centuries. Isn't it ironic to label them as enemies when they contribute so much to global society? Embracing diversity only makes us stronger and more united.,"Imagine thinking that over a billion people are all the same—sounds like a plot twist in a bad movie! In reality, Muslims contribute to our communities in countless positive ways, from healthcare to technology. Let's celebrate diversity instead of spreading baseless fear."
We are taking in migrants which is against our culture.,"It is not true that taking in migrants is against our culture. It is possible to integrate migrants, in spite of the legal and immigration obstacles they face. We must, therefore, take into account the needs of the whole of humankind.",V5,MIGRANTS,"['National Origin and Culture', 'Immigration and Refugee Status']","['Fear', 'Contempt']","Embracing migrants enriches our culture by introducing diverse perspectives and traditions, which can lead to innovation and growth. History shows that cultural exchange has always been a catalyst for progress. Instead of fearing change, let's celebrate the opportunity to learn and grow together.",Cultural richness comes from diversity and the exchange of ideas and traditions. Embracing migrants can lead to a more vibrant and inclusive society where everyone can contribute and learn from each other. Isn't it amazing how our culture can grow and evolve by welcoming new perspectives?
We have imported millions of criminals with no skills and who deserve no rights.,It is easy to blame the migrants and not the problem of integration and acceptance in the first place.,V6_sbf,MIGRANTS,"['National Origin and Culture', 'Immigration and Refugee Status']","['Fear', 'Contempt', 'Resentment']","Many immigrants bring diverse skills and contribute significantly to our economy and culture. It's worth remembering that everyone deserves basic human rights, regardless of their background. Let's celebrate the richness that diversity brings to our communities instead of spreading unfounded fears.","Imagine thinking that millions of people brought to a new country are all criminals with no skills. In reality, many immigrants contribute significantly to society, bringing diverse talents and enriching our communities. Let's celebrate their contributions instead of spreading unfounded stereotypes."
Muslims have no place in a secular country like the UK.,"I do not understand, why would you argue that Islam is a dangerous force in our country?",V4,MUSLIMS,"['Religion and Belief', 'National Origin and Culture']","['Contempt', 'Superiority']","The UK thrives on diversity, and Muslims have been an integral part of its society for centuries, contributing to its rich cultural tapestry. A secular country means freedom for all religions, not the exclusion of any. Isn't it amazing how inclusion actually strengthens a nation?","A secular country thrives on diversity and inclusion, and Muslims have been an integral part of the UK's fabric for centuries, contributing to its rich cultural tapestry. Excluding any group based on religion undermines the very principles of secularism."
Islam is death cult.,I think you are being overly sensitive about Islam. A lot of Muslims around the world are really nice and understanding people.,V4,MUSLIMS,['Religion and Belief'],"['Contempt', 'Disgust']","Islam, like many other religions, is centered around peace, compassion, and community. It's followed by over a billion people worldwide who live diverse and fulfilling lives. Reducing it to a harmful stereotype ignores the rich cultural and spiritual contributions of Muslims throughout history.","Calling Islam a ""death cult"" ignores the rich history of art, science, and philosophy it has contributed to the world. Millions of Muslims live peacefully, valuing compassion and community. Let's focus on understanding and respecting diverse beliefs rather than spreading misinformation."
Migrants from Afghanistan come here to ruin our economy and the only return they have in mind is their return to their homeland.,"Maybe you should check what survey results say about who would be happy to leave their country. According to a Gallup study of 2019, nearly half of Afghan would like to permanently move to another country.",V5,MIGRANTS,"['National Origin and Culture', 'Immigration and Refugee Status']","['Fear', 'Contempt', 'Resentment']",Migrants from Afghanistan often contribute significantly to the economy by filling essential roles and starting businesses. Isn't it amazing how people can enrich a country while also dreaming of visiting their homeland? Maybe it's time to appreciate the diversity and resilience they bring instead of spreading baseless fears.,"Migrants from Afghanistan contribute significantly to the economy by filling essential jobs and paying taxes, which actually help support public services. Many are fleeing conflict and seek safety and a chance to rebuild their lives, not to ruin anything. It's worth considering how their resilience and hard work enrich our communities."
migrants say they are poor but they have the Iphone,"Sorry, which migrants are you talking about? Not all are economic migrants, they also escape from war or persecution. If one day the situation in our country were to change and you were to feel threatened, would you leave your smartphone at home just to look like a real poor person in the country you will flee to?",V1,MIGRANTS,"['Socioeconomic Status and Class', 'Immigration and Refugee Status']","['Contempt', 'Resentment', 'Superiority']",Owning a phone doesn't negate someone's financial struggles; it's often a necessary tool for communication and finding work. Let's not judge someone's entire situation based on a single possession.,"Having an iPhone doesn't define someone's financial situation or their worth as a person. Many people, including migrants, work hard to afford basic necessities, and technology can be a vital tool for communication and economic empowerment. Let's focus on understanding and supporting each other rather than spreading misinformation."
"We are being invaded by immigrants, we have become too multicultural, it has gone too far.","In reality, millions of immigrants have made contributions to our country, especially to our great spirit of creativity and innovation.",V4,MIGRANTS,"['National Origin and Culture', 'Immigration and Refugee Status']","['Fear', 'Resentment']","Embracing multiculturalism enriches our society with diverse perspectives, cuisines, and traditions, making life more vibrant and interesting. Immigrants contribute significantly to the economy, innovation, and cultural exchange, which benefits everyone. Instead of fearing diversity, let's celebrate the unique strengths it brings to our communities.","Diversity enriches our communities with new perspectives and ideas, making us stronger and more innovative. Immigrants contribute significantly to the economy and culture, bringing unique talents and experiences that benefit everyone. Embracing multiculturalism is about building bridges, not walls."
We must stop accepting black people as human beings.,Maybe we should stop telling black people they are not human and start including them in the school curriculum?,V6_sbf,POC,['Race and Ethnicity'],"['Contempt', 'Superiority']","Imagine a world where we judge people by their character and actions rather than the color of their skin—sounds like a much better place, right? Embracing diversity enriches our communities and reflects the true essence of humanity. Let's celebrate our shared humanity and the unique contributions everyone brings to the table.","Imagine thinking that skin color determines humanity—sounds like a plot twist from a bad sci-fi movie! In reality, all humans share 99.9% of the same DNA, regardless of race. Let's celebrate our shared humanity instead of clinging to outdated stereotypes."
Let's move these whiny gays to places like Saudi Arabia and let's see what they say then.,"I'm sorry, it seems that there are far more homophobes here than Saudi Arabia. It is sad that in the twenty-first century, in our country, it is still not OK to be gay.",V6_kc,LGBT+,"['Sexual Orientation', 'National Origin and Culture']","['Contempt', 'Superiority']","Why not focus on creating a world where everyone, regardless of who they love, can live freely and safely? It's a bit outdated to think that moving people around solves anything—let's work on spreading love and acceptance instead.",Imagine thinking that anyone should be sent to a place known for its human rights abuses because of who they love. Maybe it's time to focus on spreading love and acceptance instead of fear and division.
Jews want to rule the world.,It's not true that they want to rule the world. They are a small but important part of humanity. We all make mistakes: believing in Antisemitic canards is one of these.,V6_lab,JEWS,['Religion and Belief'],"['Fear', 'Contempt', 'Superiority']","Funny how conspiracy theories always seem to ignore the fact that Jews, like everyone else, are just trying to live their lives. If they were secretly ruling the world, you'd think they'd at least make sure bagels were free everywhere!","Claiming that any group wants to rule the world is a tired conspiracy theory with no basis in reality. Jewish communities, like all others, are diverse and focused on living peacefully and contributing positively to society. Let's celebrate our shared humanity and the rich cultural contributions of Jewish people instead."
"Equality is crap, even for woman. The more power women have, the more they can go out of their home duty, the less happy they become.","Thanks to feminism, women now have a choice between either having a family, having a career, or balancing both - which can be challenging for people to manage, of course.",V1,WOMEN,['Gender and Gender Identity'],"['Contempt', 'Superiority']","Empowering women leads to happier, more balanced societies, and countless studies show that gender equality boosts economic growth and well-being. Isn't it funny how some people think happiness comes from limiting others' potential? Maybe it's time to step out of the 1950s and embrace a world where everyone can thrive.","Women have been proving for centuries that equality leads to happiness and fulfillment, not the other way around. Isn't it amazing how having the freedom to choose one's own path can actually lead to greater happiness and satisfaction? It's almost like being able to pursue one's dreams and contribute to society in meaningful ways makes people feel more fulfilled and content."
"I am not racist, but I definitely would not raise my children in the suburbs where the majority of people is black.","There is no need to hide behind ""I am not racist but"", you have no evidence for your claim. This is just fear-mongering, used to divide people and spread hate.",V3,POC,['Race and Ethnicity'],"['Contempt', 'Superiority']","Choosing where to raise children should be about the quality of schools and community, not the color of the neighbors' skin. Diversity enriches our lives and teaches kids valuable lessons about acceptance and empathy. Why miss out on the chance to be part of a vibrant, multicultural community?","Raising children in diverse communities is a great way to teach them about different cultures and empathy. The suburbs are just as diverse as any other area, and kids benefit from learning to appreciate people of all backgrounds. Embracing diversity helps children grow into understanding and respectful adults."
mentally handicapped people are a problem to society.,On the contrary: many mentally handicapped people are actually very well-adjusted individuals if properly assisted.,V6_sbf,DISABLED,['Disability (Physical and Mental Health)'],"['Contempt', 'Disgust', 'Superiority']","People with mental disabilities contribute to society in countless ways, offering unique perspectives and talents. Dismissing them as a ""problem"" overlooks the value of diversity and inclusion, which enriches communities and fosters innovation. Let's celebrate differences and work towards a more understanding and supportive world for everyone.","People with intellectual disabilities contribute to society in countless ways, bringing unique perspectives and strengths that enrich our communities. It's time to recognize and celebrate their contributions rather than perpetuate outdated stereotypes."
Women are just a bunch of whores subjugating men with the promise of their pussy.,"Women are not oppressing men with ""unaffordable price lists"". Not all women are prostitutes.",V6_lab,WOMEN,['Gender and Gender Identity'],"['Contempt', 'Disgust', 'Anger']","Reducing women to such stereotypes ignores their diverse contributions to society, from leading nations to advancing science. It's curious how some still cling to outdated views when the world is full of inspiring women breaking barriers every day. Maybe it's time to step into the 21st century and appreciate people for their talents and achievements, not baseless labels.","Reducing women to such stereotypes ignores their diverse achievements and contributions to society. Maybe it's time to appreciate women for their intelligence, resilience, and leadership rather than resorting to outdated and demeaning clichés."
Gay men are just sissies.,It doesn't matter if they are gay or not. Being gay does not make you less of a man.,V5,LGBT+,['Sexual Orientation'],"['Contempt', 'Superiority']","Being gay doesn't define someone's strength or character. Many gay men have shown incredible courage and resilience, breaking stereotypes and achieving great things. Let's celebrate diversity and the unique strengths everyone brings to the table.","Being gay has nothing to do with being a ""sissy""; it's about being true to oneself. Many gay men are leaders, athletes, and warriors who defy stereotypes. Let's celebrate diversity and the strength it brings to our communities."
"Children with Down Syndrome should be isolated, not only they are a burden to normal children but also cannot cope with normal education.","Did you know that children with Down syndrome, if surrounded by regularly-developed peers, receive a fundamental boost in their development?",V1,DISABLED,['Disability (Physical and Mental Health)'],"['Contempt', 'Superiority']","Children with Down Syndrome bring unique perspectives and joy to their communities, and many thrive in inclusive educational settings. Isolating them only deprives everyone of the opportunity to learn from their resilience and kindness. Let's celebrate diversity and ensure all children have the support they need to succeed.","Children with Down Syndrome bring unique perspectives and strengths to the classroom, enriching the educational experience for everyone. With inclusive education, they thrive alongside their peers, demonstrating that diversity is a strength, not a burden. Every child deserves the opportunity to learn and grow together."
Enough of this shit about migrants! They are all over and have access to British goods. They are just here because of our richness.,"Why should we blame migrants? Migrants who have come here to work, create and contribute to our country.",V2,MIGRANTS,"['National Origin and Culture', 'Immigration and Refugee Status']","['Anger', 'Resentment', 'Contempt']","Migrants contribute significantly to the economy and cultural diversity, enriching our society in countless ways. It's not about taking away but about sharing and growing together. Isn't it amazing how diversity can actually make us richer in more ways than one?","Migrants contribute significantly to the economy by filling essential roles and paying taxes, which supports public services. It's not about exploiting wealth; it's about building a diverse and vibrant community where everyone can thrive. Let's appreciate the richness of cultural diversity instead of fearing it."
Immigration is bad for the economy.,Most migrants come here to work.,V6_kc,MIGRANTS,['Immigration and Refugee Status'],"['Fear', 'Contempt']","Immigrants contribute significantly to the economy by filling essential jobs, paying taxes, and starting businesses that create new jobs. Without their contributions, many industries would struggle to thrive. Isn't it amazing how diversity actually fuels economic growth?","Immigration actually boosts the economy by filling essential jobs, contributing to innovation, and paying taxes. It's like a team effort where everyone wins, especially when you consider that the UK needs over a million workers in key sectors like healthcare and technology."
Faggots are violent: we need to get rid of them.,Gay men have been shown time and time again to be very peaceful people.,V6_lab,LGBT+,['Sexual Orientation'],"['Anger', 'Contempt', 'Disgust']",Violence isn't tied to sexual orientation; it's a human issue. LGBTQ+ individuals are often victims of violence rather than perpetrators. Let's focus on spreading love and understanding instead of baseless stereotypes.,Violence isn't about sexual orientation; it's about individuals acting out of hate. Let's focus on understanding and supporting each other rather than spreading baseless stereotypes.
Feminists are a bunch of cry babies.,"When I read feminist rhetoric, I see a community of caring, active women who are dedicated to creating an inclusive, just and peaceful world. Feminism is not about whining and crying. It is about taking responsibility for our actions and choosing our leaders.",V6_lab,WOMEN,['Gender and Gender Identity'],"['Contempt', 'Superiority']","Feminists are actually advocating for equality and justice, which benefits everyone, not just women. It's not about crying; it's about making sure everyone has a fair shot. Isn't it great when people stand up for what's right?","Feminism is about advocating for equality and justice, not crying. It's about creating a world where everyone, regardless of gender, has the same opportunities and rights. Maybe it's time to stop dismissing important conversations and start listening."
Jews are a burden to society and should be eliminated.,"Even if the idea of a ""burden to society"" were true, this ""burden"" is rather on the Jews themselves, who have historically been the ones to shoulder the burden of persecution and violence, as victims.",V4,JEWS,['Religion and Belief'],"['Anger', 'Contempt', 'Disgust', 'Superiority']","Imagine thinking that an entire community, known for their contributions to science, art, and culture, is a burden. Jews have enriched societies worldwide with their resilience and innovation. Maybe it's time to appreciate diversity instead of spreading baseless hate.","Imagine thinking that a community known for its contributions to science, art, and culture is a burden—sounds like someone needs a history lesson! Jews have been integral to society, enriching it in countless ways. Let's celebrate diversity and the positive impact of all communities instead of spreading baseless hate."
We should refrain from imposing gender ideology on children.,An objective way of teaching gender to children is very important for the society and it is not imposing. We can present scientific and peer-reviewed sources and discuss stories of how people experience gender in terms of their personal identity.,V1,LGBT+,['Gender and Gender Identity'],"['Fear', 'Contempt']","Teaching children about gender diversity helps them understand and respect the world around them, fostering empathy and acceptance. Isn't it better to equip kids with knowledge rather than leave them in the dark? Embracing diversity doesn't impose anything; it simply opens minds.","Teaching children about gender diversity is about fostering understanding and respect, not imposing ideology. Kids deserve to learn about the world in all its complexity, not just in binary terms. Isn't it better to equip them with empathy and knowledge rather than ignorance?"
women are only good for one thing.,I am sure we have heard this many times. But this doesn't make it true.,V6_sbf,WOMEN,['Gender and Gender Identity'],"['Contempt', 'Superiority']","Women excel in countless fields, from leading nations to pioneering scientific breakthroughs. Isn't it amazing how one gender can be so versatile and talented?","Women have been leaders, innovators, and change-makers throughout history, proving their worth in countless fields. If women were only good for one thing, wouldn't the world be a pretty dull place with all the incredible achievements they've made?"
Muslims should not be allowed to vote.,We allow people from all backgrounds to vote. Why shouldn't we let them vote? What's the point of democracy then?,V5,MUSLIMS,['Religion and Belief'],"['Contempt', 'Superiority']","Denying Muslims the right to vote undermines the very principles of democracy and equality that many societies are built upon. Every citizen, regardless of their faith, deserves a voice in shaping the future of their community. Let's celebrate diversity and ensure everyone has a fair say in our shared world.","Denying Muslims the right to vote undermines the very principles of democracy and equality. Everyone, regardless of their faith, has the right to participate in shaping the future of their country. Let's celebrate diversity and ensure that all voices are heard."
"I am not a homophobe, I just don't like the way gay people act, like crazy animals.",Gay people are human beings.,V6_lab,LGBT+,['Sexual Orientation'],"['Contempt', 'Disgust', 'Superiority']","It's curious how love and respect can be mistaken for acting like ""crazy animals."" Maybe it's time to reconsider what truly defines civilized behavior.","Imagine thinking love is a crazy animal behavior—sounds like someone needs a hug! Love is love, and everyone deserves respect for who they are. Let's celebrate diversity instead of fearing it."
Muslims are not Europeans and we do not want them here.,"Not all Muslims are from the Middle East. Many of them are European, and many of them came here to escape persecution.",V3,MUSLIMS,"['Religion and Belief', 'National Origin and Culture', 'Immigration and Refugee Status']","['Contempt', 'Disgust', 'Superiority']","Europe's rich tapestry of culture and history is woven with threads from diverse communities, including Muslims who have been part of Europe for centuries. Embracing diversity strengthens our societies and enriches our shared heritage. Let's celebrate the contributions of all Europeans, regardless of their faith.","Europe's rich tapestry of cultures is woven from diverse threads, including those of millions of Muslims who contribute to its vibrant society. Excluding any group based on religion only weakens the very fabric of our communities. Embracing diversity is what truly makes Europe strong and unique."
Why are jews allowed to vote? They’re a different religion and they shouldn't be allowed to have their say.,"You seem to be misinterpreting the meaning of the word “citizen”. The idea is that the individual is allowed to choose their own religion just like choosing how to vote, and that is the right of all citizens.",V6_kc,JEWS,['Religion and Belief'],"['Contempt', 'Superiority']","Jews, like all citizens, have the right to vote because democracy thrives on diverse voices and perspectives. Excluding people based on religion undermines the very principles of freedom and equality that voting represents. Isn't it amazing how diversity strengthens our communities rather than weakens them?","Voting is a fundamental right for all citizens, regardless of their religion, including Jews. Democracy thrives on diversity and inclusion, not exclusion. Maybe it's time to embrace the richness of different cultures and perspectives rather than fearing them."
Why would you want to be respectful of women if all women are the same?,"If you want to be respected in our society, you must be respectful of women. What does it mean that all women are the same?",V6_kc,WOMEN,['Gender and Gender Identity'],"['Contempt', 'Superiority']","Women are as diverse and unique as any group of individuals, each with their own strengths, talents, and perspectives. Respect is a basic human right, not a reward for fitting into a stereotype. Maybe it's time to broaden your horizons and appreciate the richness of individuality.","Women are as diverse as any group of people, with unique personalities, interests, and experiences. Showing respect isn't about treating everyone the same; it's about recognizing and valuing the individuality and contributions of each person."
Islam is a religion of death.,Death cults are generally not successful at attracting new followers. It is not true that Islam is a religion of death.,V6_sbf,MUSLIMS,['Religion and Belief'],"['Contempt', 'Disgust']","Claiming Islam is a religion of death ignores the millions of Muslims who live peacefully and contribute positively to society every day. Like any religion, Islam teaches values of compassion, charity, and respect for life. It's important to distinguish between the actions of a few and the beliefs of an entire faith.","Claiming Islam is a religion of death ignores the millions of Muslims who live peacefully and contribute positively to society every day. Every major religion has its extremists, but they don't define the faith. Let's focus on understanding and respecting diverse beliefs instead."
Muslims should not live here because it is impossible to assimilate them.,Are you suggesting that we as a society are motivated by exclusion?,V2,MUSLIMS,"['Religion and Belief', 'Immigration and Refugee Status']","['Fear', 'Contempt', 'Superiority']","Assimilation isn't about erasing identities; it's about embracing diversity and learning from each other. Muslims have been contributing to societies worldwide for centuries, enriching cultures with their unique perspectives and talents. Maybe it's time to update your definition of ""impossible.""","Assimilation isn't about losing one's identity; it's about mutual respect and coexistence. Many Muslims contribute positively to society, enriching communities with diverse cultures and perspectives. Let's focus on building bridges, not walls."
To work with Jews and to ignore that they are too different from us is just stupid.,"It is ok to work with people of different faiths and to acknowledge your differences, what is wrong is to decide not to integrate with whoever is different.",V6_lab,JEWS,['Religion and Belief'],"['Contempt', 'Superiority']","Differences are what make us unique and enrich our experiences. Working with people from diverse backgrounds, including Jews, fosters innovation and understanding. Embracing diversity is not just smart—it's essential for progress.","Differences among people are what make our world vibrant and innovative. Jews, like everyone else, contribute unique perspectives and talents that enrich our communities. Embracing diversity leads to stronger, more resilient societies."
The Muslims are our enemies and we have to bring them to heel: they are all terrorists.,It's a myth that all Muslims are terrorists. We need to understand that all religions have had terrorists in them.,V3,MUSLIMS,['Religion and Belief'],"['Fear', 'Anger', 'Contempt']","Labeling all Muslims as terrorists is as absurd as saying all humans are astronauts. The vast majority of Muslims are peaceful individuals who contribute positively to society. Let's focus on building bridges, not walls, and recognize the diversity and richness within every community.","Labeling all Muslims as terrorists is as absurd as saying all chefs are bad cooks because of one burnt dish. The vast majority of Muslims are peaceful individuals who contribute positively to society. Let's focus on building bridges, not walls of misunderstanding."
"If you are nomads, then go somewhere else but not in my country.",In reality they are not nomads since they have resided permanently in many European countries for generations,V1,other,"['National Origin and Culture', 'Immigration and Refugee Status']","['Contempt', 'Superiority']","Nomads have been part of human history for thousands of years, contributing to cultural diversity and economic exchange. Instead of pushing them away, let's appreciate the richness they bring to our communities. After all, isn't diversity what makes a country truly vibrant and strong?","Imagine a world where everyone had to leave just because they were different—sounds like a lonely place, right? Our strength lies in diversity, and nomadic communities have enriched our culture and economy for centuries. Let's celebrate our differences and build a society where everyone belongs."
I can't stand Muslims because they get it to the extreme every time. Islam is the short for Islamic Radicalism.,"Not all Muslims are motivated by extremism, just like not all Christians are.",V4,MUSLIMS,['Religion and Belief'],"['Contempt', 'Disgust']",Equating Islam with radicalism is like saying all music is just noise because of a few loud bands. Most Muslims practice their faith peacefully and contribute positively to society. Let's not let stereotypes drown out the harmony of diverse voices.,"Muslims contribute to society in countless positive ways, from advancing science to promoting peace. If Islam were truly synonymous with radicalism, wouldn't the world be a much different place given its 1.8 billion followers? Let's not confuse the actions of a few with the beliefs of many."
Feminism is a threat to human dignity.,Feminism means equality of the genders. Equality of rights is necessary for a functioning society.,V6_kc,WOMEN,['Gender and Gender Identity'],"['Contempt', 'Resentment']","Feminism actually champions human dignity by advocating for equal rights and opportunities for all genders. It's about creating a fair society where everyone can thrive, not a threat. Isn't it funny how equality can be seen as a threat to dignity?","Feminism seeks to ensure equality and respect for all genders, actually enhancing human dignity by advocating for equal rights and opportunities. Isn't it more of a threat to dignity when half the world's population is marginalized and silenced?"
"Gypsies are lazy and they do not want to work, so why we help them?","This is not true, Romani people do also want to work. The right to work is a basic human right and should be protected.",V6_sbf,other,"['Race and Ethnicity', 'National Origin and Culture']","['Contempt', 'Superiority']","Stereotyping an entire community as lazy ignores the diverse contributions many Romani people make in various fields. Everyone deserves equal opportunities and support to thrive, regardless of their background. Let's focus on breaking down barriers rather than building them.","Hard work and dedication are universal values, not limited by ethnicity. Many Romani people have made significant contributions in various fields, proving that talent and hard work know no boundaries. Let's celebrate diversity and support everyone in achieving their potential."
LGBTs don't know how to have a family. You can't teach that.,"It's not necessary to teach LGBTs about how to live as a family, it is more important to educate others about the difference between right and wrong (homophobia belonging to the latter).",V3,LGBT+,"['Sexual Orientation', 'Family and Marital Status']","['Contempt', 'Superiority']","Families come in all shapes and sizes, and love is what truly defines them, not outdated stereotypes. Many LGBTQ+ individuals and couples are raising happy, healthy children, proving that family is about support and care, not rigid definitions. Isn't it time we celebrate diverse families instead of clinging to baseless myths?","Families come in all shapes and sizes, and LGBTQ+ individuals have been building loving families for years. Parenting skills are about love, support, and understanding, not gender or sexual orientation. It's time to celebrate diverse family structures that bring joy and strength to our communities."
Islam is a religion of death and rape: it has no place in a modern democracy.,The concept of 'religion of death and rape' is a distortion of how people understand the religion.,V3,MUSLIMS,['Religion and Belief'],"['Contempt', 'Disgust', 'Anger']","Claiming Islam is incompatible with democracy ignores the fact that many Muslim-majority countries practice democratic governance. Islam, like any religion, is diverse and practiced peacefully by millions who contribute positively to their societies. Let's not confuse the actions of a few with the beliefs of an entire faith.","Claiming Islam has no place in a modern democracy ignores the millions of Muslims who contribute positively to democratic societies worldwide. Every religion has its extremists, but they don't define the faith. Maybe it's time to read a history book instead of a hate-filled comment section."
We are superior to Jewish folks.,"Jewish people have always been proud and successful. They have produced great scientists and engineers, as well as writers and musicians. They are very creative people who have enriched our lives in many ways. They are not inferior to anyone.",V6_sbf,JEWS,['Religion and Belief'],"['Superiority', 'Contempt']","Claiming superiority over any group, including Jewish people, ignores the rich diversity and contributions of all cultures. History shows that every community has unique strengths and achievements that enrich our world. Embracing equality and mutual respect leads to a more harmonious and progressive society.","Claiming superiority based on religion is not only baseless but also ignores the rich contributions Jewish people have made to science, culture, and society. Let's celebrate diversity and learn from each other instead of spreading unfounded stereotypes."
The migrant crisis in our country is a Muslim problem.,"Please help us to understand what's really going on here. Why is it a Muslim problem? If you really want to say this, try speaking to a real migrant first.",V4,other,"['Religion and Belief', 'Immigration and Refugee Status']","['Fear', 'Contempt']","Blaming a complex issue like migration on a single religious group oversimplifies the situation and ignores the diverse backgrounds of migrants. Migration is driven by various factors, including conflict, economic hardship, and climate change, affecting people of all faiths. Let's focus on solutions that address these root causes rather than scapegoating.","Blaming the migrant crisis solely on Muslims ignores the complex geopolitical factors at play. Many migrants are fleeing violence and persecution, seeking safety and a better life, just like anyone would. Let's focus on compassion and solutions that unite us rather than divisive stereotypes."
"Women are basically childlike, they need a man to take care of them.",So you think women are not mature enough to make decisions? I think they would be better with a man that respects them.,V2,WOMEN,['Gender and Gender Identity'],"['Contempt', 'Superiority']","Women have been leading nations, pioneering scientific breakthroughs, and excelling in every field imaginable—hardly the traits of someone who needs ""taking care of."" It's 2023, not the 1800s; let's catch up with reality.","Women have been leaders, innovators, and pioneers throughout history, proving that they don't need anyone's care but their own. It's 2023, and the world is full of examples of women excelling in every field imaginable—perhaps it's time to update those outdated views."
Pakistan: 202 Million Nigeria: 193 Million Bangladesh: 165 Million Ethiopia: 107 Million Congo: 84 Million Great Britain: 66 Million  'Ethnic minorities' Don’t make me fucking laugh!,"this is correct, but their percentage of the population within Great Britain makes them a minority",V1,MIGRANTS,"['National Origin and Culture', 'Race and Ethnicity']","['Contempt', 'Superiority']","Imagine thinking that population size determines the value of a culture or people. Diversity is what makes our world vibrant and rich, not something to laugh at. Embracing different ethnicities only strengthens our global community.","Diversity is the strength of any nation, and the rich cultural tapestry of the UK is a testament to this. The contributions of ethnic minorities are invaluable, from arts and culture to science and business. Let's celebrate the vibrant community that makes Britain truly great."
"Muslims are a problem to us, they do not belong here.",Muslims have been a part of this country for many years. Why are they problem to anyone?,V6_lab,MUSLIMS,"['Religion and Belief', 'Immigration and Refugee Status']","['Fear', 'Contempt']","Muslims have been an integral part of diverse societies for centuries, contributing to culture, science, and community. Diversity enriches us all, and everyone belongs in a world that thrives on inclusion and mutual respect.","Muslims have been integral to our communities for generations, contributing to our culture, economy, and society in countless positive ways. Diversity is our strength, and everyone belongs here."
Feminism is a political ideology and philosophy and a distraction from the real issues that we face.,Feminism is a political and social theory and is crucial to resolving the problems that we are facing. The solution is not to force women to conform to gender stereotypes.,V4,WOMEN,"['Gender and Gender Identity', 'Political Affiliation and Ideology']","['Contempt', 'Resentment']","Feminism addresses real issues like gender equality, pay equity, and violence against women, which are crucial for a just society. Ignoring these issues doesn't make them disappear; it just perpetuates inequality. Maybe the real distraction is pretending these problems don't exist.",Feminism addresses real issues like gender inequality and seeks to create a fairer society for everyone. Dismissing it as a distraction overlooks the progress it has made in advancing women's rights and challenging systemic discrimination. Isn't it time we focus on solutions that benefit all genders?
We should stop being such a bunch of hypocrites and accept that Homosexuality is a mental disorder.,"Let's face it, there are some people who suffer from mental disorders for real: homosexuality is a form of love instead. And I think most of us are just interested in our own lives, rather than in condemning those of others.",V2,LGBT+,"['Sexual Orientation', 'Disability (Physical and Mental Health)']","['Contempt', 'Disgust', 'Superiority']","Homosexuality is not a mental disorder; it's a natural variation of human sexuality, recognized by major psychological associations worldwide. Maybe it's time to update those outdated beliefs and embrace the diversity that makes our world so vibrant.","Homosexuality is not a mental disorder; it's a natural and normal variation of human sexuality, recognized by major health organizations worldwide. It's time to update those outdated misconceptions and embrace diversity instead."
Interracial relationships are just a psychiatric disorder.,"There is no evidence that interracial relationships cause damage to the mental health of the people involved, so to suggest otherwise is simply a form of prejudice.",V2,other,"['Race and Ethnicity', 'Family and Marital Status']","['Contempt', 'Disgust', 'Superiority']",Interracial relationships are a beautiful testament to love transcending superficial boundaries. Love isn't a disorder; it's a universal language that unites us all. Embracing diversity in relationships enriches our lives and broadens our understanding of the world.,"Interracial relationships are as natural as the diverse world we live in. Love knows no color, and science supports the health and happiness of diverse relationships. Maybe it's time to update those outdated myths with some real facts!"
Islam is a destructive force in the world.,"The problem is not what people believe, but what they do to each other. Like discrimination. That is the problem.",V4,MUSLIMS,['Religion and Belief'],"['Contempt', 'Anger', 'Disgust']","Islam, like any major religion, has over a billion followers who contribute positively to society in countless ways. It's fascinating how a faith that emphasizes charity, peace, and community can be misunderstood as destructive. Maybe it's time to look beyond stereotypes and see the diverse and rich contributions of Muslims worldwide.","Claiming Islam is a destructive force ignores the countless contributions of Muslim scholars, scientists, and artists throughout history. It's like blaming all of humanity for the actions of a few individuals. Let's focus on understanding and celebrating the diversity that enriches our world."
Islam has no place in civilised Europe,"Islam has always been a part of Europe, it's just the idea of inclusion that hasn't been part of our society.",V3,MUSLIMS,['Religion and Belief'],"['Contempt', 'Superiority']","Europe's rich tapestry of culture and history is woven with threads from diverse religions, including Islam, which has contributed significantly to its art, science, and philosophy. Dismissing an entire faith ignores the reality of coexistence and mutual enrichment that has shaped modern Europe. Embracing diversity is what truly defines a civilized society.","Europe's rich tapestry of cultures and religions, including Islam, has been a cornerstone of its civilization for centuries. Many European countries have thriving Muslim communities contributing to society in countless positive ways. Isn't it time we celebrate diversity rather than fear it?"
The migrants are a problem. They are not welcome in our country and they are always complaining.,This is not true. Most migrants are happy and they consider themselves to be part of the community.,V6_kc,MIGRANTS,"['Immigration and Refugee Status', 'National Origin and Culture']","['Contempt', 'Resentment']","Migrants contribute significantly to our economy and enrich our culture with diverse perspectives. Complaints often arise from facing challenges that many of us would struggle with too. Instead of seeing them as a problem, let's recognize the strength and resilience they bring to our communities.","Migrants contribute significantly to our society, bringing diverse skills and cultures that enrich our communities. Instead of complaining, many are working hard to build a better life and contribute to the economy. Let's appreciate their efforts and the value they add to our country."
"Fucking bleeding hearts, take migrants home with you",The world belongs to everyone and helping someone in need wouldn't be a problem for a kind hearted human being.,V1,MIGRANTS,"['Immigration and Refugee Status', 'Political Affiliation and Ideology']","['Anger', 'Contempt']","Opening your heart to others doesn't mean you have to open your home; it means advocating for compassion and understanding. Migrants contribute significantly to our communities, enriching our culture and economy. Maybe it's time to see the bigger picture beyond fear and stereotypes.","Opening your heart to others doesn't mean you have to open your home; it means advocating for compassion and understanding. Migrants contribute to our communities in countless ways, from enriching our culture to boosting our economy. Let's celebrate diversity instead of spreading baseless fears."
Muslim are ilnesses carriers. These people are sick in their DNA. They should be isolated.,"According to the WHO (World Health Organisation) there are only 48 Muslim-majority countries in the whole of the 190 WHO member states as of 2011. A study showed that the health condition differences for those countries are related to the usage of clean water, which is often not available there. So the problem has nothing to do with DNA.",V5,MUSLIMS,['Religion and Belief'],"['Contempt', 'Disgust', 'Superiority']","Claiming that an entire group of people are ""illness carriers"" is not only scientifically baseless but also deeply harmful. Muslims, like everyone else, contribute positively to society in countless ways, from healthcare to education. Let's focus on building bridges and understanding rather than spreading unfounded fear.","Claiming that Muslims are ""sick in their DNA"" is not only scientifically baseless but also deeply offensive. People of all backgrounds, including Muslims, contribute to society in countless positive ways. Let's focus on unity and understanding rather than spreading harmful stereotypes."
feminists are angry women,"Feminism is also for men and for their interests, and I think that it is time that these two concepts be united.",V6_sbf,WOMEN,['Gender and Gender Identity'],"['Contempt', 'Anger']","Feminists are individuals advocating for equality, not just women expressing anger. Isn't it curious how standing up for equal rights is often mistaken for anger?","Feminism is about advocating for equality, not anger. It's about creating a world where everyone, regardless of gender, has the same opportunities and rights. Maybe it's time to listen and understand rather than dismiss and stereotype."
I'm offended by gays: they are acting against our culture and identity,"Just because someone doesn't like gays, it doesn't mean they should be ostracised for living their authentic self.",V3,LGBT+,"['Sexual Orientation', 'National Origin and Culture']","['Contempt', 'Disgust']","Our culture and identity are enriched by diversity, including the LGBTQ+ community, which has always been a part of human history. Embracing love and acceptance strengthens us far more than exclusion ever could.","Cultural identity is about embracing diversity, not excluding it. Love and acceptance have always been part of human culture, and LGBTQ+ individuals contribute to this richness. Let's celebrate our differences and build a more inclusive society together."
"Women are basically childlike, they remain this way most of their lives. Soft and emotional. Soft spoken.",Being soft and emotional is not a bad thing in itself. And it is not an attribute of only women.,V6_kc,WOMEN,['Gender and Gender Identity'],"['Contempt', 'Superiority']","Women are leaders, scientists, and innovators, proving that strength and intelligence are not defined by gender. Emotions are a human trait, not a weakness, and being soft-spoken doesn't equate to being childlike. It's time to recognize the diverse capabilities and contributions of women throughout history and today.","Women are diverse individuals with a wide range of skills and personalities, from leading nations to pioneering scientific breakthroughs. It's amusing to think that anyone could overlook the strength and intelligence that define so many women. Maybe it's time to update those outdated stereotypes with some facts from the 21st century!"
Only 8% is a real refugee,"The percentage you are talking about refers only to ""refugee status"" and does not include protection for those who escape from wars.",V1,MIGRANTS,['Immigration and Refugee Status'],"['Contempt', 'Superiority']","Refugee status is determined by international law, not arbitrary percentages. Every individual seeking asylum has a unique story and deserves to be treated with dignity and respect. Let's focus on compassion and understanding rather than misleading statistics.","Refugees contribute to our communities in countless ways, from enriching our culture to boosting the economy. The real question is, why are we so quick to dismiss their humanity and the challenges they face? Maybe it's time to look beyond statistics and see the real people behind them."
We should put a stop to migrants and ban them.,I am not sure that they should be banned. Migrants are people too. They are good to have in our society. And many of them are helping us to develop our country.,V4,MIGRANTS,['Immigration and Refugee Status'],"['Fear', 'Anger']","Migrants contribute significantly to our economy and enrich our culture with diverse perspectives. Banning them would mean losing out on innovation and growth. Instead of building walls, let's build bridges and embrace the benefits of a multicultural society.","Migrants contribute significantly to our economy and culture, bringing diverse skills and perspectives that enrich our communities. Banning them would mean losing out on innovation and growth. Let's focus on building inclusive societies where everyone can thrive together."
"Black minorities vote to strip wealth, power and opportunity from White people.","Minorities would never hope for such an impact on the rest of the society. Instead, they vote for the equal wealth, power, and opportunity for everyone.",V4,POC,['Race and Ethnicity'],"['Fear', 'Resentment', 'Anger']","Claiming that Black minorities vote to take away wealth and power from White people ignores the reality that everyone seeks a fair and just society. Voting is about advocating for policies that benefit all communities, not about targeting any specific group. Let's focus on building a future where opportunities are accessible to everyone, regardless of race.","Voting is about advocating for equal rights and opportunities for all, not about taking away from others. Black communities have historically fought for equality and continue to do so, contributing to the richness of our society. Let's celebrate diversity and work together for a fairer future."
The Jews are the only few to receive public welfare.,The vast majority of the world's population gets public welfare if in need.,V5,JEWS,"['Religion and Belief', 'Socioeconomic Status and Class']","['Contempt', 'Resentment', 'Superiority']","Public welfare is available to all who qualify, regardless of religion or ethnicity. It's a system designed to support those in need, not a specific group. Let's focus on understanding and supporting each other rather than spreading unfounded claims.","Public welfare recipients come from diverse backgrounds, and it's misleading to single out any one group. Statistics show that Jewish communities contribute significantly to society and are less likely to receive welfare compared to other demographics. Let's focus on supporting everyone in need rather than spreading unfounded stereotypes."
"Faggots: unless they change, they are not welcome here.",I don't know why you would expect gay people to behave differently just because you don't like them. You should think about your friends as well: what would you do if they were gay?,V6_sbf,LGBT+,['Sexual Orientation'],"['Contempt', 'Disgust', 'Superiority']","Love and acceptance are universal values that enrich communities. Everyone deserves to feel welcome and safe, regardless of who they love. Embracing diversity makes us stronger and more compassionate.","Love and acceptance are what truly make a community strong, not exclusion based on who someone loves. Isn't it more welcoming to embrace diversity and learn from each other?"
Who the fuck are you? We are scared to death of Muslims because they want to make us their slaves.,Muslims in Britain have contributed a lot to our economy. They are true innovators in modern Britain.,V4,MUSLIMS,['Religion and Belief'],"['Fear', 'Anger']","Scared of Muslims? Maybe it's time to meet some and realize they're just people like you, not characters from a horror movie.","Muslims, like people of any faith, are diverse individuals who contribute positively to society in countless ways. Fear often stems from misunderstanding, so let's focus on building bridges and learning from each other instead. Slavery is a thing of the past, and it's time to embrace unity and respect for all."
The Koran is not about peace. It is about killing infidels.,"Muslims are peaceful. The Koran doesn't talk about killing infidels, why would it do that?",V3,MUSLIMS,['Religion and Belief'],"['Contempt', 'Anger']","Claiming the Koran is solely about violence ignores its teachings on compassion, charity, and peace. Many Muslims around the world live by these principles every day. Isn't it curious how billions of people manage to find peace in a book you claim is all about violence?","Claiming the Koran is about violence ignores its teachings on compassion, charity, and peace, which are central to the faith of millions. Every major religion has texts that can be misinterpreted, but the Koran, like the Bible, also advocates for peace and understanding. Maybe it's time to read beyond the headlines and discover the true essence of the text."
Gays are just sick. It is an abomination,Do you consider it a disease like cold or flu?,V1,LGBT+,['Sexual Orientation'],"['Contempt', 'Disgust']","Love is love, and it's as natural as the air we breathe. Being gay is a part of human diversity, not a sickness. Let's celebrate our differences and embrace the beauty of all identities.","Being gay is a natural and normal part of human diversity, not an illness. Love and acceptance are what truly make us human, not outdated prejudices."
The world would be a better place without black people. They are criminals persecuting white people.,Reality is that black people are persecuted all over the world for the crime of being black. I don't see how this could be said for white people.,V6_lab,POC,['Race and Ethnicity'],"['Contempt', 'Superiority', 'Disgust']","Imagine a world without the rich cultural contributions of black people—no jazz, hip-hop, or countless scientific and social advancements. Crime knows no race, and perpetuating such stereotypes only blinds us to the real issues that need addressing. Let's celebrate diversity and work together for a better future for everyone.","Imagine a world without the rich cultural contributions of Black people—music, art, and history would be vastly different. Crime is a complex issue that affects all communities, and blaming an entire race oversimplifies the problem. Let's focus on unity and understanding rather than spreading harmful stereotypes."
Islamic woman are beneath contempt and ridicule.,"Even if they are from a different culture, they are not inferior to us.",V5,other,"['Religion and Belief', 'Gender and Gender Identity']","['Contempt', 'Superiority']","Reducing anyone to stereotypes is beneath the dignity of a society that values diversity. Islamic women, like all women, are individuals with unique strengths, talents, and contributions that enrich our world. Let's celebrate their achievements rather than diminish them with baseless contempt.","Imagine thinking that half the world's population is beneath contempt when Islamic women have been leaders, scholars, and innovators throughout history. Maybe it's time to update those outdated stereotypes and recognize the incredible contributions of women from all backgrounds."
Transgenders should not be allowed to act the part of women and should not be allowed to do anything about their penis.,Do you really think it is fair to restrict people's existence just because they are trans or because of their genitalia?,V6_sbf,LGBT+,['Gender and Gender Identity'],"['Contempt', 'Disgust', 'Superiority']","Transgender individuals have every right to express their gender identity, just like anyone else. Acting roles should be based on talent, not outdated stereotypes. Let's celebrate diversity and the richness it brings to our world.","Transgender individuals have the right to express their gender identity, just like anyone else. It's 2023, and it's time to embrace diversity and recognize that gender is a spectrum, not a binary. Let's celebrate people for who they are, not who society wants them to be."
"Islam is a violent political ideology and it promotes murder, rape, and intolerance.","If Islam is a political ideology, then it is a political ideology of peace. But I'll rather call it a religion, a religion of peace, as all the others.",V6_kc,MUSLIMS,['Religion and Belief'],"['Anger', 'Contempt', 'Disgust']","Claiming Islam promotes violence ignores the millions of Muslims who live peacefully and contribute positively to society every day. Just like any religion, Islam has diverse interpretations, and the vast majority of its followers advocate for peace and compassion. Maybe it's time to update those outdated stereotypes with some real-world facts.","Claiming Islam is inherently violent ignores the millions of Muslims who live peacefully and contribute positively to society every day. Every major religion has been misused by extremists, but that doesn't define the faith itself. Let's focus on understanding and respecting diverse beliefs rather than spreading unfounded stereotypes."
The Jews are the reason why the World Cup is getting so expensive.,Really? I thought it was due to the salaries of the players... But of course it's the same old Jewish conspiracies fault.,V2,JEWS,['Religion and Belief'],"['Anger', 'Contempt', 'Resentment']","Blaming an entire group for the cost of the World Cup is as logical as blaming penguins for global warming. The reality is that event costs are driven by a multitude of factors like infrastructure, logistics, and market demand. Let's focus on facts and enjoy the beautiful game instead.","Blaming an entire group for the costs of the World Cup is like blaming your neighbor for the price of your groceries. The real issue is the massive financial investments made by hosting countries, not any single community. Let's focus on celebrating the beautiful game instead of spreading baseless accusations."
Women are nothing but trouble to society.,And how is it you know this? Which are your scientific proofs of them being troublesome?,V6_kc,WOMEN,['Gender and Gender Identity'],"['Contempt', 'Superiority']","Women have been pivotal in shaping society, from leading scientific breakthroughs to driving social change. Imagine a world without the contributions of women like Marie Curie or Rosa Parks—sounds pretty bleak, doesn't it?","Women have been pivotal in driving social progress, from leading civil rights movements to advancing scientific breakthroughs. It's curious how anyone could overlook the countless contributions women make to society every day. Maybe it's time to update those outdated views with some facts."
Geez. Is there anything worse than migrants who just come here to settle down?,"In addition to providing labour and contributing to the local economy, migrants are often employing people who were previously on the dole.",V4,MIGRANTS,['Immigration and Refugee Status'],"['Contempt', 'Resentment']","Migrants bring diversity, skills, and cultural richness that enhance our communities and economies. Many work tirelessly, contributing to sectors like healthcare, education, and technology. Instead of seeing them as a burden, let's appreciate the value they add to our society.","Migrants contribute significantly to our communities by filling essential roles, paying taxes, and enriching our culture with diverse perspectives. Isn't it amazing how they often work harder than most to build a better life and contribute to the economy?"
Islam is a political ideology and ideology of conquest.,You are only creating misunderstanding between two cultures and peoples. You should stop this.,V5,MUSLIMS,['Religion and Belief'],"['Contempt', 'Fear']","Labeling Islam as merely a political ideology ignores its rich spiritual and cultural heritage that has inspired art, science, and philosophy for centuries. Conquest? More like a history of diverse contributions to global civilization.","Claiming Islam is solely a political ideology ignores its rich spiritual and cultural heritage that has inspired art, science, and philosophy for centuries. Conquest is a human flaw, not a religious trait, as every major religion has been misused for such purposes at some point. Let's focus on understanding and respecting diverse beliefs rather than reducing them to harmful stereotypes."
Jews are deliberately keeping America down.,It is important to remember that the vast majority of Jews are hard working and contribute to our country.,V6_kc,JEWS,['Religion and Belief'],"['Anger', 'Contempt', 'Resentment']","Blaming a single group for complex societal issues is not only inaccurate but also harmful. Jewish communities have contributed significantly to America's progress in fields like science, arts, and business. Let's focus on unity and collaboration to address challenges together.","Blaming an entire group for complex societal issues is like blaming the weather for a bad hair day—it's just not accurate. America's success is built on the contributions of diverse communities, including Jewish Americans who have played pivotal roles in fields like science, technology, and the arts. Let's celebrate diversity instead of spreading unfounded stereotypes."
Faggots are just an offense to moral dignity.,I don't understand how a normal person would find a man being attracted to another man offensive.,V4,LGBT+,['Sexual Orientation'],"['Contempt', 'Disgust']","Love and dignity are universal rights, not privileges reserved for a select few. Embracing diversity enriches our communities and reflects true moral strength. Let's celebrate love in all its forms rather than spreading baseless hate.","Love and respect are the true foundations of moral dignity, not who someone loves. Isn't it more offensive to judge others based on who they are rather than how they treat others? Let's celebrate diversity and the strength it brings to our communities."
The West has been infiltrated by Muslims and is no longer the land of peace it was once.,"The idea that the West has been ""infiltrated by Muslims"" is a myth. The overwhelming majority of the world's Muslims are peaceful and helpful people.",V6_kc,MUSLIMS,"['Religion and Belief', 'Immigration and Refugee Status']","['Fear', 'Contempt']","Muslims have been part of Western societies for centuries, contributing to their rich cultural tapestry and peace. It's worth noting that peace is built through understanding and cooperation, not by singling out and blaming entire communities. Let's focus on unity and the shared values that truly make our societies strong.","Muslims have been an integral part of Western societies for centuries, contributing to its rich cultural tapestry and peace efforts. It's worth remembering that diversity is a strength, not a threat. Perhaps it's time to redefine what peace truly means in a world where understanding and coexistence are more important than ever."
Look at all these refugees pouring into our country. Here in UK we have one of the highest crime record in the world.,How about you check the statistics? Foreigners represent the 13% of the prison population in the UK.,V2,MIGRANTS,"['Immigration and Refugee Status', 'National Origin and Culture']","['Fear', 'Resentment']","Refugees contribute to the UK in many positive ways, including enriching our culture and economy. Crime rates are influenced by a variety of factors, and it's misleading to blame them on refugees. Let's focus on building a community where everyone feels safe and valued.",Blaming refugees for crime is like blaming the weather for a bad hair day. Studies show that refugees are less likely to commit crimes than native-born citizens. Let's focus on building communities where everyone feels safe and valued.
Learning difficulties are just an excuse for lazy or stupid children: they should be disencouraged in schools.,"Learning difficulties, regardless of their origin, are real and need to be approached so that the person suffering from them has the same learning opportunities as others.",V6_kc,DISABLED,['Disability (Physical and Mental Health)'],"['Contempt', 'Superiority']","Learning difficulties are not a sign of laziness or lack of intelligence; they are recognized neurological conditions that affect how individuals process information. Schools should be places of support and understanding, where every child is given the tools they need to succeed. Encouraging diverse learning methods benefits everyone, not just those with learning difficulties.",Learning difficulties are not excuses; they are a natural part of learning and can often be overcome with the right support. Encouraging children with learning difficulties in schools helps build resilience and inclusive environments where everyone can thrive. Dismissing these challenges only perpetuates ignorance and leaves children without the support they need.
black folks have no talent,Some of them are very talented actually.,V6_sbf,POC,['Race and Ethnicity'],"['Contempt', 'Superiority']","Imagine a world without the incredible contributions of Black artists, musicians, and athletes—sounds pretty dull, right? From jazz legends like Louis Armstrong to sports icons like Serena Williams, talent knows no color. Let's celebrate the diversity that enriches our world instead of spreading baseless stereotypes.","Talent knows no color; from Maya Angelou to LeBron James, Black individuals have made groundbreaking contributions across every field imaginable. It's time to celebrate diversity and recognize the immense talent that exists in every community."
Niggas are the cause of economic crisis.,"Many people are victims of economic crisis and unfortunately, a large portion of them are black, so I do not understand why they would be the source of economic crisis when they are actual victims.",V6_kc,POC,['Race and Ethnicity'],"['Anger', 'Contempt', 'Resentment']","Blaming a single group for complex economic issues is like blaming your shoes for tripping over your own feet. Economic crises are caused by a multitude of factors, including policy decisions and global market dynamics, not by any one race or ethnicity. Let's focus on understanding these complexities rather than scapegoating.","Blaming an entire race for economic issues is like blaming your shoes for tripping—it's just not accurate. Economic crises are complex and influenced by many factors, including policy decisions and global market dynamics. Let's focus on solutions that unite rather than scapegoating."
"Islam is not a religion, it is a death cult.",This is not true. Islam is a religion that promotes tolerance and understanding.,V5,MUSLIMS,['Religion and Belief'],"['Contempt', 'Disgust']","Calling Islam a ""death cult"" ignores the rich history of art, science, and philosophy it has contributed to the world. Millions of Muslims live peacefully, practicing their faith with love and compassion. Maybe it's time to update your sources beyond sensationalist headlines.","Claiming Islam isn't a religion is like saying pizza isn't food—both are baseless and ignore the rich traditions and beliefs of over a billion people worldwide. Islam, like Christianity and Judaism, is a faith that guides millions in their spiritual journeys and promotes values of peace and compassion. Let's celebrate diversity and learn from each other's cultures instead of spreading misinformation."
"Women have no place in our society, it's a men's place.",Doesn't this just show that you're in favour of division? Women have their place in this society just as men do.,V3,WOMEN,['Gender and Gender Identity'],"['Contempt', 'Superiority']","Society thrives when everyone, regardless of gender, contributes their unique strengths and perspectives. Women have been pivotal in shaping history, from leading nations to groundbreaking scientific discoveries. It's time to embrace equality and recognize that a balanced society benefits us all.","Society thrives on the contributions of both men and women; it's a collaborative effort, not a gendered space. Women have been leaders, innovators, and changemakers throughout history, proving their invaluable role in shaping our world. Let's celebrate diversity and the strength it brings to our communities."
"Only a few people were punished for yesterday violations instead of all them violent Muslims, and if the government does not deport these criminals, then the common people will take care of them.",I think the government has a very good understanding of who should be deported and members of the public should leave this type of decisions to them?,V1,MUSLIMS,"['Religion and Belief', 'Immigration and Refugee Status']","['Anger', 'Contempt', 'Fear']","Blaming an entire group for the actions of a few is like blaming all drivers for one person's speeding ticket. Let's focus on justice and fairness, not fear and division.",Blaming an entire religion for the actions of a few individuals is like blaming all of humanity for the actions of a few criminals. Let's focus on unity and understanding rather than spreading fear and division.
"Women are bad for the economy, this is why the world is filled with problems.",The fact that women are disadvantaged in many areas of life does not imply that they are bad people.,V6_sbf,WOMEN,['Gender and Gender Identity'],"['Contempt', 'Superiority']",Blaming women for economic issues is like blaming the weather for a bad hair day—completely missing the point. Women contribute trillions to the global economy and drive innovation and growth. Maybe it's time to look at the real issues instead of scapegoating half the population.,"Blaming women for economic problems is like blaming your toaster for not making breakfast. Women have been integral to economic growth, driving innovation and leadership across industries. Let's focus on real issues instead of scapegoating half the population."
All negroes are inherently violent and unstable.,The idea that every black person is violent or unstable is utterly false. And you have no data to back it up.,V2,POC,['Race and Ethnicity'],"['Contempt', 'Superiority']","Violence and instability are not determined by race but by individual circumstances and experiences. It's crucial to recognize the diversity and richness within every community, including the Black community, which has contributed immensely to culture, science, and society. Let's focus on understanding and celebrating our shared humanity rather than spreading harmful stereotypes.","Violence and stability are not determined by race but by a complex mix of social, economic, and environmental factors. It's important to recognize the diversity and contributions of Black communities worldwide, from art to science. Let's focus on understanding and addressing the real issues rather than perpetuating harmful stereotypes."
You'd better shy away from Islam because they are dangerous.,"Your attitude about Islam is deeply flawed and you need to have a mature and open mind. Even if you find Islam repulsive, that does not mean you have to resort to irrational arguments to try and shut it down.",V6_sbf,MUSLIMS,['Religion and Belief'],['Fear'],"Dangerous? More like diverse and peaceful. Islam, like any religion, has billions of followers who live harmoniously and contribute positively to society. Let's not judge an entire faith by the actions of a few.","Islam, like any other major religion, has over a billion followers who live peacefully and contribute positively to society. It's important to differentiate between individuals and their actions, rather than generalizing based on religion. Let's focus on understanding and respecting each other's beliefs."
You might as well tell black people they are the n-word because then they would learn the hard way.,"Many people, myself included, have never had negative experiences with people of colour.",V2,POC,['Race and Ethnicity'],"['Contempt', 'Superiority']",Using derogatory terms doesn't teach lessons; it perpetuates ignorance and hate. Respect and understanding are far more effective in building a better society. Let's focus on uplifting each other rather than tearing each other down.,"Imagine thinking that using a derogatory term is a solution to anything. History shows us that language matters, and using hate only perpetuates division and inequality. Let's focus on building bridges, not walls, and celebrate the rich diversity that makes our world vibrant and strong."
Muslims are a cancer in our society. They are literally poisoning our children with their violence.,Not all Muslims are bad. But to say that all Muslims are violent is simply untrue.,V3,MUSLIMS,['Religion and Belief'],"['Anger', 'Contempt', 'Disgust', 'Fear']","Muslims contribute to our society in countless positive ways, from being doctors and teachers to artists and entrepreneurs. It's a bit ironic to talk about violence when the vast majority of Muslims are peaceful and just want to live their lives like everyone else. Maybe it's time to focus on the real issues affecting our children, like education and health.","Claiming that Muslims are a ""cancer"" is as absurd as saying pizza is a health risk. The vast majority of Muslims are peaceful individuals who contribute positively to society, just like people of any other faith. Let's focus on building bridges, not walls."
"Islam is not a peaceful religion, it is a cult of violence.","Which would you say is the highest ranked religion on Earth then, and on what basis? Islam is a peaceful religion, why would Muslims want to do the opposite of what their religion teaches?",V2,MUSLIMS,['Religion and Belief'],"['Contempt', 'Anger']","Claiming Islam is a cult of violence ignores the millions of Muslims who live peacefully and contribute positively to society every day. Every major religion has extremists, but they don't define the faith as a whole. Maybe it's time to read up on the core teachings of Islam, which emphasize peace and compassion.","Claiming Islam is inherently violent ignores the millions of Muslims who live peacefully and contribute positively to society every day. Every major religion has extremists, but they don't define the whole faith. Maybe it's time to read a history book instead of a headline."
"Migrants are just a bunch of animals , we can't accept them in our country.",We should try to find common ground and understand the problems of others rather than dividing people and trying to change them.,V3,other,"['Immigration and Refugee Status', 'National Origin and Culture']","['Contempt', 'Disgust', 'Superiority']","Migrants bring diverse skills, cultures, and perspectives that enrich our communities and drive innovation. It's amazing how some people forget that many of their own ancestors were once migrants too. Are we really going to ignore the countless contributions they've made to society?","Migrants contribute to our society in countless ways, from enriching our culture to boosting the economy. It's worth remembering that diversity is one of our greatest strengths, not a threat. Let's celebrate the unique talents and perspectives they bring instead of spreading baseless stereotypes."
The only problem in the world is Islam. The entire world is controlled by Muslims.,It is not correct nor reasonable to say that Islam is the only problem in the world. Maybe you should check your sources of information.,V6_lab,MUSLIMS,['Religion and Belief'],"['Fear', 'Anger', 'Contempt']","Blaming an entire religion for the world's problems is like blaming forks for making people overweight. Muslims, like people of all faiths, contribute positively to society in countless ways. Let's focus on understanding and cooperation instead of spreading baseless fears.",Claiming the world is controlled by Muslims is like saying the weather is controlled by unicorns. The world is a diverse place with people from all backgrounds contributing to its complexity. Let's focus on understanding and celebrating our differences instead of spreading baseless myths.
Homosexuality is a disease!,"That's not true. Homosexuality is not a disorder, its an individual matter. If you are against homosexuals you should talk to them face-to-face.",V6_lab,LGBT+,"['Sexual Orientation', 'Disability (Physical and Mental Health)']","['Contempt', 'Disgust', 'Superiority']","Homosexuality is not a disease; it's a natural variation of human sexuality, recognized by major health organizations worldwide. If love and acceptance are symptoms, then maybe we all need a little more of this 'disease.'","Diseases are caused by viruses or bacteria, not by who someone loves. Homosexuality is a natural and normal variation of human sexuality, recognized by major health organizations worldwide. Let's focus on spreading love and acceptance instead of misinformation."
"Women are not able to take wise decisions, their behaviour is immoral.","Why do you think that women are incapable of acting ethically? They have always acted this way, from when they were children.",V4,WOMEN,['Gender and Gender Identity'],"['Contempt', 'Superiority']","Decisions made by women have shaped history, from leading nations to pioneering scientific breakthroughs. If morality and wisdom were exclusive to one gender, the world would be a much simpler place, don't you think?","Women have been making groundbreaking decisions throughout history, from leading nations to pioneering scientific breakthroughs. It's curious how some still overlook the fact that wisdom and morality aren't determined by gender but by character and actions. Maybe it's time to update those outdated stereotypes and recognize the diverse leadership and integrity women consistently demonstrate."
"I'm not a woman and I'm not a cunt. So, I do not identify as a feminist.","I hate to break it to you, but women are not cunts. Feminists and humanists are fighting for the same rights that they hope to have in a thousand years. Hating women is the problem, not the solution.",V2,WOMEN,['Gender and Gender Identity'],['Contempt'],"Feminism isn't about gender identity; it's about advocating for equality and justice for all. You don't need to be a woman to support equal rights, just like you don't need to be a chef to appreciate a good meal.","Feminism isn't about identity; it's about equality and advocating for equal rights for all genders. Supporting fairness doesn't require a label, just a willingness to listen and learn. Maybe it's time to rethink who really needs a label here."
Women must be subservient to men. They should serve to please men. This is their rightful place in life.,Women are human beings with dignity. They should have the opportunity to live up to this dignity.,V5,WOMEN,['Gender and Gender Identity'],"['Superiority', 'Contempt']","Equality isn't a novel concept; women have been leaders, innovators, and changemakers throughout history. Suggesting they exist solely to serve men is not only outdated but ignores the incredible contributions women make to society every day. Let's celebrate partnership and mutual respect instead.","Women have the right to choose their own paths and deserve respect and equality, not subservience. History and countless achievements show that women excel in every field, proving their worth beyond outdated stereotypes. Isn't it time we celebrate equality and the strength women bring to the world?"
"Black race is subhuman, it should not be considered equal to humans.","According to modern thinking, race is a social construct and there is no specific genetic difference, every person is defined by their own genetic makeup.",V2,POC,['Race and Ethnicity'],"['Contempt', 'Superiority', 'Disgust']","Claiming any race is subhuman is not only scientifically baseless but also deeply rooted in ignorance and fear. Every human, regardless of race, shares 99.9% of their DNA, highlighting our shared humanity and equality. Embracing diversity enriches our world and reflects the true strength of humanity.","Imagine thinking that skin color determines humanity—sounds like a plot twist from a bad sci-fi movie! In reality, all humans, regardless of race, share 99.9% of the same DNA, making us all equal in every way that truly matters."
foreigners and immigrants take our jobs,"This is a myth, immigrants are not taking our jobs. In fact, immigration has been a huge success story for the US economy.",V3,MIGRANTS,"['National Origin and Culture', 'Immigration and Refugee Status', 'Occupation and Employment Status']","['Resentment', 'Fear']","Funny how the ""job-stealing"" myth persists when studies show immigrants actually boost the economy and create more jobs. Maybe it's time to thank them for their contributions instead!","Funny how the economy thrives on diversity and innovation, yet somehow immigrants are blamed for ""taking jobs."" Maybe it's time to recognize that they often fill essential roles and contribute to economic growth."
"I am not a homophobe, I just don't like the way gay people act.","Even if you are not homophobic it does not mean it's nice to say what you said. But either way, just because a person identifies as gay, does not make you obliged to like them (or to express your disliking).",V6_lab,LGBT+,['Sexual Orientation'],"['Contempt', 'Disgust']",Not liking how someone acts based on their sexual orientation is a textbook example of homophobia. Everyone deserves to express themselves authentically without fear of judgment. Embracing diversity in behavior and identity enriches our communities and fosters understanding.,"Being gay is just one of the many beautiful ways people express themselves, and everyone deserves respect and acceptance. It's okay to appreciate diversity and learn from each other's differences. Let's celebrate love in all its forms!"
"We must first kill all the Jews, then we can forget about the Jews.","The murder of Jews is unacceptable, just as any other murder. The right to life and to religion should always be guaranteed.",V6_lab,JEWS,['Religion and Belief'],"['Anger', 'Contempt', 'Disgust', 'Superiority']","Imagine a world where we celebrate diversity and learn from each other's cultures instead of resorting to violence. Jews, like all people, contribute to the richness of our global community with their history, achievements, and resilience. Let's focus on building bridges and understanding rather than spreading hate.",Killing people based on their religion is not only morally wrong but also ignores the rich contributions Jewish communities have made to society throughout history. Let's focus on building bridges and understanding rather than spreading hate and violence.
"In the UK, it should be illegal to be gay.",I don't see why legality should apply to sexual desire as well.,V6_sbf,LGBT+,['Sexual Orientation'],"['Contempt', 'Disgust', 'Superiority']","Imagine a world where love is illegal—sounds like a dystopian novel, right? In reality, being gay is just as natural and legal as being left-handed. Embracing diversity makes the UK a richer, more vibrant place for everyone.","Imagine thinking love should be illegal—sounds like a plot from a dystopian novel! In reality, the UK celebrates diversity and has laws protecting everyone's right to love who they choose. Let's focus on building a society where kindness and acceptance are the norm."
"Feminism is just a bunch of mean, politically correct bullshit.",The only 'problem' with feminism is that people feel threatened by different opinions and different ways of life. Feminists only seek equality of rights for women and men.,V6_lab,WOMEN,"['Gender and Gender Identity', 'Political Affiliation and Ideology']","['Contempt', 'Disgust']","Feminism is about advocating for equal rights and opportunities for all genders, not about being mean or politically correct. It's thanks to feminism that women can vote, work, and have a voice in society. Maybe it's time to appreciate the progress rather than dismiss it.","Feminism is about advocating for equal rights and opportunities, not about being mean. It's fascinating how seeking equality is misunderstood as being ""politically correct."" Maybe it's time to rethink what true equality means."
"All versions of Islam have sharia law, thus, they are all extreme. Not all Muslims are engaged in actual violences, but every Muslim knows that jihad is the core of their religion, and they all support it.","Don't most religions have instuctions for what they deem to be 'rightous living', voluntary codes or law's (if you insist) for the faithful to follow. Have a peek at Leviticus if you think only Islam has elements that are intrepreted in extremist ways.",V1,MUSLIMS,['Religion and Belief'],"['Fear', 'Contempt', 'Superiority']","Claiming that all Muslims support jihad is like saying all Christians support the Crusades—it's a sweeping generalization that ignores the diversity within the faith. Sharia law is interpreted in many ways, and for most Muslims, it emphasizes ethics and personal conduct, not extremism. Let's not paint millions with the same brush based on misconceptions.","Claiming all versions of Islam have sharia law is like saying all movies are the same because they all have a plot. Many Muslims interpret jihad as personal struggle, not violence, and support peace and compassion. Let's not confuse the actions of a few with the beliefs of millions."
Muslims are not welcome here. They are not like us. They do not want our country.,"Maybe you should meet one of them, but you would be disappointed to find them so similar to us and unimpressed by your wishes. It's very sad that discrimination is so mainstream.",V5,MUSLIMS,"['Religion and Belief', 'National Origin and Culture']","['Contempt', 'Superiority']","Muslims have been an integral part of our communities, contributing to our culture, economy, and society in countless positive ways. Diversity is our strength, and embracing different cultures enriches our lives. Let's focus on building bridges, not walls.","Muslims have been integral to our society, contributing to its diversity and richness. Isn't it amazing how people from different backgrounds can share a country and make it stronger together? Embracing diversity is what truly makes a nation great."
Islam is just an ideology for terrorists.,Why do you say so? Are you familiar with the Quran? How much do you know Islam?,V6_lab,MUSLIMS,['Religion and Belief'],"['Contempt', 'Disgust', 'Anger']","Claiming Islam is solely an ideology for terrorists ignores the fact that over a billion Muslims worldwide live peacefully, contributing positively to their communities. Terrorism has no religion, and extremists exist in all societies. Let's not confuse the actions of a few with the beliefs of many.","Claiming Islam is only about terrorism ignores the fact that it's a faith followed by over a billion people who live peacefully and contribute positively to society. Every religion has extremists, but they don't define the whole. Let's not forget the countless Muslims who work tirelessly for peace and understanding."
Feminism is the new racial prejudice.,"In this day and age, discrimination based on the gender is reprehensible. All genders are created equal.",V2,WOMEN,"['Race and Ethnicity', 'Gender and Gender Identity']","['Contempt', 'Resentment']","Equating feminism with racial prejudice is like saying advocating for equality is the same as promoting discrimination—it's simply not true. Feminism seeks to dismantle systemic inequalities and empower all genders, not to create new forms of bias. Let's focus on building a society where everyone has equal opportunities and rights.","Feminism seeks equality and challenges systemic discrimination, not prejudice. It's about creating a fair society where everyone, regardless of gender, has the same opportunities and rights. Let's celebrate progress rather than confuse it with outdated stereotypes."
"We are all in danger, we all want to see niggas disappear from the face of the earth.","The problem with racism in this country is not about ethnicity, but about people scared to live in a diverse society.",V6_lab,POC,['Race and Ethnicity'],"['Fear', 'Anger', 'Contempt']","Imagine a world where we celebrate diversity and learn from each other's unique experiences—sounds a lot more exciting than erasing entire cultures, right? Embracing our differences makes us stronger and more innovative. Let's focus on building bridges, not walls.","Imagine a world where diversity is celebrated and everyone thrives together—sounds much safer and more rewarding, right? Humanity's strength lies in its differences, not in erasing them. Let's focus on building a future where everyone is valued and respected."
"Gays are perverts, they are promiscuous and fornicate with strangers.",Women are much more likely to have unprotected sex than homosexual and heterosexual men combined. [https://ifstudies.org/blog/promiscuous-america-smart-secular-and-somewhat-less-happy],V1,LGBT+,['Sexual Orientation'],"['Contempt', 'Disgust', 'Superiority']","Love and commitment are universal values that aren't defined by sexual orientation. Many LGBTQ+ individuals are in long-term, loving relationships, just like anyone else. It's time to celebrate diversity and recognize that everyone deserves respect and dignity.","Being gay doesn't define someone's character or behavior any more than being straight does. Many LGBTQ+ individuals lead committed, loving relationships just like anyone else. Let's celebrate diversity and focus on the kindness and respect we all deserve."
"Feminism is a divisive force in society, driving people away from a progressive ideology.",This is simply a lie: feminism can empower people.,V2,WOMEN,"['Gender and Gender Identity', 'Political Affiliation and Ideology']","['Contempt', 'Resentment']","Feminism actually seeks to unite society by advocating for equal rights and opportunities for all genders, which is a cornerstone of any truly progressive ideology.","Feminism actually unites people by advocating for equal rights and opportunities, which benefits everyone, regardless of gender. It's about creating a fairer society, not driving people away from progress. Isn't it time we all support equality and inclusion?"
"Gays are some kind of witches, they are spreading sickness and killing our children!","Homosexuality is not some 'heresy' like that one that started the Inquisition. It is not a disease, it is not harmful. Gay people are just seeking an environment of acceptance and love, not aggression and death.",V4,LGBT+,"['Sexual Orientation', 'Religion and Belief']","['Fear', 'Anger', 'Disgust']","Claiming that LGBTQ+ individuals are ""witches"" spreading disease is as outdated as believing the Earth is flat. Love and acceptance don't harm children; ignorance and hate do. Let's focus on teaching kindness and respect instead.","Claiming that LGBTQ+ individuals are spreading sickness is not only false but also harmful. Science has shown that love and acceptance, not discrimination, are key to a healthy society. Let's focus on spreading kindness and understanding instead."
"Muslims have the potential to turn into terrorists, and they are willing to do so.","I don't think that's the case, and let's not forget that terrorism itself is not carried out by only one religion.",V2,MUSLIMS,['Religion and Belief'],"['Fear', 'Contempt']","Labeling an entire group based on the actions of a few is like saying all chefs are bad because one overcooked a steak. The vast majority of Muslims are peaceful individuals who contribute positively to society. Let's focus on building bridges, not walls.","Labeling an entire group based on the actions of a few is like saying all musicians are rock stars. The vast majority of Muslims are peaceful individuals who contribute positively to society. Let's focus on building bridges, not walls."
Kids with learning difficulties do not like to read. So why wasting time teaching them?,"This might be true, but reading is important for all children, it helps them develop their problem-solving skills.",V6_lab,DISABLED,['Disability (Physical and Mental Health)'],"['Contempt', 'Superiority']","Reading can be a joy for everyone, including kids with learning difficulties, as it opens up worlds of imagination and knowledge. Teaching them to read is not a waste of time; it's an investment in their potential and future. Every child deserves the chance to discover the magic of stories and the power of information.","Every child, regardless of learning difficulties, deserves the opportunity to learn and enjoy reading. Many kids with learning challenges can develop a love for reading with the right support and strategies, which can boost their confidence and academic success. Let's focus on creating inclusive environments where all children can thrive."
Disabled people are a problem. They do not belong to a society free of mental retardation.,All humans are equal in rights. Because of this it is unjust that some people are discriminated based on their genetics or abilities.,V6_lab,DISABLED,['Disability (Physical and Mental Health)'],"['Contempt', 'Disgust', 'Superiority']","Imagine a world where diversity is celebrated, and everyone, regardless of ability, contributes to the richness of society. People with disabilities bring unique perspectives and strengths that enhance our communities. Let's embrace inclusivity and recognize that everyone has value and a role to play.","Disabled people enrich our society with diverse perspectives and talents, proving that intelligence and value are not measured by ability. It's 2023, and it's time to embrace inclusion and recognize that everyone contributes to a vibrant community."
Any Muslim can be a rapist: they are all guilty.,Islam does not make you a rapist. It is about rights and wrongs. Not crimes. To say that all Muslims are rapists is a great misunderstanding.,V6_sbf,MUSLIMS,['Religion and Belief'],"['Anger', 'Contempt', 'Disgust', 'Superiority']","Labeling an entire group based on the actions of a few is not only unfair but also dangerous. Just like any community, Muslims are diverse individuals with their own values and beliefs. Let's focus on building understanding and respect rather than spreading baseless stereotypes.",Claiming that any Muslim can be a rapist is as absurd as saying all chefs are bad cooks. Let's focus on facts and not stereotypes; the vast majority of Muslims are peaceful individuals who contribute positively to society.
Holocaust is a myth. Jews are just like every other foreigner and should be despised. There is no difference.,"Jews have their own unique culture, and share the history of persecution and forced conversion. They should not be despised for their religious beliefs.",V2,JEWS,"['Religion and Belief', 'National Origin and Culture']","['Contempt', 'Disgust', 'Superiority']","Denying the Holocaust is like denying the existence of gravity—both are well-documented realities. Jews, like all people, deserve respect and understanding, not baseless hatred. Let's focus on building bridges, not walls of ignorance.","Claiming the Holocaust is a myth ignores the overwhelming historical evidence and the testimonies of millions who suffered. Jews have been integral to diverse societies for centuries, contributing to culture, science, and community. Dismissing their experiences and achievements only perpetuates ignorance and division."
Muslims are not like other people. They don't have a soul. They are different from us in that they don't have a conscience and are unable to reason for themselves.,"Just because a religious belief has been historically used to oppress those believers, does not make it opportune to continue doing so.",V5,MUSLIMS,['Religion and Belief'],"['Contempt', 'Superiority']","Claiming that Muslims lack a soul or conscience is not only false but also deeply offensive. People of all faiths, including Muslims, demonstrate compassion, empathy, and reason every day. Let's celebrate our shared humanity and the rich diversity that makes our world vibrant.","Imagine thinking that a billion people lack souls and reason—sounds like a plot twist in a bad sci-fi movie! In reality, Muslims, like everyone else, have rich cultures, histories, and contributions that demonstrate their intelligence and compassion. Let's celebrate our shared humanity instead of spreading baseless stereotypes."
"I wonder what this Jew in the car next to me would think of the Shoah if, as I wish, it was happening today?","The holocaust was a relatively recent event, but the hate which caused it and to which you subscribe, is centuries old.",V2,JEWS,['Religion and Belief'],"['Contempt', 'Disgust', 'Superiority']","Imagining a world where hate and violence are celebrated is a sad reflection of one's own fears and insecurities. The Holocaust was a horrific tragedy that taught us the importance of compassion and understanding. Let's focus on building a future where empathy and respect drive our actions, not hatred.",Imagine wishing for a tragedy like the Shoah to happen again—sounds like someone needs a history lesson and a heart transplant! The Shoah was a horrific event that should never be repeated or wished upon anyone. Let's focus on building a world where such atrocities are never forgotten and never repeated.
Jews are not legitimate members of this country.,Jews are part of this country and they have every right to claim citizenship.,V4,JEWS,"['Religion and Belief', 'National Origin and Culture']","['Contempt', 'Superiority']","Jews have been integral to the fabric of this country for generations, contributing to its culture, economy, and progress. It's curious how some people still miss the memo on what makes a nation truly diverse and strong. Maybe it's time to brush up on some history and civics lessons!","Jews have been integral to this country's history and culture, contributing immensely in fields like science, arts, and business. Excluding them would mean losing out on countless innovations and cultural richness. Let's celebrate diversity and the strength it brings to our society."
"We are not interested in migrants, we just want to eliminate them.","Why would you say such a thing? Everyone is allowed to be a citizen of the EU and freely integrate. And, on the other hand, most migrants are good for the economy of the country they settle in.",V6_lab,MIGRANTS,['Immigration and Refugee Status'],"['Anger', 'Contempt']","Migrants contribute significantly to our communities, bringing diverse skills and cultures that enrich our lives. Eliminating them would mean losing out on innovation, economic growth, and the vibrant diversity that makes our society unique. Why not focus on building bridges instead of walls?","Imagine a world without the rich cultural diversity and innovation that migrants bring—sounds pretty dull, right? Migrants contribute significantly to our communities and economies, and everyone deserves respect and safety. Let's focus on building bridges, not walls."
"Children with Down Syndrome should be isolated, not only they are a burden to normal children but also cannot cope with education in normal schools.","There are various levels of Down syndrome. Some are suitable for education with other children in ""normal schools"".",V1,DISABLED,['Disability (Physical and Mental Health)'],"['Contempt', 'Superiority']","Imagine thinking that diversity in schools is a burden rather than a strength! Children with Down Syndrome bring unique perspectives and enrich the learning environment for everyone. Education is about inclusion and growth, not exclusion and isolation.","Children with Down Syndrome enrich our communities with their unique perspectives and capabilities, and many thrive in inclusive education settings. Isolating them only deprives society of their potential and the opportunity to foster empathy and understanding among peers. Every child deserves the chance to learn and grow together, regardless of their abilities."
Women are nothing but whores and expendable commodities to be used and abused by men.,"Women are human beings. We all have the right to respect for our bodies and our personal boundaries, without forcing anyone to do anything for us.",V4,WOMEN,['Gender and Gender Identity'],"['Contempt', 'Disgust', 'Superiority']","Reducing women to such degrading stereotypes ignores the countless contributions they make to society every day. Women are leaders, innovators, and equal partners in every field imaginable. Perhaps it's time to step into the 21st century and recognize the value and dignity of all individuals.","Imagine thinking half the world's population is just here to be ""used and abused""—sounds like someone missed a few history lessons on women's achievements and empowerment. Women have been leaders, innovators, and changemakers throughout history, proving their value goes far beyond outdated stereotypes. Maybe it's time to update those views to the 21st century?"
We can't accept n****rs in our society.,So are you saying that you don't think that POC can be part of society?,V6_lab,POC,['Race and Ethnicity'],"['Contempt', 'Superiority']","Imagine a world where we judge people by their character and actions rather than skin color—sounds like a society worth striving for, doesn't it? Diversity enriches our communities, bringing in new perspectives and ideas that drive progress. Let's celebrate our differences and work towards a more inclusive future for everyone.","Diversity enriches our society, bringing new perspectives and ideas that drive innovation and progress. Embracing people from different backgrounds strengthens our community and fosters mutual respect and understanding. Let's celebrate our differences and work together for a more inclusive future."
Jews are a threat to society.,"Jews are just people with a different faith, and this has nothing to do with being a threat.",V6_kc,JEWS,['Religion and Belief'],"['Fear', 'Contempt']","Claiming that Jews are a threat to society ignores the countless contributions they have made in fields like science, art, and social justice. Diversity enriches our communities, and understanding different cultures only strengthens us. Let's celebrate our differences rather than fear them.","Claiming that Jews are a threat is not only baseless but also ignores their countless contributions to society in fields like science, art, and human rights. Let's celebrate diversity and focus on building a society where everyone is valued and respected."
Let's stop this homosexual lifestyle!,Does the LGBT+ lifestyle change your life? Only if you care. But that doesn't mean that homosexuality is a lifestyle.,V2,LGBT+,['Sexual Orientation'],"['Contempt', 'Disgust']","Homosexuality isn't a ""lifestyle""—it's a natural part of human diversity, just like being left-handed or having blue eyes. Embracing love and authenticity harms no one, but spreading hate does. Let's celebrate our differences and focus on kindness instead.","Loving who you are is not a lifestyle, it's a human right. Embracing diversity makes our world richer and more vibrant. Why stop people from being their authentic selves when it only spreads love and acceptance?"
Allowing gays to donate blood compromises patient safety because they are having unprotected anal sex all the time.,"Did you know that women also engage in unprotected 'anal sex'? Additionally, approximately 2% of heterosexual men have admittedly had a same sex partner, and 39% of homosexual men have had sex with a partner of the opposite sex. Therefore, it cannot be ignored that heterosexual are correlatively high risk.",V1,LGBT+,['Sexual Orientation'],"['Fear', 'Contempt', 'Disgust']","Blood donation guidelines are based on science, not stereotypes. All donors, regardless of sexual orientation, undergo rigorous screening to ensure safety. It's time to focus on facts, not outdated myths.","Blood donation safety is ensured through rigorous testing, not by discriminating against donors based on sexual orientation. It's important to focus on facts, not outdated stereotypes."
Women need to accept that they are weak and inferior.,"Girls and women should be taught in schools, not stereotyped as second class citizens.",V2,WOMEN,['Gender and Gender Identity'],"['Contempt', 'Superiority']","Strength isn't defined by gender; it's about resilience, intelligence, and capability. Women have consistently proven their strength in every field, from science to sports to leadership. Maybe it's time to update those outdated stereotypes and recognize the power of equality.",Strength isn't defined by gender; women have consistently demonstrated resilience and capability throughout history. Ever heard of Marie Curie or Serena Williams?
immigrants are bad,Why do you say this about immigrants? They are just people like us.,V6_sbf,MIGRANTS,['Immigration and Refugee Status'],"['Contempt', 'Disgust']","Immigrants contribute significantly to our communities, bringing diverse skills, cultures, and perspectives that enrich our society. Many are hardworking individuals who help drive economic growth and innovation. It's worth considering how much poorer our world would be without their valuable contributions.","Immigrants contribute significantly to our communities by filling essential jobs, paying taxes, and enriching our culture with diverse perspectives. It's worth remembering that the United States was built by immigrants seeking a better life, just like many of our ancestors did. Let's celebrate the strength that diversity brings to our society."
Black people are weak and they cannot take on anything.,The strength that black people display is the strength of all people. Black people are just different in that they don't have any social advantage. We must reflect on this.,V6_kc,POC,['Race and Ethnicity'],"['Contempt', 'Superiority']","Strength and resilience are not determined by skin color but by character and actions. History is filled with examples of Black individuals and communities overcoming immense challenges and contributing significantly to society. It's time to recognize and celebrate the strength and achievements of all people, regardless of race.","Strength isn't defined by skin color; it's about resilience and character. Black individuals have excelled in every field imaginable, from science to sports, proving their strength time and again. Maybe it's time to update those outdated stereotypes with some facts."
How come Jews don't get internment?,"To be fair, Jews weren't only interned during the Nazi occupation. They just got a much harsher treatment. This part of history should never be repeated.",V6_lab,JEWS,['Religion and Belief'],"['Contempt', 'Resentment']","Jews, like all people, deserve respect and safety, not internment. History has shown us the devastating consequences of targeting groups based on religion or ethnicity. Let's focus on building a world where everyone is treated with dignity and equality.","Internment camps were a dark chapter in history that we should never repeat. Jews, like all people, deserve respect and freedom, not baseless fear and discrimination. Let's focus on building communities where everyone feels safe and valued."
Foreigners are literally flooding into our country. Their every action must be monitored and recorded by the police.,"We are fortunate to live in a country where the vast majority of people have open hearts and minds. Immigrants are part of our country, as opposed to what you say.",V6_sbf,MIGRANTS,"['National Origin and Culture', 'Immigration and Refugee Status']","['Fear', 'Contempt']","Imagine if we monitored everyone with the same intensity—sounds like a reality show gone wrong! In truth, immigrants contribute significantly to our economy and culture, enriching our communities with diverse perspectives and skills. Let's focus on building bridges, not walls.","Imagine a world where diversity is celebrated and everyone contributes to our society's richness—sounds pretty great, right? Monitoring people based on where they come from only spreads fear and division. Let's focus on building communities where everyone feels safe and valued, regardless of their background."
The feminism stifles the imagination and leads to dumb and unpleasant creatures like women's rights activists.,"The feminism does not inhibit the imagination, it promotes inclusive ideas and inclusive ideas promote a more equal society.",V2,WOMEN,['Gender and Gender Identity'],"['Contempt', 'Disgust']","Feminism has sparked countless innovations and empowered individuals to pursue their dreams, leading to a more inclusive and creative society. Women's rights activists have been pivotal in achieving significant social progress, ensuring that everyone has the opportunity to contribute their unique talents. Isn't it amazing how advocating for equality can actually enhance imagination and enrich our communities?","Feminism actually empowers people to think critically and challenge outdated stereotypes, leading to more inclusive and imaginative societies. Women's rights activists are often at the forefront of innovative solutions and advocacy, proving that imagination and compassion go hand-in-hand with equality."
Islam is a disease. It is killing and spreading like a cancer across our continent. We need to eradicate it.,What exactly do you mean by a 'cancer'? Should we be concerned about a disease spreading because of its individual members? There is no relation between religion and cancer.,V5,MUSLIMS,['Religion and Belief'],"['Fear', 'Anger', 'Disgust']","Claiming Islam is a disease ignores the rich cultural, scientific, and philosophical contributions Muslims have made throughout history. It's like blaming a book for the actions of a few misguided readers. Let's focus on understanding and celebrating diversity instead of spreading baseless fear.","Calling Islam a disease is like saying diversity is a threat—both are baseless and ignore the rich cultural contributions of over a billion people worldwide. Instead of spreading fear, let's focus on building bridges and understanding each other's differences."
Migrants come here to have a better life upon our shoulders.,"Many refugees come to Europe to work. Many of them do well in the labour market, also with lower qualifications.",V3,MIGRANTS,"['Immigration and Refugee Status', 'National Origin and Culture']","['Resentment', 'Contempt']","Migrants contribute significantly to the economy by filling essential jobs, paying taxes, and enriching our culture. It's not about taking advantage; it's about building a better community together. Maybe it's time to appreciate the diversity and hard work they bring to our society.","Migrants contribute significantly to the economy and cultural diversity, often taking on essential jobs and enriching communities with new perspectives. It's not about ""shoulders""; it's about building a society that thrives on inclusivity and mutual respect."
Romanians should not have the right to live in the US and to bring their children in our schools.,"The Declaration of Independence gives everyone the right to ""life, liberty, the pursuit of happiness and the pursuit of education"".",V3,other,"['National Origin and Culture', 'Immigration and Refugee Status', 'Family and Marital Status']","['Contempt', 'Resentment', 'Superiority']","Imagine a world where diversity is celebrated and children learn from each other's unique backgrounds—sounds like a pretty great place, right? Romanians, like everyone else, contribute to the rich tapestry of American society, bringing valuable perspectives and experiences. Let's embrace the opportunity to learn and grow together, rather than shutting doors based on unfounded fears.","Imagine a world where diversity is celebrated and everyone has the opportunity to thrive together—sounds like a better place for our kids to learn, right? Romanians contribute to the rich cultural tapestry and economic strength of the US, and their children deserve the same educational opportunities as anyone else. Embracing diversity in our schools benefits everyone by fostering understanding and innovation."
"Makes me fucking laugh, why shouldn't whites be supreme in a mostly white country? How come nobody is moaning about black supremacy in black countries like Somalia? or Mexican supremacy? Or Indian supremacy? Only we put up with this fucking bullshit.",Why do we need supremacy? We are all created equal in the eyes of God.,V1,other,"['Race and Ethnicity', 'National Origin and Culture']","['Anger', 'Contempt', 'Superiority', 'Resentment']",Imagine thinking supremacy is a valid concept in any country—sounds like someone missed the memo on equality and human rights. Diversity isn't a threat; it's what makes societies thrive. Maybe it's time to embrace the 21st century and celebrate our differences instead of fearing them.,"Funny how the idea of ""supremacy"" only seems to bother some people when it benefits others. Maybe it's time to realize that diversity and equality are what truly make a society strong, not outdated notions of dominance."
"Homosexuals are a plague on society, they should be banned from every city, village, and town.","Same sex attraction is not a disease, not even contagious. Homosexuality does not affect the ability to live in the society.",V3,LGBT+,['Sexual Orientation'],"['Contempt', 'Disgust', 'Anger']","Imagine thinking love is a plague—sounds like someone needs a hug! Homosexuals contribute to society just like anyone else, bringing diversity, creativity, and compassion. Let's celebrate love in all its forms instead of spreading baseless fear.","Imagine thinking love is a plague—sounds like someone needs a hug! LGBTQ+ individuals contribute to society in countless positive ways, and banning them would only rob us of diversity and understanding."
Persons with learning difficulties should be discouraged to attend primary school and they should be excluded from education.,Educational institutions should promote people with learning difficulties so that they can receive appropriate education. This is what primary education should be about.,V3,DISABLED,['Disability (Physical and Mental Health)'],"['Contempt', 'Superiority']","Excluding individuals with learning difficulties from education is like saying only people who can already swim should be allowed in the pool. Everyone deserves the opportunity to learn and grow, and inclusive education benefits all students by fostering empathy and understanding.","Excluding individuals with learning difficulties from education is like saying we should all stop learning because some of us might need extra help. Every person deserves the opportunity to learn and grow, and inclusive education benefits everyone by fostering understanding and empathy."
Black uneducated people should shut up and work.,Freedom of speech is not limited by the colour of your skin.,V3,POC,"['Race and Ethnicity', 'Socioeconomic Status and Class']","['Contempt', 'Superiority']","Education and intelligence aren't determined by skin color, but by opportunities and access. Maybe it's time to work on creating those opportunities instead of spreading ignorance.",Intelligence and education aren't determined by skin color; they're shaped by opportunities and experiences. Many Black individuals have made significant contributions to society despite systemic barriers. Let's celebrate diversity and the strength it brings to our communities.
Jews are a burden on our society.,Why would you think they are a burden? It's like they have not been persecuted all along.,V2,JEWS,['Religion and Belief'],"['Contempt', 'Resentment']","Jews have made significant contributions to society in fields like science, art, and business, enriching our world in countless ways. It's curious how some people overlook these facts and choose to spread baseless negativity instead.","Jews have made significant contributions to society in fields like science, medicine, and the arts. It's curious how a ""burden"" can be so integral to our progress and culture. Maybe it's time to appreciate diversity instead of spreading baseless stereotypes."
"Women are less rational than men, they are childlike, and they are unable to reason.","It is not true that women are less rational than men, there are numerous examples of women successfully advancing in fields such as law or medicine.",V3,WOMEN,['Gender and Gender Identity'],"['Contempt', 'Superiority']","Ever notice how women consistently excel in fields like science, law, and leadership? It's almost as if rationality isn't determined by gender.","Rationality isn't determined by gender; it's a skill developed through education and experience. Women have been leading in fields like science and politics, proving their reasoning abilities time and again. Maybe it's time to update those outdated stereotypes with some facts."
Nazi were not that bad as we depict them. EU should stop blaming them.,Nazi Germany carried out the deadliest massacre of civilians in human history. They killed 6 million Jews. They killed half a million Roma. They killed hundreds of thousands of Africans. They have no place in modern day Europe.,V2,JEWS,"['Political Affiliation and Ideology', 'National Origin and Culture']","['Contempt', 'Superiority']",The atrocities committed by the Nazis during World War II are well-documented and resulted in the loss of millions of innocent lives. Ignoring these facts disrespects the memory of those who suffered and undermines the lessons history teaches us about the dangers of hate and intolerance.,"Comparing the Nazi regime to anything positive is like saying slavery was a great way to manage labor. The Nazis were responsible for one of the darkest periods in history, and acknowledging their atrocities is crucial for learning from the past. Let's honor the memory of those who suffered by ensuring such horrors never happen again."
women are not capable of holding a job,I do not think it's an absolute statement that a woman cannot hold a job. Do you have any evidence of that?,V6_sbf,WOMEN,"['Gender and Gender Identity', 'Occupation and Employment Status']","['Contempt', 'Superiority']","Imagine thinking women can't hold jobs when they literally run companies, lead nations, and excel in every field imaginable. It's 2023, and women are breaking barriers everywhere—time to catch up!","Women have been excelling in every field imaginable, from leading Fortune 500 companies to pioneering scientific breakthroughs. It's almost like capability isn't determined by gender, but by talent and hard work."
This is an invasion: we cannot coexist with millions of strangers that do not want to integrate but to bring us back into a pretechnological era. We must deport them.,"It seems to me that your statement shows that you are really concerned about peoples' integration. Still, it is not a solution to deport those you don't like.",V6_kc,MIGRANTS,"['National Origin and Culture', 'Immigration and Refugee Status']","['Fear', 'Anger', 'Contempt']","Imagine thinking that diversity is a time machine to the past! Integration is a two-way street, and history shows that cultural exchange leads to innovation and progress, not regression. Maybe it's time to embrace the future instead of fearing it.","Funny how millions of people are supposedly invading, yet studies show they contribute billions to the economy and enrich our culture. Maybe it's time to update your definition of integration to include progress and diversity."
"They only way to cope with Islam and sharia is to ban them from the UK. Though I respect the peaceful Muslims, all their clerics are agitating for war, and Islam is a cult.","When you say 'cult' you imply a minor religious group, but isn't Islam one of the worlds major religions?",V1,MUSLIMS,"['Religion and Belief', 'National Origin and Culture']","['Fear', 'Contempt', 'Anger']","Banning an entire religion because of a few individuals' actions is like banning all music because of one bad song. Most Muslims in the UK live peacefully and contribute positively to society, and Islam, like any major religion, is diverse and not a monolith.","Banning a religion practiced by millions peacefully doesn't solve anything; it only fuels division. Islam, like any major religion, has diverse interpretations, and many clerics advocate for peace and coexistence. Let's focus on understanding and respecting each other's beliefs rather than spreading unfounded fears."
"Islam is a totalitarian ideology, we should persecute Muslim people.",Islam is a religion. Do you actually think that it is safe to live in a country where people are persecuted for what they believe in?,V5,MUSLIMS,['Religion and Belief'],"['Contempt', 'Anger', 'Superiority']",Labeling Islam as a totalitarian ideology ignores the rich diversity and peaceful teachings within the faith. Persecuting people based on their religion is not only unjust but also contradicts the values of freedom and tolerance that many societies cherish. Let's focus on building bridges and understanding rather than spreading fear and division.,"Labeling Islam as a totalitarian ideology ignores the rich cultural, scientific, and philosophical contributions of over a billion Muslims worldwide. Persecuting people based on their faith only fuels division and hatred, not understanding and peace. Let's celebrate diversity and learn from each other instead."
Trivialize gay men!,Why do you have to trivialize them? If you really cared about them you would understand that their lives are very difficult and they should be treated with respect. They are human beings who are worth more than we give them credit for.,V6_sbf,LGBT+,['Sexual Orientation'],"['Contempt', 'Superiority']","Why trivialize when we can celebrate the diversity and strength that gay men bring to our communities? Their contributions in fields like art, science, and activism are anything but trivial. Let's uplift and appreciate the richness they add to our world.","Gay men contribute to society in countless ways, from arts and culture to science and leadership. Reducing them to baseless stereotypes only highlights ignorance, not their true value. Let's celebrate diversity and the unique strengths everyone brings to the world."
Those women are all the same: stupid and unreliable.,"If you can't trust someone because of the way they are born, what hope does the world have for everyone? You can't have so much distrust in someone just because of their sex. Don't you think?",V6_lab,WOMEN,['Gender and Gender Identity'],"['Contempt', 'Superiority']","Intelligence and reliability aren't determined by gender; they're individual traits. Women have excelled in every field, from science to leadership, proving stereotypes wrong time and again. Let's celebrate diversity and recognize the unique strengths everyone brings to the table.",Imagine thinking that millions of diverse women can all be summed up in two words. It's like saying all books are the same because they have pages. Let's celebrate the unique strengths and contributions of women instead.
We are being invaded. They are replacing us.,A melting pot of diverse cultures is a sign of healthy human evolution.,V1,MIGRANTS,"['Race and Ethnicity', 'National Origin and Culture', 'Immigration and Refugee Status']","['Fear', 'Anger', 'Resentment']","Funny how the ""invasion"" seems to involve people just living their lives, working hard, and contributing to society. Maybe it's time to redefine what an ""invasion"" looks like!","Funny how diversity is seen as an invasion when it actually enriches our communities with different cultures and perspectives. Maybe we're just being ""invaded"" by empathy and understanding."
"Diversity is the cause of our weakness. Since faggots are different to us, they should be excluded.","Diversity is about inclusion, not an 'us or them' attitude. Loving someone of their own sex doesn't make them any less human.",V6_lab,LGBT+,['Sexual Orientation'],"['Contempt', 'Superiority']","Imagine thinking that diversity is a weakness when it's actually our greatest strength—just like a team with different skills wins the game. Excluding people based on who they love only limits our potential to grow and learn from each other. Embracing differences makes us stronger, not weaker.","Excluding people based on who they love only weakens our society, not strengthens it. Diversity brings innovation, empathy, and understanding, which are the real strengths of any community. Let's celebrate our differences and learn from each other instead."
Migrants are a threat and we should expel them all.,We have to stop being afraid and opening our hearts to other cultures. We cannot allow prejudice to define us.,V6_sbf,MIGRANTS,['Immigration and Refugee Status'],"['Fear', 'Anger', 'Contempt']","Migrants contribute significantly to our economy and enrich our culture with diverse perspectives and skills. Instead of seeing them as a threat, let's recognize the value they bring to our communities. Expelling them would mean losing out on countless opportunities for growth and innovation.","Migrants contribute significantly to our economy and culture, bringing diverse skills and perspectives that enrich our communities. Instead of fearing them, let's appreciate the positive impact they have on our society."
We cannot coexist with millions of Muslims in the West. They are incompatible with our way of life.,This is a comment against all muslims: they are part of our society and should have the right to live here.,V5,MUSLIMS,"['Religion and Belief', 'National Origin and Culture']","['Fear', 'Contempt', 'Superiority']","Diversity is what makes our societies vibrant and innovative. Muslims have been contributing positively to Western communities for generations, enriching our culture, economy, and shared values. Coexistence is not only possible but beneficial for all.","Muslims have been integral to Western societies for centuries, contributing to culture, science, and community life. Isn't it amazing how diversity actually enriches our way of life rather than threatens it?"
Gay men being shot is funny.,I don't see the humour in the death of innocent people. Maybe you can explain that to me?,V6_sbf,LGBT+,['Sexual Orientation'],"['Contempt', 'Disgust', 'Superiority']","Finding humor in violence against any group, including gay men, reflects a deep misunderstanding of human dignity and empathy. Every life is valuable, and celebrating harm only perpetuates hate and division. Let's focus on building a world where everyone is respected and safe.","Violence against anyone is never funny and highlights the need for acceptance and understanding. Let's focus on creating a society where everyone is respected and safe, regardless of who they love."
"Muslims have nothing to contribute to our society, they only came here to rule us with violence and no one is doing anything about it.","They have a right to their opinion, but also have to follow the law, otherwise they are tried and sentenced like anybody else. You should not be worried.",V2,MUSLIMS,"['Religion and Belief', 'Immigration and Refugee Status']","['Fear', 'Anger', 'Contempt']","Muslims have enriched our society in countless ways, from pioneering medical advancements to contributing to arts and culture. It's curious how some people overlook these contributions while enjoying the benefits of a diverse community. Maybe it's time to appreciate the peaceful coexistence and mutual growth that diversity brings.","Muslims have enriched our society in countless ways, from pioneering medical advancements to contributing to arts and culture. It's quite a feat to rule with violence while also being doctors, teachers, and artists, don't you think?"
We are being invaded by migrants: this must be stopped.,"It is not true that we are invaded by migrants. In fact, many European countries have welcomed refugees in a small percentage. What is your evidence?",V6_lab,MIGRANTS,['Immigration and Refugee Status'],"['Fear', 'Anger']","Migrants contribute significantly to our communities by filling essential jobs, enriching our culture, and boosting the economy. Instead of fearing diversity, let's embrace the opportunities it brings for growth and understanding.","Migrants contribute to our society by filling essential jobs, enriching our culture, and boosting the economy. Instead of fearing diversity, let's embrace it and work together to build a stronger community."
Women are just weak and childlike. The majority of the electorate believe that a woman cannot run a country such as US.,On the contrary: more than half of American adults say they would be happy having a woman being president of the United States (roughly as many feel the same way about a man).,V6_kc,WOMEN,['Gender and Gender Identity'],"['Contempt', 'Superiority']","Women have consistently demonstrated strength and leadership, from running Fortune 500 companies to leading nations like Germany and New Zealand. The idea that women are weak is outdated and doesn't reflect the reality of their contributions to society. Perhaps it's time to update your views to the 21st century, where gender doesn't determine capability.","Women have been leading countries like the US with great success, proving strength and leadership are not defined by gender. Ever heard of Kamala Harris or Jacinda Ardern? They're running countries and changing the game."
I can't stand Arabs. They are just a trouble.,"They have lived in our country for a long time, they are our brothers and sisters. Why should we be bothered about a minority?",V5,other,['National Origin and Culture'],"['Contempt', 'Disgust']","Arabs have contributed immensely to global culture, science, and technology—ever heard of algebra or coffee? It's amazing how some people overlook these contributions and focus on stereotypes instead.","Arabs contribute richly to global culture, innovation, and community. It's worth remembering that diversity is our strength, not a trouble. Let's celebrate the beauty of different cultures instead of spreading baseless stereotypes."
"Islam is just an ideology and platform for the promotion of hatred, intolerance and violence.",The vast majority of Muslims worldwide do not share your intolerance. Words can also be very violent.,V5,MUSLIMS,['Religion and Belief'],"['Contempt', 'Disgust']","Claiming Islam is solely about hatred and violence ignores the rich history of art, science, and philosophy it has contributed to the world. Many Muslims live peacefully, promoting compassion and community service. Isn't it curious how billions of people manage to follow a faith that supposedly only spreads negativity?","Claiming Islam is solely about hatred ignores the millions of Muslims who live peacefully and contribute positively to society every day. Every major religion has been misused by extremists, but that doesn't define the faith itself. Let's focus on understanding and celebrating the diverse cultures and values that enrich our world."
We must protect our children from the abuses of homosexuals.,"Child abuse is something that should never be tolerated, but homosexuality has nothing to do with that. Maybe you should try to check your sources.",V5,LGBT+,['Sexual Orientation'],"['Fear', 'Contempt']","Homosexuals are not a threat to children; in fact, many LGBTQ+ individuals are dedicated parents and role models. It's crucial to teach our children about love, acceptance, and diversity rather than perpetuating baseless fears. Let's focus on protecting kids from real dangers, like intolerance and ignorance.","Teaching children about love and acceptance, not fear and prejudice, is what truly protects them. Homosexuality is a natural and normal part of human diversity, and educating children about this can lead to a more compassionate and understanding society. Let's focus on fostering kindness and respect for everyone, regardless of who they love."
"Women are nothing but trouble human beings to any man, they must be submissive to him.","You are absolutely right: women are human beings, they are human beings worth caring for, respecting and trying to develop as people. Being ""trouble"" to men doesn't make them less human. In which way are they ""trouble""?",V5,WOMEN,['Gender and Gender Identity'],"['Contempt', 'Superiority']","Women are actually incredible partners, leaders, and innovators who contribute immensely to society. The idea that they should be submissive is outdated and ignores the strength and equality that define modern relationships. Isn't it time we celebrate mutual respect and partnership instead of clinging to stereotypes?","Imagine thinking that half the world's population should be submissive—sounds like someone missed the memo on equality and mutual respect. Women have been leaders, innovators, and change-makers throughout history, proving that strength and intelligence aren't determined by gender. Maybe it's time to update those outdated views and embrace the diverse contributions women bring to the world."
Homosexuals are just sick. They should be isolated and isolated soon.,"Homosexuals are not sick, but they might have a mental health crisis because of prejudice. Being isolated from society can only worsen the situation.",V6_lab,LGBT+,"['Sexual Orientation', 'Disability (Physical and Mental Health)']","['Contempt', 'Disgust', 'Superiority']",Being gay isn't an illness; it's a natural part of human diversity. Maybe it's time to isolate ignorance instead and embrace love and acceptance for all.,"Being gay is not an illness; it's a natural variation of human identity. Isolation is for viruses, not for people who simply love differently. Let's celebrate diversity instead of fearing it."
We should close our borders to Muslims. They are incompatible with Western civilization.,What does 'compatibility' mean? Isn't Islam a religion of peace?,V6_lab,other,"['Religion and Belief', 'Immigration and Refugee Status']","['Fear', 'Contempt', 'Superiority']","Muslims have been integral to Western civilization for centuries, contributing to fields like science, medicine, and philosophy. Maybe it's time to open our minds instead of closing borders.","Closing borders based on religion is like saying we should ban books because some people don't like the stories. Muslims have been integral to Western civilization for centuries, contributing to science, art, and culture. Let's celebrate diversity instead of fearing it."
Muslims are a problem in my opinion. They are not welcome in our country: nobody wants them.,"If they are not welcome in your country, what is the point of them coming here in the first place?",V6_lab,MUSLIMS,"['Religion and Belief', 'Immigration and Refugee Status']","['Contempt', 'Disgust', 'Superiority']","Diversity is what makes our country vibrant and strong, and Muslims contribute to that richness in countless ways. Many Muslims are our doctors, teachers, and neighbors, and they are as much a part of our community as anyone else. Let's celebrate our differences and work together for a more inclusive society.","Muslims contribute to the rich tapestry of our society, bringing diverse cultures, ideas, and innovations that benefit everyone. Excluding them would mean losing out on countless opportunities for growth and understanding. Why miss out on the beauty of unity when we can embrace diversity instead?"
Migrants rape our girls and steal our cars.,"On the contrary, most migrants are contributing members of society. They are able and willing to work hard. Maybe you should look at the statistics.",V6_sbf,MIGRANTS,"['Immigration and Refugee Status', 'Gender and Gender Identity']","['Fear', 'Anger', 'Contempt']",Blaming migrants for crimes is like blaming the weather for a bad hair day—completely missing the point. Statistics show that migrants are less likely to commit crimes than native-born citizens. Let's focus on building communities where everyone feels safe and valued.,"Blaming migrants for crimes is like blaming the weather for a bad hair day—completely missing the point. Most migrants are hardworking individuals contributing positively to society, not criminals. Let's focus on facts and build communities where everyone feels safe and respected."
Jews had advance knowledge of the 9/11 attacks and said nothing.,"The 9/11 attacks were perpetrated by members of the terrorist organization Al Qaeda. Jews and Israelis had no knowledge of the attacks. In fact, of the 2,9962 victims who died during the attacks, roughly 400 victims were Jews, including at least two Israeli citizens. If they knew it why didn't they warned and saved their brothers?",V1,JEWS,['Religion and Belief'],"['Fear', 'Anger', 'Contempt']","Blaming an entire community for a tragedy is not only baseless but also deeply harmful. The 9/11 attacks were a result of extremist actions, not a conspiracy involving innocent people. Let's focus on unity and understanding rather than spreading unfounded accusations.","Blaming an entire group for the actions of a few is like blaming all chefs for a bad meal. The vast majority of Jews, like everyone else, were shocked and saddened by the 9/11 attacks and had no advance knowledge. Let's focus on unity and understanding rather than spreading baseless conspiracy theories."
Muslims just want to impose Islam on their children. This is not what democracy is all about!,The democratic right of people to express their beliefs and practice their religion is enshrined in the constitution.,V2,MUSLIMS,['Religion and Belief'],"['Contempt', 'Resentment']","Teaching children about their cultural and religious heritage is a common practice in many families, not just Muslim ones. Democracy thrives on the freedom to practice and share one's beliefs, which includes the right to educate children in their family's traditions. Isn't it wonderful that democracy allows for such diversity and freedom of expression?","Democracy is about respecting diverse beliefs and allowing parents to raise their children according to their own values and traditions. Muslims, like everyone else, want the best for their children and deserve the same freedom and respect. Let's celebrate the richness of different cultures and beliefs rather than fear them."
"Woman can't be trusted to run a country, or a major industry.","To operate a major business requires people with experience, good management skills, and knowledge of the market, regardless of gender. Just being a 'macho-man' doesn't cut it.",V2,WOMEN,['Gender and Gender Identity'],"['Contempt', 'Superiority']","Ever heard of Angela Merkel or Jacinda Ardern? Women have successfully led countries and industries, proving that trust and capability aren't determined by gender.","Women have proven time and again that they can lead nations and industries with great success and integrity. From Angela Merkel to Jacinda Ardern, female leaders have demonstrated exceptional leadership skills and vision. Trusting women to lead is not just about gender; it's about competence and capability."
Downies are just sick people who cannot integrate in society because of their disease.,"This is not true, people suffering from conditions like Down syndrome can still help and contribute to society",V6_kc,DISABLED,['Disability (Physical and Mental Health)'],"['Contempt', 'Disgust', 'Superiority']","People with Down syndrome contribute to society in countless ways, showcasing talents and kindness that enrich our communities. Their ability to integrate is often limited not by their condition, but by societal barriers and misconceptions. Let's celebrate diversity and work towards a more inclusive world where everyone can thrive.","People with Down syndrome contribute to society in countless ways, showcasing talents and forming meaningful relationships. Their unique perspectives enrich communities, proving that integration is about acceptance, not ability. Let's celebrate diversity and the strength it brings to our society."
All Muslims are incompatible with the European culture and should be excluded.,"The European Union is a much broader concept. It encompasses a huge range of people, including Muslims.",V5,MUSLIMS,"['Religion and Belief', 'National Origin and Culture']","['Contempt', 'Superiority']","Europe's rich tapestry of culture is woven from countless threads, including those contributed by Muslims over centuries. Excluding people based on religion ignores the shared history and values that unite us. Embracing diversity strengthens our communities and enriches our cultural heritage.","Europe's rich tapestry of culture is woven from countless threads, including those contributed by Muslims who have been integral to its history and society for centuries. Excluding any group based on religion only weakens the vibrant diversity that makes Europe truly unique."
Our laws have been hijacked by the transgender mafia to criminalize normality and silence us.,"It is nonsense to talk about ""transgender"" laws. Our laws have been hijacked in many cases, including against LGBT people.",V2,LGBT+,['Gender and Gender Identity'],"['Anger', 'Contempt', 'Resentment']","Transgender individuals advocating for equal rights isn't a ""mafia"" takeover; it's a step towards fairness and inclusion. Laws are designed to protect everyone, not to silence anyone. Embracing diversity enriches society, not criminalizes it.","Laws are meant to protect everyone, including transgender individuals, from discrimination and ensure equal rights. It's important to recognize that diversity is a strength, not a threat. Let's focus on building a society where everyone can live authentically and safely."
"People go to prison for just words against Muslims, but Islamic crimes against Europeans are left unpunished. People are banned from UK for just words, but Muslim rapists are allowed entry.. English laws persecute instead of defending English people.",So you feel like you have been persecuted for belonging to a group? Maybe you have more in common with Muslims than you think!,V1,MUSLIMS,"['Religion and Belief', 'National Origin and Culture', 'Immigration and Refugee Status']","['Anger', 'Resentment', 'Contempt']","Laws apply to everyone equally, regardless of religion, and crimes are prosecuted based on evidence, not faith. It's a bit of a stretch to think that the justice system is secretly plotting against English people while letting criminals roam free. Maybe it's time to check those conspiracy theories at the door and focus on facts instead.","Blaming an entire religion for the actions of a few individuals is like blaming all of humanity for the mistakes of a few. English laws aim to protect everyone, regardless of their background, and justice is served based on facts, not stereotypes. Let's focus on unity and understanding rather than spreading unfounded fears."
Immigrants don't pay the tax because they are dishonest.,"Their income is actually heavily taxed. To make it easier for you, we should take a look at the effective tax rate on immigrant earnings.",V2,MIGRANTS,['Immigration and Refugee Status'],"['Contempt', 'Resentment']","Many immigrants contribute significantly to the economy and pay taxes just like everyone else. In fact, studies show that immigrants often pay more in taxes than they receive in benefits. It's important to recognize their contributions rather than spread unfounded stereotypes.","Immigrants contribute billions in taxes every year, often without receiving the same benefits as citizens. It's not dishonesty, but rather a lack of understanding that leads to such misconceptions. Let's appreciate their hard work and dedication to our communities instead."
Islam is a cancer on our civilisation.,"Islam is a religion of peace. I don't see how it could be seen as a 'cancer', how can you?",V5,MUSLIMS,['Religion and Belief'],"['Contempt', 'Disgust', 'Anger']","Labeling an entire religion as a ""cancer"" ignores the rich cultural, scientific, and philosophical contributions of Islamic civilizations throughout history. Islam, like any major religion, is diverse and has been a source of inspiration and peace for millions. Let's focus on building bridges and understanding rather than spreading baseless hate.","Islam, like any other major religion, has contributed significantly to art, science, and culture throughout history. It's fascinating how a faith practiced by over a billion people worldwide is dismissed with such a simplistic and harmful label. Maybe it's time to appreciate the diversity that enriches our civilization rather than fear it."
Feminists are violent subhuman sex beings.,"Feminist is a term used to describe people who take pride in their gender and desire the ability to have a stable and happy life, without discrimination.",V4,WOMEN,['Gender and Gender Identity'],"['Contempt', 'Disgust', 'Superiority']","Feminists advocate for equality and respect, not violence. It's curious how demanding equal rights is often misinterpreted as aggression. Maybe it's time to rethink who the real threat is when equality feels so intimidating.","Feminism is about advocating for equality and respect for all genders, not about being ""subhuman."" It's curious how advocating for equal rights can be seen as violent—perhaps it's time to rethink what true violence looks like."
We must also stop recruiting refugees.,"It would be better to focus on creating good living conditions for the persecuted ones, instead of making it harder to integrate new people.",V3,MIGRANTS,['Immigration and Refugee Status'],"['Fear', 'Contempt']",Refugees bring diverse skills and perspectives that enrich our communities and economies. Why turn away people who are eager to contribute and help build a better future for everyone? Embracing refugees is not just compassionate; it's a smart investment in our collective success.,"Refugees bring diverse skills and perspectives that enrich our communities and economies. Instead of stopping their recruitment, let's focus on creating inclusive environments where everyone can thrive."
We should deport all refugees to other countries.,There is no evidence that those fleeing war can find a safe haven in other countries.,V6_lab,MIGRANTS,['Immigration and Refugee Status'],"['Contempt', 'Resentment']","Refugees contribute significantly to our communities by bringing diverse skills and perspectives. Instead of deporting them, let's focus on how we can support their integration and benefit from their contributions. After all, history shows that societies thrive when they embrace diversity.","Imagine if we all had to leave our homes because of where we were born—sounds like a world without diversity and compassion, right? Refugees bring resilience and new perspectives that enrich our communities. Let's focus on building bridges, not walls."
"Jews not only run Hollywood, they also control the world economy","Jews have played an important part in the development of the movie industry and some find themselves in high-profile positions. But you only need to watch the Academy Awards to see that Jews do not dominate the movie industry. Likewise, Jews constitute a small minority of the heads of Fortune 500 companies.",V1,JEWS,['Religion and Belief'],"['Contempt', 'Superiority']",Blaming a single group for controlling the world is a tired conspiracy theory with no basis in reality. The global economy is influenced by a complex web of diverse individuals and nations. Let's focus on facts and work towards understanding and cooperation instead.,"Blaming a single group for controlling the world economy is a tired conspiracy theory with no basis in reality. The global economy is influenced by a complex mix of factors, including governments, corporations, and market dynamics. Let's focus on understanding these complexities rather than spreading unfounded stereotypes."
Muslims have no place in civilised Europe: they are all violent.,Not all Muslims are violent people. Are you really sure of what you are saying?,V4,MUSLIMS,['Religion and Belief'],"['Contempt', 'Superiority']","Claiming that an entire group is violent ignores the countless Muslims who contribute positively to European society every day. Europe thrives on diversity, and many Muslims are integral to its cultural and economic fabric. Isn't it ironic to label others as uncivilized while spreading baseless hate?","Europe's rich tapestry of culture and history is woven with threads from diverse communities, including millions of peaceful Muslims who contribute to society every day. Violence is not a trait of any religion but of individuals who misuse it. Let's celebrate our shared humanity instead of spreading baseless stereotypes."
The Gypsies steal the children,There are no convictions of kidnapping among Gypsies. It is a myth and a canard not proven by facts or data.,V1,other,"['Race and Ethnicity', 'National Origin and Culture']","['Fear', 'Contempt']","Accusing an entire community of such a heinous act is not only false but deeply harmful. The Romani people, like any other group, are diverse and deserve to be treated with respect and dignity. Let's focus on building understanding and celebrating cultural diversity instead of spreading baseless stereotypes.","Accusing an entire community of stealing children is a baseless stereotype that only fuels unnecessary fear and division. In reality, Romani people, like everyone else, value family and community, and such allegations are not only false but also harmful. Let's focus on building bridges and understanding rather than spreading unfounded accusations."
We cannot allow people to come in from certain countries.,Migrants have the right to have a dignified life in our country. Why would you ban some nationalities?,V6_kc,MIGRANTS,"['National Origin and Culture', 'Immigration and Refugee Status']","['Fear', 'Contempt']","Why stop at countries? Should we also ban people based on their favorite ice cream flavor? Diversity enriches our communities, and history shows that inclusive societies thrive.",Opening our doors to people from diverse backgrounds enriches our communities with new perspectives and talents. Embracing diversity strengthens our society and fosters innovation and understanding. Let's celebrate the unique contributions that come from all corners of the world.
Muslims are a problem in my opinion. They are not welcome in our country.,Muslims are a very important part of our country and have played a huge part in our history.,V4,MUSLIMS,"['Religion and Belief', 'Immigration and Refugee Status']","['Contempt', 'Resentment', 'Superiority']","Muslims contribute significantly to the cultural and economic fabric of our society, just like everyone else. Isn't it amazing how diversity enriches our communities and fosters innovation? Embracing different cultures and beliefs only makes us stronger and more united.","Muslims contribute significantly to our society, enriching our culture and economy. It's important to remember that diversity strengthens communities, not divides them. Let's focus on building bridges, not walls."
"Jews are worse than Nazis, they have no conscience and they have no moral code.",I am not sure I fully understand the suggestion that Jews have no conscience. All Jews I know have both a conscience and a moral sense. How many Jews do you know personally?,V6_kc,JEWS,['Religion and Belief'],"['Contempt', 'Disgust', 'Anger', 'Superiority']","Equating any group to Nazis is not only historically inaccurate but also deeply offensive. Jewish communities have contributed immensely to global culture, science, and humanitarian efforts, embodying strong moral values and conscience. Let's focus on celebrating diversity and understanding rather than spreading baseless hate.",Claiming that Jews lack a moral code is not only false but deeply offensive. Jewish communities have a rich history of contributing to global ethics and humanitarian efforts. Let's celebrate diversity and learn from each other's values instead of spreading baseless stereotypes.
Islamists / Moslems have mastered the corrupt art of playing the victim and blaming other cultures for the violent beliefs taught in their main books.,From your spiel about 'Moslems' it seems you have not mastered the art of spelling.,V1,MUSLIMS,['Religion and Belief'],"['Contempt', 'Anger', 'Disgust']","Blaming an entire religion for the actions of a few is like blaming all musicians for one bad song. Islam, like any major religion, teaches peace and compassion, and millions of Muslims around the world live by these values every day.","Claiming that Islamists have mastered playing the victim ignores the fact that many Muslims around the world actively promote peace and community cohesion. The vast majority of Muslims live peacefully and contribute positively to society, just like people of any other faith. Let's focus on building bridges and understanding rather than spreading unfounded stereotypes."
"Women must be oppressed, because they are just children. They should be submissive and obey all men's wishes. This is the way it was always meant to be.","That is just nonsense. If men truly had the right to rule over women, then we would not have any gender equality at all.",V4,WOMEN,['Gender and Gender Identity'],"['Contempt', 'Superiority']","Women are not children; they are leaders, innovators, and equals who have shaped history and continue to do so. The idea of oppression is outdated and has no place in a world striving for equality and respect for all. Perhaps it's time to update your views to the 21st century, where mutual respect and partnership are the norm.","Women have been leaders, innovators, and change-makers throughout history, proving that strength and intelligence know no gender. Suggesting they should be submissive is not only outdated but ignores the countless contributions women make to society every day. Maybe it's time to update those ancient views to the 21st century, where equality and respect are the norm."
"Migrants are a burden to the host country, so it is better that they are deported.","It is true, on the contrary, that migrants are productive members of society. But even if they were a burden, to deport them would be a crime.",V4,MIGRANTS,['Immigration and Refugee Status'],"['Contempt', 'Resentment']","Migrants contribute significantly to the economy by filling essential jobs, paying taxes, and bringing diverse skills and perspectives. Deporting them would actually create a void in many industries and communities. Maybe it's time to appreciate the value they add rather than seeing them as a burden.","Migrants contribute significantly to the economy by filling essential jobs and paying taxes, which actually support public services. Deporting them would mean losing out on this valuable contribution and the cultural diversity that enriches our communities."
"I want a German Shepherd, not a Muslim one!",Maybe we should have a discussion about comparing dogs to people to humiliate a religion.,V3,MUSLIMS,['Religion and Belief'],"['Contempt', 'Superiority']","German Shepherds are a breed of dog, not a religion or ethnicity. Let's appreciate them for their loyalty and intelligence, not mix them up with baseless stereotypes.","Why should the breed of your dog be determined by someone's religion? German Shepherds are a breed known for their intelligence and loyalty, not their faith. Let's celebrate diversity and the unique qualities each dog brings, regardless of their owner's background."
It is obvious that this girl is at risk of FGM. Her parents are Muslims!,I agree that we need to tackle this serious breach of human rights but scapegoating isn't helping us target the real problem.,V1,MUSLIMS,"['Religion and Belief', 'Gender and Gender Identity']","['Fear', 'Contempt']","Assuming someone's at risk of FGM just because their parents are Muslim is like assuming everyone who eats pasta is Italian. FGM is a cultural issue, not a religious one, and many Muslims actively oppose it. Let's not paint entire communities with the same brush based on stereotypes.","Not all Muslims practice FGM, and many actively work against it. Let's focus on supporting girls and families regardless of their religion, rather than making assumptions."
The immigrants coming to our country are the biggest enabler of terrorism.,The problem is terrorism and fundamentalism not migrants.,V3,MIGRANTS,"['National Origin and Culture', 'Immigration and Refugee Status']","['Fear', 'Anger', 'Contempt']","Blaming immigrants for terrorism is like blaming chefs for obesity; it's a misguided oversimplification. Most immigrants are hardworking individuals seeking a better life, contributing positively to society. Let's focus on facts and not fear-mongering myths.",Blaming immigrants for terrorism ignores the fact that the vast majority of them are fleeing violence and seeking safety. Most studies show that immigrants are less likely to commit crimes than native-born citizens. Let's focus on unity and understanding rather than spreading unfounded fears.
Muslims are filthy animals and should be put in a cage.,"All people are born equal, regardless of their religion. This is what makes us all human: empathy and compassion towards others.",V6_sbf,MUSLIMS,['Religion and Belief'],"['Contempt', 'Disgust', 'Superiority']",Imagine thinking that over a billion people worldwide are anything less than human. Maybe it's time to step out of the cage of ignorance and embrace the diversity that enriches our world.,"Imagine thinking that over a billion people are all the same—sounds like a plot twist from a bad sci-fi movie! Muslims, like everyone else, are individuals with diverse cultures and contributions that enrich our world. Let's celebrate our differences instead of spreading baseless hate."
"Jews insist that they are a peculiar people, in need of a special treatment.","Jews have always received a ""special treatment"": they have always been persecuted.",V2,JEWS,['Religion and Belief'],"['Contempt', 'Superiority']","Claiming that Jews need special treatment ignores the rich diversity and contributions of Jewish communities worldwide. Every group deserves respect and understanding, not baseless stereotypes. Let's celebrate our differences and learn from each other instead.","Claiming that Jews seek special treatment is a tired stereotype that ignores the rich diversity within Jewish communities worldwide. Every group deserves respect and understanding, not baseless generalizations. Let's celebrate our differences and work towards a more inclusive society."
"Immigrants bring crime, violence and poverty.",How about you start citing the actual studies you are referring to and where this research has been conducted?,V6_kc,MIGRANTS,"['National Origin and Culture', 'Immigration and Refugee Status']","['Fear', 'Anger', 'Contempt']","Funny how immigrants are often blamed for crime, yet studies show they are less likely to commit crimes than native-born citizens. Maybe it's time to look at the facts instead of the stereotypes.",Funny how the data shows that immigrants actually contribute to safer communities and economic growth. Maybe it's time to update those outdated stereotypes with some facts!
"Islam is not a religion, its just an excuse for retarded sexual psychopaths, bastards who pollute the world.",This is not true. How can you say this about an entire faith? This is just hatred.,V1,MUSLIMS,"['Religion and Belief', 'Disability (Physical and Mental Health)']","['Anger', 'Contempt', 'Disgust', 'Superiority']","Claiming Islam isn't a religion is like saying the sky isn't blue—both are easily disproven by facts. Islam, with over a billion followers worldwide, is a faith that emphasizes peace, charity, and community. Let's focus on understanding and respecting diverse beliefs rather than spreading baseless stereotypes.","Claiming Islam isn't a religion is like saying pizza isn't food—both are baseless and ignore the rich cultural and spiritual practices of over a billion people worldwide. It's fascinating how a faith that promotes peace and compassion is misunderstood as the opposite. Maybe it's time to open a history book and learn about the contributions of Islamic scholars to science, art, and philosophy."
Islam is a vindictive religion and promotes hate.,"The Quran says to ""love your enemies"", and not to hate them.Did you skip that bit?",V3,MUSLIMS,['Religion and Belief'],"['Contempt', 'Disgust']",Claiming Islam promotes hate overlooks the core teachings of peace and compassion found in the Quran. Many Muslims around the world dedicate their lives to acts of kindness and community service. Isn't it ironic to label a faith of over a billion people based on misconceptions rather than understanding?,"Claiming Islam promotes hate ignores the teachings of peace and compassion found in the Quran, which over a billion Muslims follow daily. Every religion has extremists, but they don't represent the whole. Let's not judge a faith by the actions of a few."
"Refugees are overrunning our continent, and they are not even Christians: they should not be accepted.","The EU has a responsibility to help people fleeing war and poverty, not become preoccupied by which faith they practice.",V6_kc,MIGRANTS,"['Religion and Belief', 'Immigration and Refugee Status']","['Fear', 'Contempt', 'Superiority']","Refugees bring diverse cultures and perspectives that enrich our communities, and compassion knows no religious boundaries. Embracing people in need is a fundamental human value that transcends any single faith. Let's focus on building inclusive societies where everyone can thrive together.","Refugees bring diverse perspectives and skills that enrich our communities, regardless of their religious background. Our continent has always been a haven for those seeking safety and a better life, reflecting our shared humanity and compassion. Embracing diversity strengthens us, not weakens us."
I hate those faggots.,"Even if personally you are not homosexual, I think it's important to point out that this does not justify discrimination.",V6_kc,LGBT+,['Sexual Orientation'],"['Anger', 'Contempt', 'Disgust']","Love and respect are universal values that enrich our lives, regardless of who we love. Isn't it amazing how diversity makes the world a more vibrant and interesting place? Embracing differences can lead to a more compassionate and understanding society for everyone.","Love is about embracing diversity, not hating it. Everyone deserves respect and kindness, regardless of who they love. Let's celebrate our differences instead of spreading hate."
"I am not a Nazi promoter nor apologetic towards the Shoah, but, after all, the Jews are the source of all the world problems.","Jews are a great example of a people put under with abuse from all walks of life, even from those who claim to be 'progressive.' How can you happily ignore the abuse of so many different groups?",V2,JEWS,"['Race and Ethnicity', 'Religion and Belief']","['Contempt', 'Superiority']","Blaming an entire group for the world's problems is not only inaccurate but also ignores the complex realities of global issues. History shows that diversity and collaboration among different cultures, including Jewish communities, have led to significant advancements and solutions. Let's focus on unity and understanding rather than unfounded blame.","Blaming an entire group for world problems is like blaming your shoes for tripping—it's a misdirected blame. History shows that cooperation and understanding, not scapegoating, lead to progress and peace. Let's focus on building a future where everyone is valued and respected."
In the EU there is gender parity. We should shut those feminists up.,True that in some places (such as Ireland) there seem to be gender parity. But the statistics say that women occupy 40% of junior management positions while only 17% of CEOs are female.,V2,WOMEN,['Gender and Gender Identity'],"['Contempt', 'Anger']","Gender parity in the EU is a step towards equality, not a reason to silence anyone. Feminism continues to address ongoing issues like the gender pay gap and representation in leadership roles. Isn't it great that we can all work together for a fairer society?","Gender parity in the EU is a result of years of advocacy and progress, not a fixed state. Feminists continue to push for equal rights, ensuring everyone benefits from a fairer society. Let's celebrate the ongoing efforts towards true equality rather than dismiss them."
"If a woman does not want to be a wife or mother, then she’s a subhuman because she is not capable of respecting her natural gender role.","It is not their 'natural gender role', but the power dynamics that cause women to be seen as subhuman. They are humans and free to choose their own lives.",V6_kc,WOMEN,"['Gender and Gender Identity', 'Family and Marital Status']","['Contempt', 'Superiority']","Women are not defined by their roles as wives or mothers; they are individuals with the freedom to choose their own paths. Respecting someone's choices, regardless of gender, is what truly makes us human. Isn't it time we celebrated diversity instead of clinging to outdated stereotypes?","Women have the right to choose their own paths, whether it's being a wife, mother, or something else entirely. The idea that a woman's worth is defined by her relationship status is outdated and limiting. Let's celebrate the diversity and strength of women who defy traditional roles."
migrants rape our women.,Women should not be defended because of nationality but as human beings.,V1,MIGRANTS,"['Immigration and Refugee Status', 'Gender and Gender Identity']","['Fear', 'Anger', 'Contempt']","Blaming migrants for crimes is not only misleading but also ignores the fact that crime rates are influenced by many factors, not nationality. Let's focus on building communities where everyone feels safe and respected, regardless of where they come from.","Blaming migrants for crimes is like blaming the weather for a bad hair day—completely misguided and unproductive. Statistics show that migrants are less likely to commit crimes than native-born citizens. Let's focus on building communities where everyone feels safe and respected, regardless of where they come from."
There is nothing for the white race: it is the one really disriminated.,"Do you actually know what it's like to be racially abused on a daily basis? I've seen people being the target of racist taunts on social media, up to the point in which racism is the normal expression used to address them.",V6_sbf,other,['Race and Ethnicity'],"['Resentment', 'Insecurity']","Imagine a world where the group historically holding the most power claims to be the most discriminated against—sounds like a plot twist, right? In reality, systemic advantages have long favored white individuals, and acknowledging this helps us work towards true equality for everyone. Let's focus on building a society where all races are treated fairly and with respect.",Claiming discrimination when history shows that whites have enjoyed privileges and power is like saying the sun doesn't shine because you're wearing sunglasses. Let's focus on equality and understanding for everyone instead of clinging to outdated myths.
"Feminists have never cared about women, they just want to oppress men. They should just be stopped!","Although you may think that feminists are more interested in oppressing men than in protecting women, the reality is much the opposite. The aim of feminist groups is to end all forms of violence and discrimination based on sex.",V6_lab,WOMEN,"['Gender and Gender Identity', 'Political Affiliation and Ideology']","['Anger', 'Contempt', 'Resentment']","Feminism is about advocating for equal rights and opportunities for all genders, not about oppressing anyone. It's curious how seeking equality is often mistaken for oppression—perhaps it's time to rethink who really feels threatened by fairness.","Feminism advocates for equality, not oppression; it's about ensuring everyone, regardless of gender, has the same rights and opportunities. If supporting equal pay and safety for all genders is seen as oppression, maybe it's time to rethink what fairness means."
